observation_date,news_sentiment
1980-01-01,-0.03784286603331566
1980-01-02,-0.10648995637893677
1980-01-03,-0.08926145732402802
1980-01-05,-0.06691277772188187
1980-01-06,-0.08872881531715393
1980-01-07,-0.12680859863758087
1980-01-08,-0.19577698409557343
1980-01-09,-0.2187621295452118
1980-01-10,-0.20167037844657898
1980-01-11,-0.22185617685317993
1980-01-12,-0.20196187496185303
1980-01-13,-0.1765371710062027
1980-01-14,-0.1562330424785614
1980-01-15,-0.15126319229602814
1980-01-16,-0.11771262437105179
1980-01-17,-0.11788581311702728
1980-01-18,-0.13789701461791992
1980-01-19,-0.1510256975889206
1980-01-20,-0.1674230694770813
1980-01-22,-0.15553782880306244
1980-01-24,-0.15545454621315002
1980-01-25,-0.23465599119663239
1980-01-26,-0.21525993943214417
1980-01-27,-0.2061920464038849
1980-01-29,-0.22154897451400757
1980-01-30,-0.24449113011360168
1980-01-31,-0.2613573670387268
1980-02-02,-0.2472534030675888
1980-02-03,-0.24813613295555115
1980-02-04,-0.2490086704492569
1980-02-05,-0.2587110102176666
1980-02-06,-0.28765174746513367
1980-02-07,-0.28181377053260803
1980-02-08,-0.274049311876297
1980-02-09,-0.2554308772087097
1980-02-10,-0.24547934532165527
1980-02-12,-0.26229456067085266
1980-02-13,-0.245985209941864
1980-02-14,-0.2551208436489105
1980-02-15,-0.24709837138652802
1980-02-16,-0.23408743739128113
1980-02-17,-0.22997190058231354
1980-02-19,-0.21817907691001892
1980-02-20,-0.2137993574142456
1980-02-21,-0.18226812779903412
1980-02-22,-0.20750786364078522
1980-02-23,-0.20917896926403046
1980-02-24,-0.2162671685218811
1980-02-25,-0.1990928053855896
1980-02-26,-0.18836525082588196
1980-02-27,-0.16387560963630676
1980-02-28,-0.15186426043510437
1980-03-02,-0.19198077917099
1980-03-03,-0.22739888727664948
1980-03-04,-0.2720785439014435
1980-03-05,-0.2821457087993622
1980-03-06,-0.29216358065605164
1980-03-07,-0.282746285200119
1980-03-08,-0.28672856092453003
1980-03-09,-0.3109494745731354
1980-03-10,-0.3431236147880554
1980-03-11,-0.33952823281288147
1980-03-12,-0.3460574150085449
1980-03-13,-0.35217374563217163
1980-03-14,-0.3280641734600067
1980-03-15,-0.33650660514831543
1980-03-16,-0.3554013669490814
1980-03-18,-0.3508843183517456
1980-03-19,-0.3656812012195587
1980-03-20,-0.36876460909843445
1980-03-21,-0.37157273292541504
1980-03-22,-0.34457677602767944
1980-03-23,-0.37128132581710815
1980-03-24,-0.3320198059082031
1980-03-25,-0.3553922474384308
1980-03-26,-0.373656690120697
1980-03-27,-0.3917543590068817
1980-03-28,-0.39948153495788574
1980-03-29,-0.36611154675483704
1980-03-30,-0.3717378079891205
1980-03-31,-0.3961263597011566
1980-04-01,-0.3919801115989685
1980-04-02,-0.3919481933116913
1980-04-03,-0.3218485414981842
1980-04-04,-0.3368218243122101
1980-04-05,-0.31039130687713623
1980-04-06,-0.33357948064804077
1980-04-07,-0.44075167179107666
1980-04-08,-0.47128280997276306
1980-04-09,-0.5515350699424744
1980-04-10,-0.5744339823722839
1980-04-11,-0.569747269153595
1980-04-12,-0.48998281359672546
1980-04-13,-0.5181951522827148
1980-04-15,-0.5356793403625488
1980-04-16,-0.5316480994224548
1980-04-17,-0.5400700569152832
1980-04-18,-0.5404758453369141
1980-04-19,-0.5968366265296936
1980-04-20,-0.5965437293052673
1980-04-21,-0.5909684300422668
1980-04-22,-0.5980033874511719
1980-04-23,-0.5661883354187012
1980-04-24,-0.563521683216095
1980-04-25,-0.5916404724121094
1980-04-26,-0.534773588180542
1980-04-27,-0.5155466198921204
1980-04-28,-0.5111671686172485
1980-04-30,-0.5338364243507385
1980-05-01,-0.5861143469810486
1980-05-02,-0.5939117670059204
1980-05-03,-0.605904757976532
1980-05-04,-0.6357985138893127
1980-05-05,-0.6314095258712769
1980-05-06,-0.6643982529640198
1980-05-07,-0.6486561894416809
1980-05-08,-0.6623726487159729
1980-05-09,-0.6483484506607056
1980-05-10,-0.6260999441146851
1980-05-11,-0.6345627903938293
1980-05-12,-0.5886353850364685
1980-05-13,-0.5626168251037598
1980-05-14,-0.5778204202651978
1980-05-15,-0.5552306771278381
1980-05-16,-0.5430837273597717
1980-05-17,-0.5893740057945251
1980-05-18,-0.6001638770103455
1980-05-19,-0.5867906808853149
1980-05-21,-0.6223222017288208
1980-05-22,-0.62181556224823
1980-05-23,-0.6163827180862427
1980-05-24,-0.6034979224205017
1980-05-25,-0.6129451394081116
1980-05-26,-0.6552254557609558
1980-05-27,-0.678432822227478
1980-05-29,-0.6913855671882629
1980-05-30,-0.6957347393035889
1980-05-31,-0.7125228643417358
1980-06-01,-0.6938396096229553
1980-06-02,-0.6778256893157959
1980-06-03,-0.5922253131866455
1980-06-04,-0.6016536355018616
1980-06-05,-0.622735321521759
1980-06-06,-0.6733155250549316
1980-06-07,-0.6974292397499084
1980-06-08,-0.6853879690170288
1980-06-09,-0.6944909691810608
1980-06-10,-0.684380054473877
1980-06-11,-0.6864410638809204
1980-06-12,-0.6965612173080444
1980-06-13,-0.6821178793907166
1980-06-14,-0.6523563861846924
1980-06-15,-0.6602933406829834
1980-06-16,-0.6417844891548157
1980-06-17,-0.6519441604614258
1980-06-18,-0.6455631256103516
1980-06-19,-0.6331942081451416
1980-06-20,-0.6019441485404968
1980-06-21,-0.5859058499336243
1980-06-22,-0.5881760716438293
1980-06-23,-0.5634186863899231
1980-06-24,-0.5739865899085999
1980-06-25,-0.5614457130432129
1980-06-26,-0.5595954656600952
1980-06-27,-0.5508636832237244
1980-06-28,-0.531025767326355
1980-06-29,-0.5260534286499023
1980-06-30,-0.49648672342300415
1980-07-01,-0.5085069537162781
1980-07-02,-0.5185971260070801
1980-07-03,-0.5192537307739258
1980-07-04,-0.5316086411476135
1980-07-05,-0.47945988178253174
1980-07-06,-0.45931780338287354
1980-07-07,-0.39252808690071106
1980-07-08,-0.3826453685760498
1980-07-09,-0.3923727869987488
1980-07-10,-0.38605833053588867
1980-07-11,-0.39083132147789
1980-07-12,-0.38755491375923157
1980-07-13,-0.37170636653900146
1980-07-14,-0.33221468329429626
1980-07-15,-0.3670025169849396
1980-07-16,-0.3792349696159363
1980-07-17,-0.41977906227111816
1980-07-18,-0.4172731637954712
1980-07-19,-0.46357235312461853
1980-07-20,-0.4529692530632019
1980-07-21,-0.4078710675239563
1980-07-22,-0.39336949586868286
1980-07-23,-0.38765189051628113
1980-07-24,-0.3904307782649994
1980-07-25,-0.38503825664520264
1980-07-26,-0.3916656970977783
1980-07-27,-0.3947131931781769
1980-07-28,-0.37101730704307556
1980-07-29,-0.37660378217697144
1980-07-30,-0.3594496250152588
1980-07-31,-0.3534553349018097
1980-08-01,-0.34181538224220276
1980-08-02,-0.34281763434410095
1980-08-03,-0.3459235429763794
1980-08-04,-0.3251107633113861
1980-08-05,-0.3031781017780304
1980-08-06,-0.2861535847187042
1980-08-07,-0.28877729177474976
1980-08-08,-0.29766061902046204
1980-08-09,-0.28789323568344116
1980-08-10,-0.2876468598842621
1980-08-11,-0.27132776379585266
1980-08-12,-0.2611880302429199
1980-08-13,-0.2802424728870392
1980-08-14,-0.2951078712940216
1980-08-15,-0.2996708154678345
1980-08-16,-0.28529196977615356
1980-08-17,-0.2742854952812195
1980-08-18,-0.2792395055294037
1980-08-19,-0.28759273886680603
1980-08-20,-0.2769916355609894
1980-08-21,-0.2950674295425415
1980-08-22,-0.3145638108253479
1980-08-23,-0.28745174407958984
1980-08-24,-0.27484551072120667
1980-08-25,-0.2717463970184326
1980-08-26,-0.2500235438346863
1980-08-27,-0.24982480704784393
1980-08-28,-0.2478899508714676
1980-08-29,-0.21508966386318207
1980-08-30,-0.19184407591819763
1980-08-31,-0.2284875214099884
1980-09-02,-0.21033897995948792
1980-09-03,-0.24589407444000244
1980-09-04,-0.2334754765033722
1980-09-05,-0.17114366590976715
1980-09-06,-0.14537738263607025
1980-09-07,-0.13343268632888794
1980-09-08,-0.09636795520782471
1980-09-09,-0.14574187994003296
1980-09-10,-0.13274109363555908
1980-09-11,-0.14837990701198578
1980-09-12,-0.13432207703590393
1980-09-13,-0.15879198908805847
1980-09-14,-0.1628904789686203
1980-09-15,-0.10546854138374329
1980-09-16,-0.08549463003873825
1980-09-17,-0.08903419226408005
1980-09-18,-0.10439805686473846
1980-09-19,-0.0898607075214386
1980-09-20,-0.08707428723573685
1980-09-21,-0.12830030918121338
1980-09-22,-0.12662044167518616
1980-09-23,-0.1501741260290146
1980-09-24,-0.20221520960330963
1980-09-25,-0.19667606055736542
1980-09-26,-0.19606998562812805
1980-09-27,-0.19168247282505035
1980-09-28,-0.205719456076622
1980-09-29,-0.16284571588039398
1980-09-30,-0.14411109685897827
1980-10-01,-0.1284390389919281
1980-10-02,-0.11335413157939911
1980-10-03,-0.1250421404838562
1980-10-04,-0.13753369450569153
1980-10-05,-0.1427653729915619
1980-10-06,-0.0978957787156105
1980-10-07,-0.12407854944467545
1980-10-08,-0.1245587170124054
1980-10-09,-0.14903317391872406
1980-10-10,-0.18760941922664642
1980-10-11,-0.15136590600013733
1980-10-12,-0.15731370449066162
1980-10-13,-0.10214260220527649
1980-10-14,-0.07439406961202621
1980-10-15,-0.08083152770996094
1980-10-16,-0.11361363530158997
1980-10-17,-0.10145368427038193
1980-10-18,-0.10889338701963425
1980-10-19,-0.07043945789337158
1980-10-20,-0.0024111331440508366
1980-10-22,-0.018747426569461823
1980-10-23,-0.034121666103601456
1980-10-24,-0.05428510531783104
1980-10-25,-0.0459427572786808
1980-10-26,-0.04423336684703827
1980-10-27,-0.1078290343284607
1980-10-28,-0.08718134462833405
1980-10-29,-0.08222975581884384
1980-10-30,-0.03925373777747154
1980-10-31,-0.059901248663663864
1980-11-01,-0.015012778341770172
1980-11-02,0.0011479886015877128
1980-11-03,0.005691343918442726
1980-11-04,-0.0729435533285141
1980-11-05,-0.12058254331350327
1980-11-06,-0.07688039541244507
1980-11-07,-0.040156181901693344
1980-11-08,-0.05710452049970627
1980-11-09,-0.0456811860203743
1980-11-10,-0.061440788209438324
1980-11-11,-0.06025506556034088
1980-11-12,-0.06401100009679794
1980-11-13,-0.07412508130073547
1980-11-14,-0.08340238034725189
1980-11-15,-0.09015584737062454
1980-11-16,-0.12174971401691437
1980-11-17,-0.12458259612321854
1980-11-18,-0.10368452966213226
1980-11-19,-0.1001095324754715
1980-11-20,-0.12025970965623856
1980-11-21,-0.1489332914352417
1980-11-22,-0.12976858019828796
1980-11-23,-0.14295722544193268
1980-11-24,-0.13202662765979767
1980-11-25,-0.12164123356342316
1980-11-26,-0.10262494534254074
1980-11-27,-0.08245272189378738
1980-11-28,-0.01876678504049778
1980-11-29,-0.023858781903982162
1980-11-30,-0.04015105217695236
1980-12-01,-0.01979566551744938
1980-12-02,-0.027896299958229065
1980-12-03,-0.04636340215802193
1980-12-04,-0.06047246977686882
1980-12-05,-0.08277535438537598
1980-12-06,-0.1219959706068039
1980-12-08,-0.06990819424390793
1980-12-09,-0.14180977642536163
1980-12-10,-0.13563577830791473
1980-12-11,-0.12416686862707138
1980-12-12,-0.12160906940698624
1980-12-13,-0.12701867520809174
1980-12-14,-0.1380741447210312
1980-12-15,-0.12083421647548676
1980-12-16,-0.14414215087890625
1980-12-17,-0.13650460541248322
1980-12-18,-0.12380147725343704
1980-12-19,-0.11350613832473755
1980-12-20,-0.1187548115849495
1980-12-21,-0.10280836373567581
1980-12-22,-0.08625631034374237
1980-12-23,-0.06463141739368439
1980-12-24,-0.038058385252952576
1980-12-25,-0.004499576985836029
1980-12-26,0.018586596474051476
1980-12-27,0.0425000935792923
1980-12-28,-0.004384262952953577
1980-12-29,-0.006947552319616079
1980-12-30,-0.040034737437963486
1980-12-31,-0.044308703392744064
1981-01-01,0.0001647634489927441
1981-01-02,-0.0045316182076931
1981-01-03,-0.009999976493418217
1981-01-04,-0.028684351593255997
1981-01-05,-0.047336410731077194
1981-01-06,-0.03161115199327469
1981-01-07,-0.03628058359026909
1981-01-08,-0.019559741020202637
1981-01-09,-0.021059732884168625
1981-01-10,-0.03769355267286301
1981-01-11,-0.04052450507879257
1981-01-12,-0.004623853601515293
1981-01-13,-0.0037926193326711655
1981-01-14,-0.02999374084174633
1981-01-15,-0.025406761094927788
1981-01-16,-0.02132544480264187
1981-01-17,-0.003317832015454769
1981-01-18,0.0037182511296123266
1981-01-19,-0.022465351969003677
1981-01-20,-0.020347733050584793
1981-01-21,-0.002178757917135954
1981-01-22,0.03540746122598648
1981-01-23,0.029740136116743088
1981-01-24,0.0476207472383976
1981-01-25,0.03606235980987549
1981-01-26,0.03780508041381836
1981-01-27,0.05046134814620018
1981-01-28,0.03629099205136299
1981-01-29,0.028572268784046173
1981-01-30,0.02196107804775238
1981-01-31,0.01409128401428461
1981-02-01,0.016357578337192535
1981-02-02,0.027446698397397995
1981-02-03,0.0597124882042408
1981-02-04,0.08094104379415512
1981-02-05,0.08075043559074402
1981-02-06,0.0872393324971199
1981-02-07,0.07382842898368835
1981-02-08,0.07580431550741196
1981-02-09,0.07318178564310074
1981-02-10,0.049523353576660156
1981-02-11,0.0745396688580513
1981-02-12,0.04411592334508896
1981-02-13,0.0403493195772171
1981-02-14,0.044528622180223465
1981-02-15,0.029857773333787918
1981-02-16,0.015158431604504585
1981-02-17,0.019276659935712814
1981-02-18,0.0012507739011198282
1981-02-19,0.015565002337098122
1981-02-20,0.03129703179001808
1981-02-21,0.014636927284300327
1981-02-22,0.018595434725284576
1981-02-23,0.00043383537558838725
1981-02-24,-0.01004666369408369
1981-02-25,-0.0176255963742733
1981-02-26,-0.01683664508163929
1981-02-27,-0.019269529730081558
1981-02-28,-0.01771083101630211
1981-03-01,-0.026605620980262756
1981-03-02,-0.02099744603037834
1981-03-03,-0.025930864736437798
1981-03-04,-0.005025024991482496
1981-03-05,0.0006336905062198639
1981-03-06,-0.023790549486875534
1981-03-07,-0.045246683061122894
1981-03-08,-0.04929845407605171
1981-03-09,-0.04498451203107834
1981-03-10,-0.05229616537690163
1981-03-11,-0.05685010552406311
1981-03-12,-0.07007058709859848
1981-03-13,-0.06663729250431061
1981-03-14,-0.07888862490653992
1981-03-15,-0.07693678140640259
1981-03-16,-0.07807011902332306
1981-03-17,-0.08309352397918701
1981-03-18,-0.08523383736610413
1981-03-19,-0.0911283940076828
1981-03-20,-0.07911895960569382
1981-03-21,-0.06517811119556427
1981-03-22,-0.05644745007157326
1981-03-23,-0.03681350126862526
1981-03-24,-0.028540045022964478
1981-03-25,-0.0347861722111702
1981-03-26,-0.033866360783576965
1981-03-27,-0.03955552726984024
1981-03-28,-0.043708447366952896
1981-03-29,-0.03508517146110535
1981-03-30,-0.0455753430724144
1981-03-31,-0.029819218441843987
1981-04-01,-0.04153710603713989
1981-04-02,-0.05285671725869179
1981-04-03,-0.07650774717330933
1981-04-04,-0.09223108738660812
1981-04-05,-0.09375191479921341
1981-04-06,-0.09738694131374359
1981-04-07,-0.08123727142810822
1981-04-08,-0.099988654255867
1981-04-09,-0.09456326067447662
1981-04-10,-0.08429660648107529
1981-04-11,-0.07800674438476562
1981-04-12,-0.07707379013299942
1981-04-13,-0.07227031141519547
1981-04-14,-0.05702311918139458
1981-04-15,-0.09117433428764343
1981-04-16,-0.07256738841533661
1981-04-17,-0.06292327493429184
1981-04-18,-0.05852615833282471
1981-04-19,-0.06326128542423248
1981-04-20,-0.04887254908680916
1981-04-21,-0.06278353929519653
1981-04-22,-0.05914187803864479
1981-04-23,-0.050472602248191833
1981-04-24,-0.03307240083813667
1981-04-25,-0.011865527369081974
1981-04-26,-0.04168013483285904
1981-04-27,-0.02904314361512661
1981-04-28,-0.034877557307481766
1981-04-29,-0.016276409849524498
1981-04-30,-0.011431964114308357
1981-05-01,0.0002882228291127831
1981-05-02,0.01208493486046791
1981-05-03,0.0147615447640419
1981-05-04,-0.0010449899127706885
1981-05-05,0.015383592806756496
1981-05-06,0.03746442496776581
1981-05-07,0.0185165423899889
1981-05-08,0.03622627630829811
1981-05-09,0.03479020297527313
1981-05-10,0.03084447607398033
1981-05-11,0.0421748086810112
1981-05-12,0.0494050458073616
1981-05-13,0.04519248753786087
1981-05-14,0.036964479833841324
1981-05-15,0.03582967817783356
1981-05-16,0.036554478108882904
1981-05-17,0.03875689581036568
1981-05-18,0.03762596845626831
1981-05-19,0.04085654765367508
1981-05-20,0.056056808680295944
1981-05-21,0.06875155866146088
1981-05-22,0.07802113890647888
1981-05-23,0.0756378173828125
1981-05-24,0.08262353390455246
1981-05-25,0.10068423300981522
1981-05-26,0.12659047544002533
1981-05-27,0.09197341650724411
1981-05-28,0.10267835855484009
1981-05-29,0.10482046753168106
1981-05-30,0.09755709022283554
1981-05-31,0.10591178387403488
1981-06-01,0.12577006220817566
1981-06-02,0.12007666379213333
1981-06-03,0.10791739821434021
1981-06-04,0.11865632236003876
1981-06-05,0.13577254116535187
1981-06-06,0.13727021217346191
1981-06-07,0.1435132622718811
1981-06-08,0.1757330745458603
1981-06-09,0.1625668853521347
1981-06-10,0.15638232231140137
1981-06-11,0.15679755806922913
1981-06-12,0.15507304668426514
1981-06-13,0.13550487160682678
1981-06-14,0.1301167756319046
1981-06-15,0.10155966877937317
1981-06-16,0.07415679097175598
1981-06-17,0.08541551977396011
1981-06-18,0.08705630898475647
1981-06-19,0.08641456067562103
1981-06-20,0.10306055843830109
1981-06-21,0.08487198501825333
1981-06-22,0.07423222064971924
1981-06-23,0.07394351810216904
1981-06-24,0.05993688479065895
1981-06-25,0.07224275171756744
1981-06-26,0.08337666094303131
1981-06-27,0.0881071612238884
1981-06-28,0.09504833072423935
1981-06-29,0.11874102801084518
1981-06-30,0.11973217874765396
1981-07-01,0.12107319384813309
1981-07-02,0.1199670135974884
1981-07-03,0.09882137924432755
1981-07-04,0.0669550970196724
1981-07-05,0.062024906277656555
1981-07-06,0.04695893079042435
1981-07-07,0.04256344959139824
1981-07-08,0.047017019242048264
1981-07-09,0.025053437799215317
1981-07-10,0.024735460057854652
1981-07-11,0.019692091271281242
1981-07-12,0.00890613067895174
1981-07-13,-0.005073955282568932
1981-07-14,0.004785841330885887
1981-07-15,0.0021542527247220278
1981-07-16,-0.006315790582448244
1981-07-17,0.00038458540802821517
1981-07-18,0.0006213121814653277
1981-07-19,-0.02702971361577511
1981-07-20,-0.019704574719071388
1981-07-21,-0.02584018185734749
1981-07-22,-0.012043251655995846
1981-07-23,-0.020334362983703613
1981-07-24,-0.012349993921816349
1981-07-25,0.024609925225377083
1981-07-26,0.030042054131627083
1981-07-27,0.05449520796537399
1981-07-28,0.074956513941288
1981-07-29,0.08685232698917389
1981-07-30,0.10586073994636536
1981-07-31,0.125875324010849
1981-08-01,0.14182373881340027
1981-08-02,0.1415727138519287
1981-08-03,0.1385539472103119
1981-08-04,0.13311734795570374
1981-08-05,0.1299826055765152
1981-08-06,0.11131888628005981
1981-08-07,0.10929513722658157
1981-08-08,0.09051176905632019
1981-08-09,0.07316885143518448
1981-08-10,0.10487263649702072
1981-08-11,0.07951924204826355
1981-08-12,0.08569923043251038
1981-08-13,0.0724700391292572
1981-08-14,0.07250810414552689
1981-08-15,0.08468060940504074
1981-08-16,0.08977463096380234
1981-08-17,0.10488072037696838
1981-08-18,0.007761175744235516
1981-08-19,0.00856004562228918
1981-08-20,0.0021858327090740204
1981-08-21,-0.0033204038627445698
1981-08-22,-0.0023754776921123266
1981-08-23,0.013847553171217442
1981-08-24,0.02259872481226921
1981-08-25,-0.02349713444709778
1981-08-26,-0.013882788829505444
1981-08-27,0.003708863165229559
1981-08-28,0.005019861739128828
1981-08-29,0.00815847609192133
1981-08-30,0.018875835463404655
1981-08-31,0.010292661376297474
1981-09-01,-0.010095406323671341
1981-09-02,-0.011840548366308212
1981-09-03,-0.011345683597028255
1981-09-04,0.019216781482100487
1981-09-05,-0.006468071602284908
1981-09-06,-0.0038516984786838293
1981-09-07,-0.014029108919203281
1981-09-08,0.007499282248318195
1981-09-09,0.00801186915487051
1981-09-10,0.008030698634684086
1981-09-11,-0.00827009417116642
1981-09-12,-0.027408938854932785
1981-09-13,-0.04583213850855827
1981-09-14,-0.06863933056592941
1981-09-15,-0.06779645383358002
1981-09-16,-0.06878463178873062
1981-09-17,-0.07126840204000473
1981-09-18,-0.05388084053993225
1981-09-19,-0.06785650551319122
1981-09-20,-0.07454776763916016
1981-09-21,-0.08369453251361847
1981-09-22,-0.07851900905370712
1981-09-23,-0.08742254972457886
1981-09-24,-0.08446314930915833
1981-09-25,-0.08830811828374863
1981-09-26,-0.08116891980171204
1981-09-27,-0.0819486603140831
1981-09-28,-0.09889336675405502
1981-09-29,-0.11703021824359894
1981-09-30,-0.11584585905075073
1981-10-01,-0.1171540766954422
1981-10-02,-0.1243956983089447
1981-10-03,-0.13181735575199127
1981-10-04,-0.14752881228923798
1981-10-05,-0.11209168285131454
1981-10-06,-0.13194161653518677
1981-10-07,-0.14738748967647552
1981-10-08,-0.13562841713428497
1981-10-09,-0.1770928055047989
1981-10-10,-0.15856245160102844
1981-10-11,-0.16287347674369812
1981-10-12,-0.15351265668869019
1981-10-13,-0.17969295382499695
1981-10-14,-0.1725579798221588
1981-10-15,-0.1746225208044052
1981-10-16,-0.18024548888206482
1981-10-17,-0.18542341887950897
1981-10-18,-0.17306376993656158
1981-10-19,-0.16811996698379517
1981-10-20,-0.18250153958797455
1981-10-21,-0.17813482880592346
1981-10-22,-0.1930207908153534
1981-10-23,-0.19360053539276123
1981-10-24,-0.17094996571540833
1981-10-25,-0.16660016775131226
1981-10-26,-0.15560674667358398
1981-10-27,-0.13207696378231049
1981-10-28,-0.13290727138519287
1981-10-29,-0.13805967569351196
1981-10-30,-0.13039244711399078
1981-10-31,-0.12368882447481155
1981-11-01,-0.09079403430223465
1981-11-02,-0.05692881718277931
1981-11-03,-0.07151326537132263
1981-11-04,-0.08227229118347168
1981-11-05,-0.09627757966518402
1981-11-06,-0.10782545059919357
1981-11-07,-0.12429390847682953
1981-11-08,-0.13174404203891754
1981-11-09,-0.14140427112579346
1981-11-10,-0.15104441344738007
1981-11-11,-0.16951289772987366
1981-11-12,-0.19211430847644806
1981-11-13,-0.17399795353412628
1981-11-14,-0.17502231895923615
1981-11-15,-0.19700948894023895
1981-11-16,-0.21346823871135712
1981-11-17,-0.209684357047081
1981-11-18,-0.2140325903892517
1981-11-19,-0.20871186256408691
1981-11-20,-0.19757221639156342
1981-11-21,-0.15803313255310059
1981-11-22,-0.16572128236293793
1981-11-23,-0.1652469038963318
1981-11-24,-0.18952080607414246
1981-11-25,-0.17908695340156555
1981-11-26,-0.17970490455627441
1981-11-27,-0.1597079187631607
1981-11-28,-0.1477067768573761
1981-11-29,-0.10992772877216339
1981-11-30,-0.10020208358764648
1981-12-01,-0.1076611876487732
1981-12-02,-0.11450472474098206
1981-12-03,-0.11637112498283386
1981-12-04,-0.13283376395702362
1981-12-05,-0.1445874720811844
1981-12-06,-0.16023190319538116
1981-12-07,-0.1697879284620285
1981-12-08,-0.1712426245212555
1981-12-09,-0.1787666380405426
1981-12-10,-0.18305210769176483
1981-12-11,-0.18801933526992798
1981-12-12,-0.19406016170978546
1981-12-13,-0.1933687925338745
1981-12-14,-0.1790233999490738
1981-12-15,-0.17191873490810394
1981-12-16,-0.14802640676498413
1981-12-17,-0.18317647278308868
1981-12-18,-0.1740981638431549
1981-12-19,-0.18420261144638062
1981-12-20,-0.19193768501281738
1981-12-21,-0.17973804473876953
1981-12-22,-0.14440949261188507
1981-12-23,-0.1137455478310585
1981-12-24,-0.12572719156742096
1981-12-25,-0.09027336537837982
1981-12-26,-0.10538037866353989
1981-12-27,-0.10330428928136826
1981-12-28,-0.09581789374351501
1981-12-29,-0.09266041219234467
1981-12-30,-0.10321121662855148
1981-12-31,-0.1155749186873436
1982-01-01,-0.122798390686512
1982-01-02,-0.1000177264213562
1982-01-03,-0.07464881241321564
1982-01-04,-0.06588871031999588
1982-01-05,-0.0720726028084755
1982-01-06,-0.09534350782632828
1982-01-07,-0.08512552827596664
1982-01-08,-0.09892221540212631
1982-01-09,-0.13406892120838165
1982-01-10,-0.12506841123104095
1982-01-11,-0.12166839092969894
1982-01-12,-0.13930489122867584
1982-01-13,-0.16520698368549347
1982-01-14,-0.17381739616394043
1982-01-15,-0.17551176249980927
1982-01-16,-0.17350369691848755
1982-01-17,-0.18130718171596527
1982-01-18,-0.1864510327577591
1982-01-19,-0.1727873533964157
1982-01-20,-0.17315299808979034
1982-01-21,-0.19064263999462128
1982-01-22,-0.18317216634750366
1982-01-23,-0.1706249862909317
1982-01-24,-0.16596317291259766
1982-01-25,-0.1737363636493683
1982-01-26,-0.1500224471092224
1982-01-27,-0.15365253388881683
1982-01-28,-0.1495312750339508
1982-01-29,-0.14690111577510834
1982-01-30,-0.13242165744304657
1982-01-31,-0.12058616429567337
1982-02-01,-0.12823675572872162
1982-02-02,-0.12152130156755447
1982-02-03,-0.10277427732944489
1982-02-04,-0.11200086027383804
1982-02-05,-0.14159132540225983
1982-02-06,-0.17279763519763947
1982-02-07,-0.19232210516929626
1982-02-08,-0.1892692893743515
1982-02-09,-0.21279367804527283
1982-02-10,-0.22968289256095886
1982-02-11,-0.22258390486240387
1982-02-12,-0.2425050586462021
1982-02-13,-0.22840051352977753
1982-02-14,-0.22239114344120026
1982-02-15,-0.2367832213640213
1982-02-16,-0.25262102484703064
1982-02-17,-0.2615353763103485
1982-02-18,-0.2778652310371399
1982-02-19,-0.25052666664123535
1982-02-20,-0.2557511329650879
1982-02-21,-0.255979061126709
1982-02-22,-0.2545231282711029
1982-02-23,-0.21404604613780975
1982-02-24,-0.2410077452659607
1982-02-25,-0.2390655279159546
1982-02-26,-0.24491560459136963
1982-02-27,-0.24887394905090332
1982-02-28,-0.25208672881126404
1982-03-01,-0.23191168904304504
1982-03-02,-0.23274052143096924
1982-03-03,-0.24065181612968445
1982-03-04,-0.2450476586818695
1982-03-05,-0.21673530340194702
1982-03-06,-0.2215327024459839
1982-03-07,-0.22297008335590363
1982-03-08,-0.22289304435253143
1982-03-09,-0.20505589246749878
1982-03-10,-0.2214125394821167
1982-03-11,-0.2229224592447281
1982-03-12,-0.21287672221660614
1982-03-13,-0.21314111351966858
1982-03-14,-0.21471770107746124
1982-03-15,-0.19913145899772644
1982-03-16,-0.1950841099023819
1982-03-17,-0.22207006812095642
1982-03-18,-0.23449154198169708
1982-03-19,-0.222330242395401
1982-03-20,-0.20786800980567932
1982-03-21,-0.21043388545513153
1982-03-22,-0.1842546910047531
1982-03-23,-0.18247419595718384
1982-03-24,-0.1684051752090454
1982-03-25,-0.1655973643064499
1982-03-26,-0.16856122016906738
1982-03-27,-0.1626240760087967
1982-03-28,-0.16320036351680756
1982-03-29,-0.15035060048103333
1982-03-30,-0.15458400547504425
1982-03-31,-0.16806156933307648
1982-04-01,-0.17154750227928162
1982-04-02,-0.1857914924621582
1982-04-03,-0.20840813219547272
1982-04-04,-0.21807649731636047
1982-04-05,-0.2158948928117752
1982-04-06,-0.20546534657478333
1982-04-07,-0.22888460755348206
1982-04-08,-0.25079143047332764
1982-04-09,-0.24835088849067688
1982-04-10,-0.2384810894727707
1982-04-11,-0.2408003956079483
1982-04-12,-0.2566189169883728
1982-04-13,-0.24691304564476013
1982-04-14,-0.21256089210510254
1982-04-15,-0.21210463345050812
1982-04-16,-0.23052886128425598
1982-04-17,-0.2158893495798111
1982-04-18,-0.21962885558605194
1982-04-19,-0.19718937575817108
1982-04-20,-0.19483423233032227
1982-04-21,-0.203713521361351
1982-04-22,-0.2257569283246994
1982-04-23,-0.1966066211462021
1982-04-24,-0.19006286561489105
1982-04-25,-0.19061797857284546
1982-04-26,-0.22295643389225006
1982-04-27,-0.20825538039207458
1982-04-28,-0.21304573118686676
1982-04-29,-0.22230631113052368
1982-04-30,-0.23793958127498627
1982-05-01,-0.24611110985279083
1982-05-02,-0.24610120058059692
1982-05-03,-0.2615296542644501
1982-05-04,-0.26202577352523804
1982-05-05,-0.2696504592895508
1982-05-06,-0.25973668694496155
1982-05-07,-0.2559913992881775
1982-05-08,-0.260366290807724
1982-05-09,-0.26266103982925415
1982-05-10,-0.23741169273853302
1982-05-11,-0.2302471399307251
1982-05-12,-0.21994198858737946
1982-05-13,-0.21798443794250488
1982-05-14,-0.22388987243175507
1982-05-15,-0.2171485871076584
1982-05-16,-0.24708986282348633
1982-05-17,-0.23399850726127625
1982-05-18,-0.2163824439048767
1982-05-19,-0.20066314935684204
1982-05-20,-0.21611006557941437
1982-05-21,-0.19565780460834503
1982-05-22,-0.19256813824176788
1982-05-23,-0.1917053461074829
1982-05-24,-0.20278725028038025
1982-05-25,-0.2206619828939438
1982-05-26,-0.22239582240581512
1982-05-27,-0.21964050829410553
1982-05-28,-0.2355991005897522
1982-05-29,-0.22921137511730194
1982-05-30,-0.2205381691455841
1982-05-31,-0.21455509960651398
1982-06-01,-0.22072267532348633
1982-06-02,-0.23051893711090088
1982-06-03,-0.24343599379062653
1982-06-04,-0.25820961594581604
1982-06-05,-0.2365611046552658
1982-06-06,-0.23839223384857178
1982-06-07,-0.2200712412595749
1982-06-08,-0.20771528780460358
1982-06-09,-0.20774614810943604
1982-06-10,-0.22322790324687958
1982-06-11,-0.20457157492637634
1982-06-12,-0.23238873481750488
1982-06-13,-0.22919049859046936
1982-06-14,-0.21583396196365356
1982-06-15,-0.2023295760154724
1982-06-16,-0.20267687737941742
1982-06-17,-0.22288624942302704
1982-06-18,-0.23292526602745056
1982-06-19,-0.22956375777721405
1982-06-20,-0.22473983466625214
1982-06-21,-0.24235723912715912
1982-06-22,-0.23829713463783264
1982-06-23,-0.2467094212770462
1982-06-24,-0.2797580361366272
1982-06-25,-0.3010350465774536
1982-06-26,-0.27954772114753723
1982-06-27,-0.26722753047943115
1982-06-28,-0.26864367723464966
1982-06-29,-0.2878490090370178
1982-06-30,-0.2835896909236908
1982-07-01,-0.2761841118335724
1982-07-02,-0.27765002846717834
1982-07-03,-0.2883564829826355
1982-07-04,-0.2871361970901489
1982-07-05,-0.2646358013153076
1982-07-06,-0.2651810944080353
1982-07-07,-0.25962790846824646
1982-07-08,-0.2745398283004761
1982-07-09,-0.2458285540342331
1982-07-10,-0.2201996147632599
1982-07-11,-0.23940502107143402
1982-07-12,-0.2371530681848526
1982-07-13,-0.24614770710468292
1982-07-14,-0.2597411870956421
1982-07-15,-0.2574482560157776
1982-07-16,-0.24937894940376282
1982-07-17,-0.2716688811779022
1982-07-18,-0.26990363001823425
1982-07-19,-0.2746945917606354
1982-07-20,-0.2606375217437744
1982-07-21,-0.25632673501968384
1982-07-22,-0.24949295818805695
1982-07-23,-0.25111648440361023
1982-07-24,-0.26302000880241394
1982-07-25,-0.257072389125824
1982-07-26,-0.25018376111984253
1982-07-27,-0.2574813663959503
1982-07-28,-0.2427792102098465
1982-07-29,-0.24624808132648468
1982-07-30,-0.25367388129234314
1982-07-31,-0.25570324063301086
1982-08-01,-0.2763180434703827
1982-08-02,-0.25511202216148376
1982-08-03,-0.24453985691070557
1982-08-04,-0.25755053758621216
1982-08-05,-0.2657097578048706
1982-08-06,-0.25128892064094543
1982-08-07,-0.2881523072719574
1982-08-08,-0.28226158022880554
1982-08-09,-0.27510106563568115
1982-08-10,-0.2971251904964447
1982-08-11,-0.30330586433410645
1982-08-12,-0.2861124277114868
1982-08-13,-0.2940131425857544
1982-08-14,-0.2799583375453949
1982-08-15,-0.26971614360809326
1982-08-16,-0.2689847946166992
1982-08-17,-0.23462699353694916
1982-08-18,-0.20754122734069824
1982-08-19,-0.1585342139005661
1982-08-20,-0.15320196747779846
1982-08-21,-0.13209177553653717
1982-08-22,-0.141695037484169
1982-08-23,-0.130407452583313
1982-08-24,-0.11547216027975082
1982-08-25,-0.10396651178598404
1982-08-26,-0.12931141257286072
1982-08-27,-0.12765222787857056
1982-08-28,-0.12951380014419556
1982-08-29,-0.1498863846063614
1982-08-30,-0.1392647922039032
1982-08-31,-0.1562652885913849
1982-09-01,-0.14814667403697968
1982-09-02,-0.15862590074539185
1982-09-03,-0.1844494342803955
1982-09-04,-0.2168406844139099
1982-09-05,-0.22227557003498077
1982-09-06,-0.19433341920375824
1982-09-07,-0.19787129759788513
1982-09-08,-0.1934938281774521
1982-09-09,-0.2044730931520462
1982-09-10,-0.22433394193649292
1982-09-11,-0.2104916274547577
1982-09-12,-0.20925351977348328
1982-09-13,-0.20409651100635529
1982-09-14,-0.2081952840089798
1982-09-15,-0.21176983416080475
1982-09-16,-0.20357856154441833
1982-09-17,-0.21806371212005615
1982-09-18,-0.19023527204990387
1982-09-19,-0.1797829121351242
1982-09-20,-0.16923470795154572
1982-09-21,-0.15157970786094666
1982-09-22,-0.12936173379421234
1982-09-23,-0.15447096526622772
1982-09-24,-0.12588955461978912
1982-09-25,-0.11739204078912735
1982-09-26,-0.12045183777809143
1982-09-27,-0.13615037500858307
1982-09-28,-0.14686787128448486
1982-09-29,-0.14155058562755585
1982-09-30,-0.16354632377624512
1982-10-01,-0.17471276223659515
1982-10-02,-0.1923556923866272
1982-10-03,-0.1802978664636612
1982-10-04,-0.20066851377487183
1982-10-05,-0.20220841467380524
1982-10-06,-0.18946857750415802
1982-10-07,-0.17237386107444763
1982-10-08,-0.16258540749549866
1982-10-09,-0.181692436337471
1982-10-10,-0.18334472179412842
1982-10-11,-0.1604841649532318
1982-10-12,-0.15268245339393616
1982-10-13,-0.142190620303154
1982-10-14,-0.15516407787799835
1982-10-15,-0.14741651713848114
1982-10-16,-0.1602478325366974
1982-10-17,-0.14618141949176788
1982-10-18,-0.1427648812532425
1982-10-19,-0.16824065148830414
1982-10-20,-0.1702926605939865
1982-10-21,-0.1638234406709671
1982-10-22,-0.17265479266643524
1982-10-23,-0.14279742538928986
1982-10-24,-0.1392437368631363
1982-10-25,-0.13163581490516663
1982-10-26,-0.15248917043209076
1982-10-27,-0.14326876401901245
1982-10-28,-0.14715459942817688
1982-10-29,-0.1391288936138153
1982-10-30,-0.1473250389099121
1982-10-31,-0.16613751649856567
1982-11-01,-0.17964443564414978
1982-11-02,-0.1845635324716568
1982-11-03,-0.19846569001674652
1982-11-04,-0.17322185635566711
1982-11-05,-0.16457925736904144
1982-11-06,-0.18024158477783203
1982-11-07,-0.17526783049106598
1982-11-08,-0.15300503373146057
1982-11-09,-0.15256023406982422
1982-11-10,-0.15712060034275055
1982-11-11,-0.15873979032039642
1982-11-12,-0.1591958999633789
1982-11-13,-0.1547631323337555
1982-11-14,-0.1410941481590271
1982-11-15,-0.12217509001493454
1982-11-16,-0.13202114403247833
1982-11-17,-0.15917856991291046
1982-11-18,-0.17076967656612396
1982-11-19,-0.15014329552650452
1982-11-20,-0.13538020849227905
1982-11-21,-0.13619235157966614
1982-11-22,-0.14224684238433838
1982-11-23,-0.1483038067817688
1982-11-24,-0.16704289615154266
1982-11-25,-0.19198302924633026
1982-11-26,-0.18046478927135468
1982-11-27,-0.1785792112350464
1982-11-28,-0.16111238300800323
1982-11-29,-0.1564389318227768
1982-11-30,-0.15902991592884064
1982-12-01,-0.1811135858297348
1982-12-02,-0.19639889895915985
1982-12-03,-0.18573367595672607
1982-12-04,-0.19213241338729858
1982-12-05,-0.17620404064655304
1982-12-06,-0.15812499821186066
1982-12-07,-0.1440015584230423
1982-12-08,-0.15538305044174194
1982-12-09,-0.16028569638729095
1982-12-10,-0.14916764199733734
1982-12-11,-0.1488327533006668
1982-12-12,-0.1348869949579239
1982-12-13,-0.11569792032241821
1982-12-14,-0.1390019804239273
1982-12-15,-0.13790978491306305
1982-12-16,-0.14324699342250824
1982-12-17,-0.1548888385295868
1982-12-18,-0.17800796031951904
1982-12-19,-0.18660490214824677
1982-12-20,-0.1890612095594406
1982-12-21,-0.1645505130290985
1982-12-22,-0.1654597371816635
1982-12-23,-0.17825226485729218
1982-12-24,-0.20045731961727142
1982-12-25,-0.2182021588087082
1982-12-26,-0.19572143256664276
1982-12-27,-0.17923347651958466
1982-12-28,-0.15737326443195343
1982-12-29,-0.13067492842674255
1982-12-30,-0.1305011510848999
1982-12-31,-0.11693715304136276
1983-01-01,-0.09007328003644943
1983-01-02,-0.0840056985616684
1983-01-03,-0.09555578976869583
1983-01-04,-0.07539383322000504
1983-01-05,-0.046970196068286896
1983-01-06,-0.026559917256236076
1983-01-07,-0.015957985073328018
1983-01-08,-0.04564693197607994
1983-01-09,-0.07109855860471725
1983-01-10,-0.0727752149105072
1983-01-11,-0.084247887134552
1983-01-12,-0.08568885177373886
1983-01-13,-0.08465512096881866
1983-01-14,-0.08679225295782089
1983-01-15,-0.0912545919418335
1983-01-16,-0.08440408855676651
1983-01-17,-0.07411198318004608
1983-01-18,-0.0712045356631279
1983-01-19,-0.056704647839069366
1983-01-20,-0.0685720294713974
1983-01-21,-0.06787549704313278
1983-01-22,-0.060670096427202225
1983-01-23,-0.06711158901453018
1983-01-24,-0.07390685379505157
1983-01-25,-0.08233989775180817
1983-01-26,-0.09922423213720322
1983-01-27,-0.09395814687013626
1983-01-28,-0.10206823796033859
1983-01-29,-0.08981405943632126
1983-01-30,-0.08389868587255478
1983-01-31,-0.0882021114230156
1983-02-01,-0.07794138789176941
1983-02-02,-0.09328211843967438
1983-02-03,-0.10793226212263107
1983-02-04,-0.1003468781709671
1983-02-05,-0.11830130219459534
1983-02-06,-0.11143024265766144
1983-02-07,-0.09733167290687561
1983-02-08,-0.08445076644420624
1983-02-09,-0.06245603412389755
1983-02-10,-0.08137483149766922
1983-02-11,-0.06738206744194031
1983-02-12,-0.05121171101927757
1983-02-13,-0.04846590384840965
1983-02-14,-0.032385773956775665
1983-02-15,-0.040898993611335754
1983-02-16,-0.04485679417848587
1983-02-17,-0.058290034532547
1983-02-18,-0.052743345499038696
1983-02-19,-0.06846233457326889
1983-02-20,-0.04992067813873291
1983-02-21,-0.06781450659036636
1983-02-22,-0.09051935374736786
1983-02-23,-0.0848180502653122
1983-02-24,-0.08968652784824371
1983-02-25,-0.07412900030612946
1983-02-26,-0.07970109581947327
1983-02-27,-0.0739678293466568
1983-02-28,-0.07724299281835556
1983-03-01,-0.11314156651496887
1983-03-02,-0.07961775362491608
1983-03-03,-0.07061609625816345
1983-03-04,-0.0738786831498146
1983-03-05,-0.07795920968055725
1983-03-06,-0.06855186074972153
1983-03-07,-0.07891381531953812
1983-03-08,-0.0910554900765419
1983-03-09,-0.08319465816020966
1983-03-10,-0.0913625955581665
1983-03-11,-0.08133725076913834
1983-03-12,-0.09285341203212738
1983-03-13,-0.10971083492040634
1983-03-14,-0.08798269927501678
1983-03-15,-0.07145511358976364
1983-03-16,-0.06913226842880249
1983-03-17,-0.062042802572250366
1983-03-18,-0.07078083604574203
1983-03-19,-0.07043619453907013
1983-03-20,-0.08005215227603912
1983-03-21,-0.06934180855751038
1983-03-22,-0.083163321018219
1983-03-23,-0.09937926381826401
1983-03-24,-0.10295271873474121
1983-03-25,-0.11015269160270691
1983-03-26,-0.09688293933868408
1983-03-27,-0.08948193490505219
1983-03-28,-0.07901260256767273
1983-03-29,-0.0423334576189518
1983-03-30,-0.06140872836112976
1983-03-31,-0.027289830148220062
1983-04-01,-0.050886139273643494
1983-04-02,-0.061624281108379364
1983-04-03,-0.022026624530553818
1983-04-04,0.006902880501002073
1983-04-05,0.005801838357001543
1983-04-06,0.007622674573212862
1983-04-07,-0.000229110213695094
1983-04-08,-0.008801623247563839
1983-04-09,0.004516944754868746
1983-04-10,-0.027575677260756493
1983-04-11,-0.013680009171366692
1983-04-12,0.00013536671758629382
1983-04-13,-0.0005244716885499656
1983-04-14,0.0006739423261024058
1983-04-15,0.006114259362220764
1983-04-16,0.011720119044184685
1983-04-17,0.02734585478901863
1983-04-18,0.06903289258480072
1983-04-19,0.03380126878619194
1983-04-20,0.04106632247567177
1983-04-21,0.06534426659345627
1983-04-22,0.05434194952249527
1983-04-23,0.06149950996041298
1983-04-24,0.043883953243494034
1983-04-25,0.034601010382175446
1983-04-26,0.017969321459531784
1983-04-27,0.013515274040400982
1983-04-28,0.0021956872660666704
1983-04-29,0.0028444433119148016
1983-04-30,0.002359607256948948
1983-05-01,0.014389067888259888
1983-05-02,0.03217724710702896
1983-05-03,0.007287723012268543
1983-05-04,0.02436038851737976
1983-05-05,0.031203217804431915
1983-05-06,0.004176182672381401
1983-05-07,0.0068609630689024925
1983-05-08,0.0084642693400383
1983-05-09,0.008096553385257721
1983-05-10,-0.00621786480769515
1983-05-11,-0.02483598329126835
1983-05-12,-0.061199646443128586
1983-05-13,-0.10240361839532852
1983-05-14,-0.09708085656166077
1983-05-15,-0.08738509565591812
1983-05-16,-0.08972356468439102
1983-05-17,-0.11265911161899567
1983-05-18,-0.12461333721876144
1983-05-19,-0.1408011019229889
1983-05-20,-0.13243341445922852
1983-05-21,-0.1233830451965332
1983-05-22,-0.10417813062667847
1983-05-23,-0.08329297602176666
1983-05-24,-0.06963779777288437
1983-05-25,-0.07241083681583405
1983-05-26,-0.03523165360093117
1983-05-27,-0.026153331622481346
1983-05-28,-0.015105987899005413
1983-05-29,-0.02252354845404625
1983-05-30,-0.017827237024903297
1983-05-31,-0.0067178127355873585
1983-06-01,-0.012946482747793198
1983-06-02,0.005755229853093624
1983-06-03,0.0010944120585918427
1983-06-04,-0.018061986193060875
1983-06-05,-0.01691363751888275
1983-06-06,-0.007880926132202148
1983-06-07,-0.009579872712492943
1983-06-08,0.000616180244833231
1983-06-09,-0.00618310272693634
1983-06-10,-0.006683481857180595
1983-06-11,-0.00279533420689404
1983-06-12,-0.019977731630206108
1983-06-13,-0.01901494711637497
1983-06-14,-0.03437929227948189
1983-06-15,-0.08505425602197647
1983-06-16,-0.057928264141082764
1983-06-17,-0.05587109550833702
1983-06-18,-0.08286301791667938
1983-06-19,-0.05230511724948883
1983-06-20,-0.03134339302778244
1983-06-21,-0.02655167691409588
1983-06-22,-0.023065267130732536
1983-06-23,-0.011658702045679092
1983-06-24,-0.019935570657253265
1983-06-25,-0.05021592229604721
1983-06-26,-0.03563765436410904
1983-06-27,-0.016918832436203957
1983-06-28,-0.021960625424981117
1983-06-29,-0.02525142952799797
1983-06-30,-0.012410729192197323
1983-07-01,0.005652467720210552
1983-07-02,-0.0003073658444918692
1983-07-03,-0.021246403455734253
1983-07-04,-0.027725515887141228
1983-07-05,-0.010980864055454731
1983-07-06,0.0038702317979186773
1983-07-07,0.0036448012106120586
1983-07-08,-0.025367241352796555
1983-07-09,-0.035756342113018036
1983-07-10,-0.04972029849886894
1983-07-11,-0.0459841787815094
1983-07-12,-0.014186282642185688
1983-07-13,-0.0239886324852705
1983-07-14,-0.029622720554471016
1983-07-15,-0.0446787029504776
1983-07-16,-0.019211875274777412
1983-07-17,-0.030575817450881004
1983-07-18,-0.020277714356780052
1983-07-19,-0.025640662759542465
1983-07-20,-0.021857839077711105
1983-07-21,0.005570124834775925
1983-07-22,-0.0036430309992283583
1983-07-23,0.00743888970464468
1983-07-24,-0.0023031432647258043
1983-07-25,0.003757132450118661
1983-07-26,-0.016476720571517944
1983-07-27,-0.018166154623031616
1983-07-28,-0.009059203788638115
1983-07-29,-0.013503794558346272
1983-07-30,-0.0172357726842165
1983-07-31,-0.1119464710354805
1983-08-01,-0.1527322232723236
1983-08-02,-0.1402708739042282
1983-08-03,-0.15204118192195892
1983-08-04,-0.13610902428627014
1983-08-05,-0.1013166680932045
1983-08-06,-0.1291189193725586
1983-08-07,-0.11400014907121658
1983-08-08,-0.10265912115573883
1983-08-09,-0.10953181982040405
1983-08-10,-0.09638255834579468
1983-08-11,-0.08866573125123978
1983-08-12,-0.050535138696432114
1983-08-13,-0.06450088322162628
1983-08-14,-0.07287503778934479
1983-08-15,-0.0763026624917984
1983-08-16,-0.07504855841398239
1983-08-17,-0.060030870139598846
1983-08-18,-0.015445818193256855
1983-08-19,0.011973358690738678
1983-08-20,0.013342966325581074
1983-08-21,0.02702232636511326
1983-08-23,0.08272065967321396
1983-08-24,0.07152027636766434
1983-08-25,0.09851986169815063
1983-08-26,0.09588958323001862
1983-08-27,0.06832098215818405
1983-08-28,0.08010336756706238
1983-08-29,0.07554344087839127
1983-08-30,0.04972032085061073
1983-08-31,0.012706761248409748
1983-09-01,0.05329420417547226
1983-09-02,0.030977940186858177
1983-09-03,0.002099259290844202
1983-09-04,-0.008540826849639416
1983-09-05,0.02294098772108555
1983-09-06,0.013006079941987991
1983-09-07,-0.0024103871546685696
1983-09-08,0.027142765000462532
1983-09-09,-0.008924698457121849
1983-09-10,0.008468198589980602
1983-09-11,-0.01815299689769745
1983-09-12,-0.04597100242972374
1983-09-13,-0.06129760667681694
1983-09-14,-0.08393571525812149
1983-09-15,-0.08618444204330444
1983-09-16,-0.058485306799411774
1983-09-17,-0.040809862315654755
1983-09-18,-0.0367475189268589
1983-09-19,-0.015246051363646984
1983-09-20,-0.048971548676490784
1983-09-21,-0.09414215385913849
1983-09-22,-0.0551019012928009
1983-09-23,-0.08907943218946457
1983-09-24,-0.099520243704319
1983-09-25,-0.11827810853719711
1983-09-26,-0.1175915002822876
1983-09-27,-0.08826445043087006
1983-09-28,-0.08319265395402908
1983-09-29,-0.08031773567199707
1983-09-30,-0.07867077738046646
1983-10-01,-0.09282368421554565
1983-10-02,-0.09202580153942108
1983-10-03,-0.07483430951833725
1983-10-04,-0.08117871731519699
1983-10-05,-0.08268081396818161
1983-10-06,-0.07199502736330032
1983-10-07,-0.0563618540763855
1983-10-08,-0.04571950435638428
1983-10-09,-0.07629510015249252
1983-10-10,-0.043708156794309616
1983-10-11,-0.057196468114852905
1983-10-12,-0.03417021781206131
1983-10-13,-0.0498591884970665
1983-10-14,-0.06717193126678467
1983-10-15,-0.04922177642583847
1983-10-16,-0.05484616383910179
1983-10-17,-0.13817472755908966
1983-10-18,-0.15161176025867462
1983-10-19,-0.18989147245883942
1983-10-20,-0.18294063210487366
1983-10-21,-0.1754312515258789
1983-10-22,-0.18474072217941284
1983-10-23,-0.1748971939086914
1983-10-24,-0.1469559371471405
1983-10-25,-0.16604876518249512
1983-10-26,-0.1480841487646103
1983-10-27,-0.1740555316209793
1983-10-28,-0.16492505371570587
1983-10-29,-0.17834772169589996
1983-10-30,-0.16313742101192474
1983-10-31,-0.16559875011444092
1983-11-01,-0.18190032243728638
1983-11-02,-0.19758041203022003
1983-11-03,-0.16952955722808838
1983-11-04,-0.21720987558364868
1983-11-05,-0.2071647197008133
1983-11-06,-0.17982199788093567
1983-11-07,-0.15022233128547668
1983-11-08,-0.14910638332366943
1983-11-09,-0.17040014266967773
1983-11-10,-0.16323401033878326
1983-11-11,-0.15293939411640167
1983-11-12,-0.15991222858428955
1983-11-13,-0.16088488698005676
1983-11-14,-0.22128652036190033
1983-11-15,-0.21380363404750824
1983-11-16,-0.176199808716774
1983-11-17,-0.17959390580654144
1983-11-18,-0.19918136298656464
1983-11-19,-0.17119218409061432
1983-11-20,-0.15506164729595184
1983-11-21,-0.12187176197767258
1983-11-22,-0.10859142988920212
1983-11-23,-0.11816921085119247
1983-11-24,-0.09216608107089996
1983-11-25,-0.08183197677135468
1983-11-26,-0.051574550569057465
1983-11-27,-0.02189735323190689
1983-11-28,0.000149737301399
1983-11-29,0.011761004105210304
1983-11-30,-0.021926291286945343
1983-12-01,-0.013439985923469067
1983-12-02,-0.07228335738182068
1983-12-03,-0.06242213770747185
1983-12-04,-0.0576481893658638
1983-12-05,-0.027288692072033882
1983-12-06,-0.06791646778583527
1983-12-07,-0.06204739958047867
1983-12-08,-0.06420460343360901
1983-12-09,-0.10402677953243256
1983-12-10,-0.10897110402584076
1983-12-11,-0.128309965133667
1983-12-12,-0.10618879646062851
1983-12-13,-0.12591125071048737
1983-12-14,-0.07336780428886414
1983-12-15,-0.0787748470902443
1983-12-16,-0.11049290001392365
1983-12-17,-0.11124765127897263
1983-12-18,-0.11287716031074524
1983-12-19,-0.10666243731975555
1983-12-20,-0.08498205244541168
1983-12-21,-0.08062028139829636
1983-12-22,-0.04767995327711105
1983-12-23,-0.06644424796104431
1983-12-24,-0.06497031450271606
1983-12-25,-0.06891115009784698
1983-12-26,-0.06639792025089264
1983-12-27,-0.10140947252511978
1983-12-28,-0.11021735519170761
1983-12-29,-0.06841813772916794
1983-12-30,-0.07179515063762665
1983-12-31,-0.041259318590164185
1984-01-01,-0.04793892800807953
1984-01-02,-0.05743737146258354
1984-01-03,-0.031070109456777573
1984-01-04,-0.0933053269982338
1984-01-05,-0.04487442970275879
1984-01-06,-0.057347092777490616
1984-01-07,-0.10275633633136749
1984-01-08,-0.13402459025382996
1984-01-09,-0.06957467645406723
1984-01-10,-0.056039419025182724
1984-01-11,-0.04167645424604416
1984-01-12,-0.08341185003519058
1984-01-13,-0.0731613039970398
1984-01-14,-0.03147848695516586
1984-01-15,-0.05024665966629982
1984-01-16,-0.027013510465621948
1984-01-17,-0.026467598974704742
1984-01-18,-0.0201875027269125
1984-01-19,-0.029824696481227875
1984-01-20,-0.03824974223971367
1984-01-21,-0.016714302822947502
1984-01-22,-0.010499535128474236
1984-01-23,-0.0025613601319491863
1984-01-24,-0.03704047203063965
1984-01-25,-0.03887704014778137
1984-01-26,-0.044280119240283966
1984-01-27,-0.031405575573444366
1984-01-28,-0.05184571444988251
1984-01-29,-0.018738629296422005
1984-01-30,-0.016609271988272667
1984-01-31,0.0003454773686826229
1984-02-01,-0.006863837596029043
1984-02-02,-0.001725135836750269
1984-02-03,-0.015202469192445278
1984-02-04,-0.013339309953153133
1984-02-05,-0.005454801023006439
1984-02-06,-0.005295603536069393
1984-02-07,-0.04096922650933266
1984-02-08,-0.06125172972679138
1984-02-09,-0.07271190732717514
1984-02-10,-0.09735918045043945
1984-02-11,-0.10272190719842911
1984-02-12,-0.07959801703691483
1984-02-13,-0.09215632826089859
1984-02-14,-0.11196552962064743
1984-02-15,-0.1113719567656517
1984-02-16,-0.09220954775810242
1984-02-17,-0.035946547985076904
1984-02-18,-0.04606825113296509
1984-02-19,-0.03132930025458336
1984-02-20,-0.043158479034900665
1984-02-21,-0.0015050421934574842
1984-02-22,0.0026658992283046246
1984-02-23,0.013790465891361237
1984-02-24,0.003019253723323345
1984-02-25,0.013722498901188374
1984-02-26,-0.02363654226064682
1984-02-27,-0.061610423028469086
1984-02-28,-0.06654142588376999
1984-02-29,-0.058489661663770676
1984-03-01,-0.057725921273231506
1984-03-02,-0.05110184848308563
1984-03-03,-0.05767625942826271
1984-03-04,-0.031466368585824966
1984-03-05,-0.019916323944926262
1984-03-06,-0.038221925497055054
1984-03-07,-0.01220841147005558
1984-03-08,-0.03176015242934227
1984-03-09,-0.058975476771593094
1984-03-10,-0.06789511442184448
1984-03-11,-0.06536855548620224
1984-03-12,-0.06754555553197861
1984-03-13,-0.06122535839676857
1984-03-14,-0.0485960990190506
1984-03-15,-0.02339681051671505
1984-03-16,-0.024685213342308998
1984-03-17,-0.03537655994296074
1984-03-18,-0.043747298419475555
1984-03-19,-0.03867422789335251
1984-03-20,-0.05684279277920723
1984-03-21,-0.05480889230966568
1984-03-22,-0.040090858936309814
1984-03-23,-0.029263338074088097
1984-03-24,0.004336649086326361
1984-03-25,0.008138748817145824
1984-03-26,0.01487652026116848
1984-03-27,0.03310873731970787
1984-03-28,0.040794480592012405
1984-03-29,0.01951688528060913
1984-03-30,0.007732941769063473
1984-03-31,0.00994032807648182
1984-04-01,0.007181267254054546
1984-04-02,0.028971292078495026
1984-04-03,0.000797541462816298
1984-04-04,0.010729243978857994
1984-04-05,-0.00982341542840004
1984-04-06,0.003798613790422678
1984-04-07,0.009767794981598854
1984-04-08,0.021825307980179787
1984-04-09,0.0025951031129807234
1984-04-10,0.002528417855501175
1984-04-11,0.039540886878967285
1984-04-12,0.02873183600604534
1984-04-13,0.020586932078003883
1984-04-14,0.03495744615793228
1984-04-15,0.05269294232130051
1984-04-16,0.05213164910674095
1984-04-17,0.05358022451400757
1984-04-18,0.04647543281316757
1984-04-19,0.024825384840369225
1984-04-20,0.04430041089653969
1984-04-21,0.009171247482299805
1984-04-22,0.01090134959667921
1984-04-23,0.0156483743339777
1984-04-24,0.028229130432009697
1984-04-25,0.05176840350031853
1984-04-26,0.08143750578165054
1984-04-27,0.10438891500234604
1984-04-29,0.11677059531211853
1984-04-30,0.12361038476228714
1984-05-01,0.10783782601356506
1984-05-02,0.08009912073612213
1984-05-03,0.07278788089752197
1984-05-04,0.04500328376889229
1984-05-05,0.04889947175979614
1984-05-06,0.045986078679561615
1984-05-07,0.06932451575994492
1984-05-08,0.10571569204330444
1984-05-09,0.09328103065490723
1984-05-10,0.08662579208612442
1984-05-11,0.0717552900314331
1984-05-12,0.0732887014746666
1984-05-13,0.05888603627681732
1984-05-14,0.07804515957832336
1984-05-15,0.06112130731344223
1984-05-16,0.050342898815870285
1984-05-17,0.061402663588523865
1984-05-18,0.038556259125471115
1984-05-19,0.03226614370942116
1984-05-20,0.05736120790243149
1984-05-21,0.07747787982225418
1984-05-22,0.07274842262268066
1984-05-23,0.06358865648508072
1984-05-24,0.0941053181886673
1984-05-25,0.028745751827955246
1984-05-26,-0.03533918410539627
1984-05-27,-0.035675566643476486
1984-05-28,-0.005542627070099115
1984-05-29,-0.002738020848482847
1984-05-30,-0.016350554302334785
1984-05-31,-0.010486073791980743
1984-06-01,-0.034292757511138916
1984-06-02,-0.04812855273485184
1984-06-03,-0.07716042548418045
1984-06-04,-0.07114282250404358
1984-06-05,-0.06346263736486435
1984-06-06,-0.04160239174962044
1984-06-07,-0.03585066273808479
1984-06-08,-0.045617833733558655
1984-06-09,-0.06759749352931976
1984-06-10,-0.0739080160856247
1984-06-11,-0.05741528794169426
1984-06-12,-0.13728559017181396
1984-06-13,-0.14726518094539642
1984-06-14,-0.14800995588302612
1984-06-15,-0.152206689119339
1984-06-16,-0.1393548995256424
1984-06-17,-0.12962836027145386
1984-06-18,-0.12791793048381805
1984-06-19,-0.1179846003651619
1984-06-20,-0.09953955560922623
1984-06-21,-0.08393813669681549
1984-06-22,-0.08708706498146057
1984-06-23,-0.05994554981589317
1984-06-24,-0.06033620983362198
1984-06-25,-0.05760950967669487
1984-06-26,-0.07765405625104904
1984-06-27,-0.05151491239666939
1984-06-28,-0.07888618111610413
1984-06-29,-0.1244371235370636
1984-06-30,-0.14833468198776245
1984-07-01,-0.12427419424057007
1984-07-02,-0.12775364518165588
1984-07-03,-0.13961416482925415
1984-07-04,-0.13528215885162354
1984-07-05,-0.14920449256896973
1984-07-06,-0.1659664362668991
1984-07-07,-0.17864950001239777
1984-07-08,-0.16085784137248993
1984-07-09,-0.11896773427724838
1984-07-10,-0.0367768332362175
1984-07-11,-0.07624245434999466
1984-07-12,-0.033588264137506485
1984-07-13,0.014049936085939407
1984-07-14,0.0305961724370718
1984-07-15,0.03200932964682579
1984-07-16,0.06572813540697098
1984-07-17,0.1210615336894989
1984-07-18,0.12170965224504471
1984-07-19,0.14202004671096802
1984-07-20,0.14247871935367584
1984-07-21,0.12355408072471619
1984-07-22,0.10251114517450333
1984-07-23,0.10741481930017471
1984-07-24,0.13369204103946686
1984-07-25,0.11460606008768082
1984-07-26,0.10791417956352234
1984-07-27,0.12537094950675964
1984-07-28,0.13779997825622559
1984-07-29,0.150833398103714
1984-07-30,0.1297478824853897
1984-07-31,0.10734527558088303
1984-08-01,0.08565868437290192
1984-08-02,0.10064908862113953
1984-08-03,0.05001932755112648
1984-08-04,0.050616778433322906
1984-08-05,0.019157130271196365
1984-08-06,0.024971498176455498
1984-08-07,0.006660801358520985
1984-08-08,-0.0031069405376911163
1984-08-09,-0.022008012980222702
1984-08-10,-0.029083997011184692
1984-08-11,-0.06277186423540115
1984-08-12,-0.056114185601472855
1984-08-13,-0.033241599798202515
1984-08-14,-0.07521943747997284
1984-08-15,-0.10947057604789734
1984-08-16,-0.09805487841367722
1984-08-17,-0.09619930386543274
1984-08-18,-0.040483299642801285
1984-08-19,-0.04994802176952362
1984-08-20,-0.029171088710427284
1984-08-21,-0.020149853080511093
1984-08-22,0.00569405872374773
1984-08-23,0.04944530501961708
1984-08-24,0.05964182689785957
1984-08-25,0.04735449701547623
1984-08-26,0.06258969753980637
1984-08-27,0.10408658534288406
1984-08-28,0.08469283580780029
1984-08-29,0.10776584595441818
1984-08-30,0.08008821308612823
1984-08-31,0.08891669660806656
1984-09-01,0.07067849487066269
1984-09-02,0.07100274413824081
1984-09-03,0.08483582735061646
1984-09-04,0.0792221650481224
1984-09-05,0.07103919237852097
1984-09-06,0.04547645151615143
1984-09-07,0.028491610661149025
1984-09-08,0.0364067442715168
1984-09-09,0.04201231524348259
1984-09-10,-0.0049509694799780846
1984-09-11,0.00010595810454105958
1984-09-12,0.0011517377570271492
1984-09-13,-0.01570570282638073
1984-09-14,-0.03142831102013588
1984-09-15,-0.0672059878706932
1984-09-16,-0.058250248432159424
1984-09-17,-0.07632958143949509
1984-09-18,-0.08891962468624115
1984-09-19,-0.06442533433437347
1984-09-20,-0.06769248098134995
1984-09-21,-0.02834443375468254
1984-09-22,-0.02569020353257656
1984-09-23,-0.0258293729275465
1984-09-24,-0.004189867526292801
1984-09-25,-0.020937658846378326
1984-09-26,-0.013201110064983368
1984-09-27,-0.032090943306684494
1984-09-28,-0.009667186997830868
1984-09-29,-0.043938346207141876
1984-09-30,-0.00452173687517643
1984-10-01,0.020589491352438927
1984-10-02,0.0029212720692157745
1984-10-03,-0.018385719507932663
1984-10-04,0.003681624075397849
1984-10-05,-0.017369890585541725
1984-10-06,-0.027271844446659088
1984-10-07,-0.030751444399356842
1984-10-08,-0.041482459753751755
1984-10-09,-0.02464202791452408
1984-10-10,-0.041226863861083984
1984-10-11,-0.043236177414655685
1984-10-12,-0.05223768949508667
1984-10-13,-0.06764207780361176
1984-10-14,-0.03768089786171913
1984-10-15,-0.030084945261478424
1984-10-16,-0.04338626563549042
1984-10-17,-0.04313204437494278
1984-10-18,-0.04466734826564789
1984-10-19,-0.034561365842819214
1984-10-20,-0.03152864798903465
1984-10-21,0.000901849358342588
1984-10-22,0.01712748222053051
1984-10-23,0.024937260895967484
1984-10-24,-0.004699979908764362
1984-10-25,0.00360964541323483
1984-10-26,-0.02581118978559971
1984-10-27,-0.027280684560537338
1984-10-28,-0.03475532308220863
1984-10-29,-0.04525495320558548
1984-10-30,-0.03473155200481415
1984-10-31,-0.04019010812044144
1984-11-01,-0.016338029876351357
1984-11-02,-0.053339000791311264
1984-11-03,-0.057237692177295685
1984-11-04,-0.021003084257245064
1984-11-05,0.022086672484874725
1984-11-06,-0.023555206134915352
1984-11-07,0.008507175371050835
1984-11-08,0.025408906862139702
1984-11-09,0.02262149751186371
1984-11-10,-0.00388713413849473
1984-11-11,0.016596650704741478
1984-11-12,-0.004521163180470467
1984-11-13,-0.012212119996547699
1984-11-14,0.0045609427616000175
1984-11-15,-0.016347000375390053
1984-11-16,-0.031627532094717026
1984-11-17,0.0006017444538883865
1984-11-18,0.002683561760932207
1984-11-19,-0.0020218142308294773
1984-11-20,0.004617343191057444
1984-11-21,-0.0013468398246914148
1984-11-22,0.010526008903980255
1984-11-23,-0.004839007742702961
1984-11-24,-0.015310509130358696
1984-11-25,0.006414864677935839
1984-11-26,0.010559691116213799
1984-11-27,0.005170013755559921
1984-11-28,0.017668921500444412
1984-11-29,0.017652034759521484
1984-11-30,0.036322783678770065
1984-12-01,0.047964777797460556
1984-12-02,0.0519799068570137
1984-12-03,0.058739595115184784
1984-12-04,0.0796976089477539
1984-12-05,0.059675101190805435
1984-12-06,0.07217802852392197
1984-12-07,0.07135546952486038
1984-12-08,0.06294997036457062
1984-12-09,0.07238540053367615
1984-12-10,0.07886975258588791
1984-12-11,0.0785725936293602
1984-12-12,0.06004816293716431
1984-12-13,0.04332008585333824
1984-12-14,0.014738366939127445
1984-12-15,0.019624577835202217
1984-12-16,0.01927010528743267
1984-12-17,0.07196111232042313
1984-12-18,0.08580732345581055
1984-12-19,0.08562285453081131
1984-12-20,0.0643005296587944
1984-12-21,0.08971518278121948
1984-12-22,0.09475398808717728
1984-12-23,0.10956109315156937
1984-12-24,0.09576483070850372
1984-12-25,0.09551458060741425
1984-12-26,0.08236079663038254
1984-12-27,0.06266386806964874
1984-12-28,0.05125432461500168
1984-12-29,0.05870813876390457
1984-12-30,0.05774346739053726
1984-12-31,0.09226315468549728
1985-01-01,0.09370193630456924
1985-01-02,0.09336874634027481
1985-01-03,0.10367104411125183
1985-01-04,0.10797593742609024
1985-01-05,0.1417088806629181
1985-01-06,0.12485917657613754
1985-01-07,0.12422548979520798
1985-01-08,0.15147194266319275
1985-01-09,0.19288745522499084
1985-01-10,0.18829475343227386
1985-01-11,0.19606605172157288
1985-01-12,0.22108086943626404
1985-01-13,0.2210465669631958
1985-01-14,0.20823533833026886
1985-01-15,0.21278934180736542
1985-01-16,0.2084198147058487
1985-01-17,0.1946883648633957
1985-01-18,0.18137255311012268
1985-01-19,0.16877219080924988
1985-01-20,0.17151039838790894
1985-01-21,0.17873522639274597
1985-01-22,0.13971057534217834
1985-01-23,0.14700937271118164
1985-01-24,0.17340464890003204
1985-01-25,0.16855598986148834
1985-01-26,0.18321458995342255
1985-01-27,0.17784708738327026
1985-01-28,0.19477200508117676
1985-01-29,0.16465246677398682
1985-01-30,0.15782606601715088
1985-01-31,0.15810616314411163
1985-02-01,0.14677084982395172
1985-02-02,0.1330331265926361
1985-02-03,0.12975645065307617
1985-02-04,0.11834989488124847
1985-02-05,0.11921101808547974
1985-02-06,0.09936045110225677
1985-02-07,0.13632357120513916
1985-02-08,0.1270621418952942
1985-02-09,0.11184316873550415
1985-02-10,0.11330465972423553
1985-02-11,0.10848890244960785
1985-02-12,0.0886908695101738
1985-02-13,0.09227868169546127
1985-02-14,0.07305086404085159
1985-02-15,0.08718553930521011
1985-02-16,0.09053122997283936
1985-02-17,0.0788988247513771
1985-02-18,0.05446270480751991
1985-02-19,0.051683299243450165
1985-02-20,0.06827431917190552
1985-02-21,0.09251867979764938
1985-02-22,0.08521784842014313
1985-02-23,0.03933984041213989
1985-02-24,0.03124937042593956
1985-02-25,0.028288627043366432
1985-02-26,0.025343388319015503
1985-02-27,0.010212110355496407
1985-02-28,0.010617501102387905
1985-03-01,0.00285107153467834
1985-03-02,0.02017315663397312
1985-03-03,0.053822536021471024
1985-03-04,0.03959476947784424
1985-03-05,0.04973941668868065
1985-03-06,0.02987774834036827
1985-03-07,-0.0035476363264024258
1985-03-08,-0.030717726796865463
1985-03-09,-0.04361731559038162
1985-03-10,-0.047070156782865524
1985-03-11,-0.05353846400976181
1985-03-12,-0.0455658994615078
1985-03-13,-0.02819332294166088
1985-03-14,-0.03919388726353645
1985-03-15,-0.019614653661847115
1985-03-16,-0.03982027992606163
1985-03-17,-0.02988329902291298
1985-03-18,-0.033493801951408386
1985-03-19,-0.006352323107421398
1985-03-20,-0.023256462067365646
1985-03-21,-0.02147403545677662
1985-03-22,-0.03576567396521568
1985-03-23,-0.01406951155513525
1985-03-24,-0.03156893327832222
1985-03-25,-0.00802699290215969
1985-03-26,-0.01452250313013792
1985-03-27,-0.018176935613155365
1985-03-28,-0.038223426789045334
1985-03-29,-0.05561775341629982
1985-03-30,-0.0704767107963562
1985-03-31,-0.07767251878976822
1985-04-01,-0.0766911655664444
1985-04-02,-0.07735542207956314
1985-04-03,-0.08812440931797028
1985-04-04,-0.09588099271059036
1985-04-05,-0.09416370838880539
1985-04-06,-0.08507778495550156
1985-04-07,-0.0639723613858223
1985-04-08,-0.03804466128349304
1985-04-09,-0.029071489349007607
1985-04-10,-0.020711861550807953
1985-04-11,-0.01309291273355484
1985-04-12,-0.004464985337108374
1985-04-13,0.0029976684600114822
1985-04-14,0.006253540515899658
1985-04-15,0.013557969592511654
1985-04-16,-0.0007845702930353582
1985-04-17,0.006617686711251736
1985-04-18,0.025011377409100533
1985-04-19,0.006470099091529846
1985-04-20,0.007644615601748228
1985-04-21,-0.013613296672701836
1985-04-22,-0.0034001104068011045
1985-04-23,-0.00822120625525713
1985-04-24,-0.01079243328422308
1985-04-25,-0.007341307587921619
1985-04-26,-0.04333610087633133
1985-04-27,-0.05732063204050064
1985-04-28,-0.05310523509979248
1985-04-29,-0.04422865808010101
1985-04-30,-0.04973503574728966
1985-05-01,-0.06762351095676422
1985-05-02,-0.09112834185361862
1985-05-03,-0.06127572059631348
1985-05-04,-0.07762975245714188
1985-05-05,-0.08347152918577194
1985-05-06,-0.07059793174266815
1985-05-07,-0.07182786613702774
1985-05-08,-0.06692543625831604
1985-05-09,-0.06922884285449982
1985-05-10,-0.07948103547096252
1985-05-11,-0.07287373393774033
1985-05-12,-0.06570195406675339
1985-05-13,-0.020943505689501762
1985-05-14,-0.03583919256925583
1985-05-15,-0.03228895366191864
1985-05-16,-0.02894909866154194
1985-05-17,-0.014675866812467575
1985-05-18,0.00026002488448284566
1985-05-19,0.026102907955646515
1985-05-20,0.049688152968883514
1985-05-21,0.03319939598441124
1985-05-22,0.03860549256205559
1985-05-23,0.009084067307412624
1985-05-24,0.004053543787449598
1985-05-25,0.003057259600609541
1985-05-26,0.019539762288331985
1985-05-27,0.029094869270920753
1985-05-28,0.0645824521780014
1985-05-29,0.0941571518778801
1985-05-30,0.13180547952651978
1985-05-31,0.13665300607681274
1985-06-01,0.17679326236248016
1985-06-02,0.1942581683397293
1985-06-03,0.19362793862819672
1985-06-04,0.19084319472312927
1985-06-05,0.18679897487163544
1985-06-06,0.20881995558738708
1985-06-07,0.17232994735240936
1985-06-08,0.16152800619602203
1985-06-09,0.162002831697464
1985-06-10,0.16629430651664734
1985-06-11,0.1340450495481491
1985-06-12,0.12290266901254654
1985-06-13,0.11484500020742416
1985-06-14,0.09639079868793488
1985-06-15,0.06617826223373413
1985-06-16,0.06004946678876877
1985-06-17,0.06260009109973907
1985-06-18,0.05342709645628929
1985-06-19,0.0632900819182396
1985-06-20,0.08140279352664948
1985-06-21,0.06368367373943329
1985-06-22,0.09213267266750336
1985-06-23,0.0712721198797226
1985-06-24,0.05343600735068321
1985-06-25,0.07002571225166321
1985-06-26,0.051212847232818604
1985-06-27,0.034978482872247696
1985-06-28,0.024353740736842155
1985-06-29,0.015651734545826912
1985-06-30,0.03397669643163681
1985-07-01,0.06498268246650696
1985-07-02,0.07096021622419357
1985-07-03,0.06570295989513397
1985-07-04,0.06690821051597595
1985-07-05,0.0698762834072113
1985-07-06,0.06811702251434326
1985-07-07,0.05938107892870903
1985-07-08,0.07117007672786713
1985-07-09,0.07369676977396011
1985-07-10,0.057943638414144516
1985-07-11,0.04518473148345947
1985-07-12,0.03934352472424507
1985-07-13,0.03092966601252556
1985-07-14,0.009103791788220406
1985-07-15,0.005967236123979092
1985-07-16,-0.08341696113348007
1985-07-17,-0.09406496584415436
1985-07-18,-0.10525578260421753
1985-07-19,-0.11425136029720306
1985-07-20,-0.11351576447486877
1985-07-21,-0.1341686248779297
1985-07-22,-0.1389722228050232
1985-07-23,-0.14757299423217773
1985-07-24,-0.1783963292837143
1985-07-25,-0.16403988003730774
1985-07-26,-0.1488540917634964
1985-07-27,-0.13069221377372742
1985-07-28,-0.11382975429296494
1985-07-29,-0.10758514702320099
1985-07-30,-0.1209627166390419
1985-07-31,-0.12135333567857742
1985-08-01,-0.0958285853266716
1985-08-02,-0.1105840653181076
1985-08-03,-0.10106433928012848
1985-08-04,-0.10001976788043976
1985-08-05,-0.08927696198225021
1985-08-06,-0.10391763597726822
1985-08-07,-0.12261103093624115
1985-08-08,-0.14606355130672455
1985-08-09,-0.14408493041992188
1985-08-10,-0.15899108350276947
1985-08-11,-0.1514308601617813
1985-08-12,-0.15305571258068085
1985-08-13,-0.13952061533927917
1985-08-14,-0.12952060997486115
1985-08-15,-0.16976290941238403
1985-08-16,-0.1716776192188263
1985-08-17,-0.16672733426094055
1985-08-18,-0.17535169422626495
1985-08-19,-0.19436517357826233
1985-08-20,-0.17582011222839355
1985-08-21,-0.1608486771583557
1985-08-22,-0.14254577457904816
1985-08-23,-0.12619739770889282
1985-08-24,-0.1657240092754364
1985-08-25,-0.1349702924489975
1985-08-26,-0.14028842747211456
1985-08-27,-0.16747118532657623
1985-08-28,-0.15996600687503815
1985-08-29,-0.159763365983963
1985-08-30,-0.12086036056280136
1985-08-31,-0.14430463314056396
1985-09-01,-0.16040360927581787
1985-09-02,-0.18813686072826385
1985-09-03,-0.14824682474136353
1985-09-04,-0.1366734653711319
1985-09-05,-0.13935905694961548
1985-09-06,-0.12730403244495392
1985-09-07,-0.14458201825618744
1985-09-08,-0.16157706081867218
1985-09-09,-0.13905176520347595
1985-09-10,-0.1548815667629242
1985-09-11,-0.17040646076202393
1985-09-12,-0.16752813756465912
1985-09-13,-0.15687890350818634
1985-09-14,-0.13051068782806396
1985-09-15,-0.12062009423971176
1985-09-16,-0.1326265186071396
1985-09-17,-0.13502594828605652
1985-09-18,-0.09143643081188202
1985-09-19,-0.10816024243831635
1985-09-20,-0.08777706325054169
1985-09-21,-0.11282270401716232
1985-09-22,-0.11448036879301071
1985-09-23,-0.09504763036966324
1985-09-24,-0.09626968950033188
1985-09-25,-0.09367243200540543
1985-09-26,-0.08358075469732285
1985-09-27,-0.06665737926959991
1985-09-28,-0.0696428194642067
1985-09-29,-0.04151700437068939
1985-09-30,-0.03253769502043724
1985-10-01,-0.017982779070734978
1985-10-02,-0.031359001994132996
1985-10-03,-0.054624397307634354
1985-10-04,-0.049523793160915375
1985-10-05,-0.04182400554418564
1985-10-06,-0.045248329639434814
1985-10-07,-0.05234118923544884
1985-10-08,-0.06194504722952843
1985-10-09,-0.07991521805524826
1985-10-10,-0.0974036231637001
1985-10-11,-0.1233416348695755
1985-10-12,-0.11643289029598236
1985-10-13,-0.11819406598806381
1985-10-14,-0.12136484682559967
1985-10-15,-0.10823148488998413
1985-10-16,-0.11485106498003006
1985-10-17,-0.13050594925880432
1985-10-18,-0.14431335031986237
1985-10-19,-0.13147684931755066
1985-10-20,-0.11707008630037308
1985-10-21,-0.0765150859951973
1985-10-22,-0.15410657227039337
1985-10-23,-0.16585992276668549
1985-10-24,-0.16764825582504272
1985-10-25,-0.1750117838382721
1985-10-26,-0.17086292803287506
1985-10-27,-0.1586408019065857
1985-10-28,-0.14737166464328766
1985-10-29,-0.15276728570461273
1985-10-30,-0.17058773338794708
1985-10-31,-0.19275550544261932
1985-11-01,-0.21090669929981232
1985-11-02,-0.1862308830022812
1985-11-03,-0.1533365398645401
1985-11-04,-0.09957683831453323
1985-11-05,-0.09788905084133148
1985-11-06,-0.0986609011888504
1985-11-07,-0.08444623649120331
1985-11-08,-0.08226142823696136
1985-11-09,-0.09898949414491653
1985-11-10,-0.09406663477420807
1985-11-11,-0.05004038289189339
1985-11-12,-0.030660634860396385
1985-11-13,-0.04761616885662079
1985-11-14,-0.053528040647506714
1985-11-15,-0.052600618451833725
1985-11-16,-0.03257344663143158
1985-11-17,-0.002294801641255617
1985-11-18,0.011554980650544167
1985-11-19,0.047766778618097305
1985-11-20,0.054935701191425323
1985-11-21,0.0750323012471199
1985-11-22,0.06978414952754974
1985-11-23,0.08367606997489929
1985-11-24,0.09961443394422531
1985-11-25,0.13077855110168457
1985-11-26,0.12286753207445145
1985-11-27,0.10688582807779312
1985-11-28,0.10408728569746017
1985-11-29,0.07441507279872894
1985-11-30,0.08589647710323334
1985-12-01,0.0860685259103775
1985-12-02,0.05938969552516937
1985-12-03,0.06885543465614319
1985-12-04,0.06778740882873535
1985-12-05,0.05608639493584633
1985-12-06,0.05777057260274887
1985-12-07,0.043729547411203384
1985-12-08,0.04949663206934929
1985-12-09,0.03267209604382515
1985-12-10,0.04681292921304703
1985-12-11,0.044112950563430786
1985-12-12,0.03397073969244957
1985-12-13,0.00981334038078785
1985-12-14,-0.005433283280581236
1985-12-15,-0.01124220248311758
1985-12-16,-0.011892537586390972
1985-12-17,-0.007772098295390606
1985-12-18,-0.008528548292815685
1985-12-19,-0.021700970828533173
1985-12-20,-0.03765961155295372
1985-12-21,-0.04716299846768379
1985-12-22,-0.04853105917572975
1985-12-23,-0.04055033624172211
1985-12-24,-0.032055675983428955
1985-12-25,-0.02584572695195675
1985-12-26,-0.015953801572322845
1985-12-27,-0.03478885814547539
1985-12-28,-0.05719129368662834
1985-12-29,-0.04639342427253723
1985-12-30,-0.04956556484103203
1985-12-31,-0.01937796175479889
1986-01-01,-0.04430942237377167
1986-01-02,-0.0011051595211029053
1986-01-03,0.007322786375880241
1986-01-04,0.0005790571449324489
1986-01-05,0.004320343490689993
1986-01-06,0.01778555102646351
1986-01-07,0.016713013872504234
1986-01-08,0.021467143669724464
1986-01-09,-0.0010936879552900791
1986-01-10,-0.020514925941824913
1986-01-11,-0.04132351279258728
1986-01-12,-0.03285638615489006
1986-01-13,-0.026909254491329193
1986-01-14,-0.025872765108942986
1986-01-15,-0.03160042315721512
1986-01-16,-0.026825428009033203
1986-01-17,-0.015301951207220554
1986-01-18,-0.012692268006503582
1986-01-19,0.00716039352118969
1986-01-20,0.02541518770158291
1986-01-21,0.014554817229509354
1986-01-22,0.007960980758070946
1986-01-23,-0.001437066006474197
1986-01-24,-0.034606099128723145
1986-01-25,-0.04657266288995743
1986-01-26,-0.03834147751331329
1986-01-27,-0.026882898062467575
1986-01-28,-0.031638577580451965
1986-01-29,-0.041681572794914246
1986-01-30,-0.050815895199775696
1986-01-31,-0.03564119338989258
1986-02-01,-0.05725574493408203
1986-02-02,-0.04736921191215515
1986-02-03,-0.04402123764157295
1986-02-04,-0.0605853796005249
1986-02-05,-0.06240059435367584
1986-02-06,-0.06075539067387581
1986-02-07,-0.06370491534471512
1986-02-08,-0.057889632880687714
1986-02-09,-0.03451366722583771
1986-02-10,-0.020296335220336914
1986-02-11,-0.01366263534873724
1986-02-12,-0.02878192625939846
1986-02-13,-0.03636901080608368
1986-02-14,-0.04565771669149399
1986-02-15,-0.04942943900823593
1986-02-16,-0.05288245528936386
1986-02-17,-0.04700658097863197
1986-02-18,-0.015386332757771015
1986-02-19,-0.05438614636659622
1986-02-20,-0.08057698607444763
1986-02-21,-0.08251889050006866
1986-02-22,-0.10217470675706863
1986-02-23,-0.11842996627092361
1986-02-24,-0.14327357709407806
1986-02-25,-0.18256030976772308
1986-02-26,-0.16082297265529633
1986-02-27,-0.17231059074401855
1986-02-28,-0.19887761771678925
1986-03-01,-0.22686849534511566
1986-03-02,-0.17695775628089905
1986-03-03,-0.18139231204986572
1986-03-04,-0.18713726103305817
1986-03-05,-0.19437222182750702
1986-03-06,-0.19187945127487183
1986-03-07,-0.1939338743686676
1986-03-08,-0.19335827231407166
1986-03-09,-0.21642929315567017
1986-03-10,-0.22340838611125946
1986-03-11,-0.21523034572601318
1986-03-12,-0.19515056908130646
1986-03-13,-0.17765165865421295
1986-03-14,-0.17801859974861145
1986-03-15,-0.1493130624294281
1986-03-16,-0.1423620730638504
1986-03-17,-0.13826590776443481
1986-03-18,-0.1382295936346054
1986-03-19,-0.1200944036245346
1986-03-20,-0.13366635143756866
1986-03-21,-0.15413974225521088
1986-03-22,-0.17976859211921692
1986-03-23,-0.1784200668334961
1986-03-24,-0.16904455423355103
1986-03-25,-0.1668878197669983
1986-03-26,-0.17765560746192932
1986-03-27,-0.1681956946849823
1986-03-28,-0.17539961636066437
1986-03-29,-0.1662827432155609
1986-03-30,-0.13474906980991364
1986-03-31,-0.13614977896213531
1986-04-01,-0.13576780259609222
1986-04-02,-0.14591528475284576
1986-04-03,-0.1742718368768692
1986-04-04,-0.19995009899139404
1986-04-05,-0.19481123983860016
1986-04-06,-0.17499081790447235
1986-04-07,-0.16416902840137482
1986-04-08,-0.14804275333881378
1986-04-09,-0.12658582627773285
1986-04-10,-0.13328856229782104
1986-04-11,-0.12157320976257324
1986-04-12,-0.11282230168581009
1986-04-13,-0.09049046784639359
1986-04-14,-0.10603269189596176
1986-04-15,-0.09474136680364609
1986-04-16,-0.11964190751314163
1986-04-17,-0.115907222032547
1986-04-18,-0.10292662680149078
1986-04-19,-0.12067320197820663
1986-04-20,-0.13571137189865112
1986-04-21,-0.11879651993513107
1986-04-22,-0.10114716738462448
1986-04-23,-0.09450989216566086
1986-04-24,-0.09084795415401459
1986-04-25,-0.0740712508559227
1986-04-26,-0.06695258617401123
1986-04-27,-0.06049187853932381
1986-04-28,-0.0029931729659438133
1986-04-29,0.0198149885982275
1986-04-30,0.028927696868777275
1986-05-01,0.03598868101835251
1986-05-02,0.008034579455852509
1986-05-03,0.011453990824520588
1986-05-04,0.00704713212326169
1986-05-05,0.02280391938984394
1986-05-06,0.05285727232694626
1986-05-07,0.06256173551082611
1986-05-08,0.07308926433324814
1986-05-09,0.0879262387752533
1986-05-10,0.0776381567120552
1986-05-11,0.07629148662090302
1986-05-12,0.09031185507774353
1986-05-13,0.1070890948176384
1986-05-14,0.10180643200874329
1986-05-15,0.11300953477621078
1986-05-16,0.11669635772705078
1986-05-17,0.13247837126255035
1986-05-18,0.13113006949424744
1986-05-19,0.12213902175426483
1986-05-20,0.13448761403560638
1986-05-21,0.14227993786334991
1986-05-22,0.15301361680030823
1986-05-23,0.10998311638832092
1986-05-24,0.12003111839294434
1986-05-25,0.10466416925191879
1986-05-26,0.13914376497268677
1986-05-27,0.13740777969360352
1986-05-28,0.1386093944311142
1986-05-29,0.10827960073947906
1986-05-30,0.12895351648330688
1986-05-31,0.12616294622421265
1986-06-01,0.1471983641386032
1986-06-02,0.15308910608291626
1986-06-03,0.15680161118507385
1986-06-04,0.15504364669322968
1986-06-05,0.14220139384269714
1986-06-06,0.127521350979805
1986-06-07,0.10386786609888077
1986-06-08,0.1028442531824112
1986-06-09,0.0889936238527298
1986-06-10,0.07280538976192474
1986-06-11,0.07788702845573425
1986-06-12,0.07883987575769424
1986-06-13,0.043947070837020874
1986-06-14,0.0422428660094738
1986-06-15,0.03234794735908508
1986-06-16,0.0069115543738007545
1986-06-17,0.022419089451432228
1986-06-18,0.007182321045547724
1986-06-19,0.003745102556422353
1986-06-20,0.013705503195524216
1986-06-21,0.013970288448035717
1986-06-22,-0.001276695285923779
1986-06-23,-0.0036284797824919224
1986-06-24,0.012685870751738548
1986-06-25,0.020983412861824036
1986-06-26,0.02429935149848461
1986-06-27,0.002117583993822336
1986-06-28,0.019141975790262222
1986-06-29,0.021139973774552345
1986-06-30,-0.012755250558257103
1986-07-01,-0.015499504283070564
1986-07-02,0.0077565680257976055
1986-07-03,-0.02806958183646202
1986-07-04,-0.03066631406545639
1986-07-05,-0.006277582608163357
1986-07-06,-0.019382482394576073
1986-07-07,-0.02350008301436901
1986-07-08,-0.04951193556189537
1986-07-09,-0.033925771713256836
1986-07-10,-0.05001802742481232
1986-07-11,-0.05162990838289261
1986-07-12,-0.04760131984949112
1986-07-13,-0.06995190680027008
1986-07-14,-0.052156224846839905
1986-07-15,-0.04350510984659195
1986-07-16,-0.06740470230579376
1986-07-17,-0.06290480494499207
1986-07-18,-0.086944580078125
1986-07-19,-0.08901814371347427
1986-07-20,-0.08706024289131165
1986-07-21,-0.09339883178472519
1986-07-22,-0.10556025803089142
1986-07-23,-0.14976686239242554
1986-07-24,-0.18975268304347992
1986-07-25,-0.17553457617759705
1986-07-26,-0.13664093613624573
1986-07-27,-0.13859376311302185
1986-07-28,-0.1598849892616272
1986-07-29,-0.19001847505569458
1986-07-30,-0.197634756565094
1986-07-31,-0.21256160736083984
1986-08-01,-0.21282176673412323
1986-08-02,-0.18706148862838745
1986-08-03,-0.17112138867378235
1986-08-04,-0.18247683346271515
1986-08-05,-0.18380209803581238
1986-08-06,-0.19235467910766602
1986-08-07,-0.2025621086359024
1986-08-08,-0.20128019154071808
1986-08-09,-0.20118862390518188
1986-08-10,-0.20072586834430695
1986-08-11,-0.19720600545406342
1986-08-12,-0.19742624461650848
1986-08-13,-0.20009835064411163
1986-08-14,-0.1943371593952179
1986-08-15,-0.1902000904083252
1986-08-16,-0.200849249958992
1986-08-17,-0.18785826861858368
1986-08-18,-0.15133577585220337
1986-08-19,-0.1384061872959137
1986-08-20,-0.11754406988620758
1986-08-21,-0.11060830950737
1986-08-22,-0.08302219212055206
1986-08-23,-0.07454238086938858
1986-08-24,-0.07951387763023376
1986-08-25,-0.08082248270511627
1986-08-26,-0.0711088478565216
1986-08-27,-0.08227900415658951
1986-08-28,-0.06381683051586151
1986-08-29,-0.08788755536079407
1986-08-30,-0.10543962568044662
1986-08-31,-0.09561903774738312
1986-09-01,-0.07946226745843887
1986-09-02,-0.05050399899482727
1986-09-03,-0.058327753096818924
1986-09-04,-0.09116991609334946
1986-09-05,-0.1139926165342331
1986-09-06,-0.08523689210414886
1986-09-07,-0.08957070857286453
1986-09-08,-0.06138564273715019
1986-09-09,-0.0544278658926487
1986-09-10,-0.05250154435634613
1986-09-11,-0.07421796023845673
1986-09-12,-0.08894940465688705
1986-09-13,-0.11086978018283844
1986-09-14,-0.07783114165067673
1986-09-15,-0.06116865947842598
1986-09-16,-0.08237819373607635
1986-09-17,-0.07889509946107864
1986-09-18,-0.08508090674877167
1986-09-19,-0.09483412653207779
1986-09-20,-0.09265239536762238
1986-09-21,-0.07816051691770554
1986-09-22,-0.07943504303693771
1986-09-23,-0.09700270742177963
1986-09-24,-0.08296231925487518
1986-09-25,-0.07983220368623734
1986-09-26,-0.08328676968812943
1986-09-27,-0.08376821875572205
1986-09-28,-0.07452759146690369
1986-09-29,-0.07075763493776321
1986-09-30,-0.06104854494333267
1986-10-01,-0.04926469549536705
1986-10-02,-0.06291263550519943
1986-10-03,-0.08745682239532471
1986-10-04,-0.09137503057718277
1986-10-05,-0.0880124568939209
1986-10-06,-0.05197534337639809
1986-10-07,-0.08165732026100159
1986-10-08,-0.12041036039590836
1986-10-09,-0.10283593088388443
1986-10-10,-0.11282488703727722
1986-10-11,-0.12215204536914825
1986-10-12,-0.09727533161640167
1986-10-13,-0.06514523923397064
1986-10-14,-0.11128609627485275
1986-10-15,-0.09916868060827255
1986-10-16,-0.10176237672567368
1986-10-17,-0.11620864272117615
1986-10-18,-0.10161269456148148
1986-10-19,-0.09248406440019608
1986-10-20,-0.07910705357789993
1986-10-21,-0.07193370908498764
1986-10-22,-0.0476895235478878
1986-10-23,-0.017662271857261658
1986-10-24,-0.012164419516921043
1986-10-25,-0.009108681231737137
1986-10-26,-0.006280858069658279
1986-10-27,0.009336543269455433
1986-10-28,0.012047373689711094
1986-10-29,0.018948020413517952
1986-10-30,0.028531666845083237
1986-10-31,0.030280107632279396
1986-11-01,0.06160401180386543
1986-11-02,0.06238643452525139
1986-11-03,0.07113941013813019
1986-11-04,0.0661201998591423
1986-11-05,0.06769880652427673
1986-11-06,0.06395796686410904
1986-11-07,0.05567961186170578
1986-11-08,0.06465620547533035
1986-11-09,0.07689362019300461
1986-11-10,0.0580403096973896
1986-11-11,0.05240897834300995
1986-11-12,0.029858242720365524
1986-11-13,0.040118761360645294
1986-11-14,0.05130244046449661
1986-11-15,0.07631434500217438
1986-11-16,0.11180756241083145
1986-11-17,0.09454291313886642
1986-11-18,0.12113130837678909
1986-11-19,0.13525128364562988
1986-11-20,0.11404440551996231
1986-11-21,0.10055126249790192
1986-11-22,0.09177789092063904
1986-11-23,0.0875869020819664
1986-11-24,0.09452260285615921
1986-11-25,0.10274678468704224
1986-11-26,0.08474497497081757
1986-11-27,0.0775655135512352
1986-11-28,0.054378051310777664
1986-11-29,0.04999713599681854
1986-11-30,0.06489692628383636
1986-12-01,0.09377516061067581
1986-12-02,0.10386636108160019
1986-12-03,0.1392987072467804
1986-12-04,0.1038253977894783
1986-12-05,0.07161472737789154
1986-12-06,0.06900947540998459
1986-12-07,0.08016873151063919
1986-12-08,0.053175173699855804
1986-12-09,0.05140722915530205
1986-12-10,0.06883767992258072
1986-12-11,0.0693584531545639
1986-12-12,0.05359196662902832
1986-12-13,0.05275198444724083
1986-12-14,0.06870970129966736
1986-12-15,0.04518382251262665
1986-12-16,0.059498898684978485
1986-12-17,0.02741960436105728
1986-12-18,0.043176669627428055
1986-12-19,0.022782042622566223
1986-12-20,0.011259548366069794
1986-12-21,0.011581553146243095
1986-12-22,0.01845684088766575
1986-12-23,0.030955448746681213
1986-12-24,0.03511495888233185
1986-12-25,0.024558495730161667
1986-12-26,0.052394695580005646
1986-12-27,0.07257430255413055
1986-12-28,0.09234832227230072
1986-12-29,0.07412631064653397
1986-12-30,0.07965370267629623
1986-12-31,0.07034771889448166
1987-01-01,0.06498568505048752
1987-01-02,0.06210320442914963
1987-01-03,0.04986158385872841
1987-01-04,0.04156455770134926
1987-01-05,0.017537152394652367
1987-01-06,0.008651693351566792
1987-01-07,0.01827499456703663
1987-01-08,0.03347553685307503
1987-01-09,0.02759191207587719
1987-01-10,0.03518594056367874
1987-01-11,0.050006259232759476
1987-01-12,0.045832227915525436
1987-01-13,0.041172094643116
1987-01-14,0.04049277305603027
1987-01-15,0.02926253154873848
1987-01-16,0.0173498447984457
1987-01-17,-0.00385866011492908
1987-01-18,0.005827466491609812
1987-01-19,0.03183842822909355
1987-01-20,0.02329358085989952
1987-01-21,-0.0021033198572695255
1987-01-22,-0.001035056309774518
1987-01-23,-0.017861895263195038
1987-01-24,0.01698344014585018
1987-01-25,0.005384956020861864
1987-01-26,-0.020874999463558197
1987-01-27,0.002487504854798317
1987-01-28,-0.03208709880709648
1987-01-29,-0.05750396475195885
1987-01-30,-0.06744652986526489
1987-01-31,-0.08633873611688614
1987-02-01,-0.07178366929292679
1987-02-02,-0.05055197700858116
1987-02-03,-0.06857314705848694
1987-02-04,-0.07071854919195175
1987-02-05,-0.05522548779845238
1987-02-06,-0.0354391410946846
1987-02-07,-0.044963665306568146
1987-02-08,-0.04277031496167183
1987-02-09,-0.04461498558521271
1987-02-10,-0.050011567771434784
1987-02-11,-0.05004294961690903
1987-02-12,-0.058461323380470276
1987-02-13,-0.06620162725448608
1987-02-14,-0.04907827824354172
1987-02-15,-0.034841254353523254
1987-02-16,-0.063101626932621
1987-02-17,-0.07555221766233444
1987-02-18,-0.05580339580774307
1987-02-19,-0.06410663574934006
1987-02-20,-0.054755765944719315
1987-02-21,-0.03413896635174751
1987-02-22,-0.040295522660017014
1987-02-23,-0.0383848212659359
1987-02-24,-0.044237133115530014
1987-02-25,-0.04419940337538719
1987-02-26,-0.028543347492814064
1987-02-27,-0.025009674951434135
1987-02-28,-0.021924007683992386
1987-03-01,-0.010190045461058617
1987-03-02,-0.02375989966094494
1987-03-03,-0.026795778423547745
1987-03-04,-0.015431475825607777
1987-03-05,-0.007994701154530048
1987-03-06,-0.009348195977509022
1987-03-07,0.013901593163609505
1987-03-08,0.05168703570961952
1987-03-09,0.04989516735076904
1987-03-10,0.07221713662147522
1987-03-11,0.03486320376396179
1987-03-12,0.005227783694863319
1987-03-13,0.034350212663412094
1987-03-14,0.037294790148735046
1987-03-15,0.03964295983314514
1987-03-16,0.08422622829675674
1987-03-17,0.08088222146034241
1987-03-18,0.08028818666934967
1987-03-19,0.0889093428850174
1987-03-20,0.0732431411743164
1987-03-21,0.0815851241350174
1987-03-22,0.08262287080287933
1987-03-23,0.05585545673966408
1987-03-24,0.059581201523542404
1987-03-25,0.05569678172469139
1987-03-26,0.03564993664622307
1987-03-27,0.04296457767486572
1987-03-28,0.018480876460671425
1987-03-29,-0.005236225668340921
1987-03-30,-0.037641752511262894
1987-03-31,-0.06376557797193527
1987-04-01,-0.05736136808991432
1987-04-02,-0.052969735115766525
1987-04-03,-0.10504427552223206
1987-04-04,-0.10340671986341476
1987-04-05,-0.11979391425848007
1987-04-06,-0.1150011271238327
1987-04-07,-0.1298336684703827
1987-04-08,-0.13945847749710083
1987-04-09,-0.16000322997570038
1987-04-10,-0.15113753080368042
1987-04-11,-0.16369612514972687
1987-04-12,-0.15976716578006744
1987-04-13,-0.1551421731710434
1987-04-14,-0.17215684056282043
1987-04-15,-0.18235021829605103
1987-04-16,-0.2117331624031067
1987-04-17,-0.21632976830005646
1987-04-18,-0.23414725065231323
1987-04-19,-0.2236151099205017
1987-04-20,-0.21913154423236847
1987-04-21,-0.22328633069992065
1987-04-22,-0.23023559153079987
1987-04-23,-0.22441047430038452
1987-04-24,-0.22989167273044586
1987-04-25,-0.21815122663974762
1987-04-26,-0.19605471193790436
1987-04-27,-0.1806623488664627
1987-04-28,-0.1913808286190033
1987-04-29,-0.20409727096557617
1987-04-30,-0.1891831010580063
1987-05-01,-0.15995702147483826
1987-05-02,-0.15075735747814178
1987-05-03,-0.12258242815732956
1987-05-04,-0.09760115295648575
1987-05-05,-0.07833855599164963
1987-05-06,-0.055610448122024536
1987-05-07,-0.041861750185489655
1987-05-08,-0.05445285513997078
1987-05-09,-0.041583165526390076
1987-05-10,-0.053420137614011765
1987-05-11,-0.01712575927376747
1987-05-12,-0.055268168449401855
1987-05-13,-0.04834436997771263
1987-05-14,-0.08908748626708984
1987-05-15,-0.1029684990644455
1987-05-16,-0.0950205847620964
1987-05-17,-0.07050802558660507
1987-05-18,-0.045416537672281265
1987-05-19,-0.05605260655283928
1987-05-20,-0.06249069422483444
1987-05-21,-0.053370729088783264
1987-05-22,-0.05269980803132057
1987-05-23,-0.05365610122680664
1987-05-24,-0.045058801770210266
1987-05-25,-0.03031080961227417
1987-05-26,-0.023028574883937836
1987-05-27,-0.016038650646805763
1987-05-28,-0.03943391144275665
1987-05-29,-0.05814171954989433
1987-05-30,-0.062069375067949295
1987-05-31,-0.0720786303281784
1987-06-01,-0.052942633628845215
1987-06-02,-0.06626728177070618
1987-06-03,-0.06007848307490349
1987-06-04,-0.0867900550365448
1987-06-05,-0.07534290105104446
1987-06-06,-0.05618538707494736
1987-06-07,-0.028889788314700127
1987-06-08,-0.004704746883362532
1987-06-09,0.012381107546389103
1987-06-10,0.006953539326786995
1987-06-11,0.028215141966938972
1987-06-12,0.019213225692510605
1987-06-13,0.001824341481551528
1987-06-14,0.02204221859574318
1987-06-15,0.02280971221625805
1987-06-16,0.010654973797500134
1987-06-17,0.001023587305098772
1987-06-18,-0.010909316129982471
1987-06-19,-0.025813214480876923
1987-06-20,-0.019401507452130318
1987-06-21,-0.025007568299770355
1987-06-22,-0.006301375571638346
1987-06-23,-0.011939133517444134
1987-06-24,-0.019909877330064774
1987-06-25,-0.05438901111483574
1987-06-26,-0.04037085548043251
1987-06-27,-0.018365396186709404
1987-06-28,0.00789195392280817
1987-06-29,-0.008041133172810078
1987-06-30,0.0017393268644809723
1987-07-01,-0.002681292127817869
1987-07-02,-0.013088278472423553
1987-07-03,-0.02718130685389042
1987-07-04,-0.014175770804286003
1987-07-05,0.003261622041463852
1987-07-06,-0.02516309916973114
1987-07-07,-0.026022933423519135
1987-07-08,-0.02074163220822811
1987-07-09,-0.03991974890232086
1987-07-10,-0.03880564495921135
1987-07-11,-0.04884977638721466
1987-07-12,-0.039648380130529404
1987-07-13,-0.06560183316469193
1987-07-14,-0.04517587646842003
1987-07-15,-0.04534480348229408
1987-07-16,-0.06547987461090088
1987-07-17,-0.07011525332927704
1987-07-18,-0.07136167585849762
1987-07-19,-0.07138151675462723
1987-07-20,-0.054176561534404755
1987-07-21,-0.06261147558689117
1987-07-22,-0.06284210830926895
1987-07-23,-0.05625257268548012
1987-07-24,-0.042056042701005936
1987-07-25,0.01731637679040432
1987-07-26,0.041106414049863815
1987-07-27,0.06834027916193008
1987-07-28,0.09026475250720978
1987-07-29,0.08839501440525055
1987-07-30,0.07229471951723099
1987-07-31,0.0567813478410244
1987-08-01,0.030880657956004143
1987-08-02,0.0382884219288826
1987-08-03,0.0339767225086689
1987-08-04,-0.006197265814989805
1987-08-05,-0.0121056092903018
1987-08-06,-0.043840330094099045
1987-08-07,-0.06843915581703186
1987-08-08,-0.06052606925368309
1987-08-09,-0.05743512138724327
1987-08-10,-0.06824705749750137
1987-08-11,-0.07836427539587021
1987-08-12,-0.07095629721879959
1987-08-13,-0.1006472110748291
1987-08-14,-0.08723736554384232
1987-08-15,-0.08834841102361679
1987-08-16,-0.08420007675886154
1987-08-17,-0.0811648815870285
1987-08-18,-0.10479868948459625
1987-08-19,-0.1189725399017334
1987-08-20,-0.13436760008335114
1987-08-21,-0.10108061879873276
1987-08-22,-0.08370190113782883
1987-08-23,-0.07076191157102585
1987-08-24,-0.07689705491065979
1987-08-25,-0.061171337962150574
1987-08-26,-0.036427658051252365
1987-08-27,-0.04190200939774513
1987-08-28,-0.0375143401324749
1987-08-29,-0.0033069627825170755
1987-08-30,-0.016952069476246834
1987-08-31,-0.002094446448609233
1987-09-01,0.011193308047950268
1987-09-02,0.0251829344779253
1987-09-03,0.04597524553537369
1987-09-04,0.03789236769080162
1987-09-05,0.0162726528942585
1987-09-06,0.02374606393277645
1987-09-07,0.048772651702165604
1987-09-08,0.03165312483906746
1987-09-09,0.007000107318162918
1987-09-10,0.02682897448539734
1987-09-11,-0.007541419472545385
1987-09-12,0.011078204028308392
1987-09-13,0.0004228953621350229
1987-09-14,-0.03692997619509697
1987-09-15,-0.028768934309482574
1987-09-16,-0.03504407778382301
1987-09-17,-0.04361013323068619
1987-09-18,-0.04615228995680809
1987-09-19,-0.0405145063996315
1987-09-20,-0.03396361321210861
1987-09-21,-0.028530694544315338
1987-09-22,-0.00899050198495388
1987-09-23,-0.00537035521119833
1987-09-24,0.005418752320110798
1987-09-25,0.0014360600616782904
1987-09-26,0.015583569183945656
1987-09-27,0.020212091505527496
1987-09-28,0.015209692530333996
1987-09-29,0.015929371118545532
1987-09-30,0.028296899050474167
1987-10-01,0.047945037484169006
1987-10-02,0.08625608682632446
1987-10-03,0.08109906315803528
1987-10-04,0.09964646399021149
1987-10-05,0.1257597953081131
1987-10-06,0.14467459917068481
1987-10-07,0.16452695429325104
1987-10-08,0.15979215502738953
1987-10-09,0.14957478642463684
1987-10-10,0.1309625208377838
1987-10-11,0.13753631711006165
1987-10-12,0.18009772896766663
1987-10-13,0.20555050671100616
1987-10-14,0.2095029503107071
1987-10-15,0.198297381401062
1987-10-16,0.17037613689899445
1987-10-17,0.1487361490726471
1987-10-18,0.16013947129249573
1987-10-19,0.13357532024383545
1987-10-20,0.09840299934148788
1987-10-21,0.06696204841136932
1987-10-22,0.06978417932987213
1987-10-23,0.07080493867397308
1987-10-24,0.05131375789642334
1987-10-25,0.013703150674700737
1987-10-26,-0.009242402389645576
1987-10-27,-0.03221089765429497
1987-10-28,-0.040798574686050415
1987-10-29,-0.05267301946878433
1987-10-30,-0.07925023883581161
1987-10-31,-0.08310374617576599
1987-11-01,-0.09351884573698044
1987-11-02,-0.08606375753879547
1987-11-03,-0.08245052397251129
1987-11-04,-0.07744693756103516
1987-11-05,-0.10136647522449493
1987-11-06,-0.09908954054117203
1987-11-07,-0.10189800709486008
1987-11-08,-0.0970778614282608
1987-11-09,-0.09076464921236038
1987-11-10,-0.08583512902259827
1987-11-11,-0.07617766410112381
1987-11-12,-0.08621259778738022
1987-11-13,-0.0880267322063446
1987-11-14,-0.09807197749614716
1987-11-15,-0.10994144529104233
1987-11-16,-0.10657759755849838
1987-11-17,-0.09623174369335175
1987-11-18,-0.10088805109262466
1987-11-19,-0.11026281118392944
1987-11-20,-0.11641736328601837
1987-11-21,-0.10545768588781357
1987-11-22,-0.10501281917095184
1987-11-23,-0.10680095106363297
1987-11-24,-0.09308318793773651
1987-11-25,-0.08009757101535797
1987-11-26,-0.05781254544854164
1987-11-27,-0.06546995788812637
1987-11-28,-0.11180997639894485
1987-11-29,-0.07995989173650742
1987-11-30,-0.05436711013317108
1987-12-01,-0.05768559128046036
1987-12-02,-0.0648205354809761
1987-12-03,-0.0825178474187851
1987-12-04,-0.07876674830913544
1987-12-05,-0.07869278639554977
1987-12-06,-0.09154658764600754
1987-12-07,-0.05970132350921631
1987-12-08,-0.0810520127415657
1987-12-09,-0.07046601176261902
1987-12-10,-0.09177659451961517
1987-12-11,-0.12471427768468857
1987-12-12,-0.1279834806919098
1987-12-13,-0.12062948197126389
1987-12-14,-0.1429305225610733
1987-12-15,-0.15110185742378235
1987-12-16,-0.1670094132423401
1987-12-17,-0.15535809099674225
1987-12-18,-0.17658504843711853
1987-12-19,-0.15720993280410767
1987-12-20,-0.14937010407447815
1987-12-21,-0.1425946056842804
1987-12-22,-0.1369493156671524
1987-12-23,-0.1344805508852005
1987-12-24,-0.09916940331459045
1987-12-25,-0.13363026082515717
1987-12-26,-0.079055055975914
1987-12-27,-0.06148415058851242
1987-12-28,-0.08844617009162903
1987-12-29,-0.10730373114347458
1987-12-30,-0.13180343806743622
1987-12-31,-0.1267092376947403
1988-01-01,-0.13870073854923248
1988-01-02,-0.12647326290607452
1988-01-03,-0.1162647157907486
1988-01-04,-0.09487982839345932
1988-01-05,-0.08970650285482407
1988-01-06,-0.10560239106416702
1988-01-07,-0.09542826563119888
1988-01-08,-0.08208172768354416
1988-01-09,-0.07562730461359024
1988-01-10,-0.08010095357894897
1988-01-11,-0.06837090104818344
1988-01-12,-0.08463022857904434
1988-01-13,-0.0704142302274704
1988-01-14,-0.056916169822216034
1988-01-15,-0.04987487569451332
1988-01-16,-0.050268515944480896
1988-01-17,-0.03910963609814644
1988-01-18,-0.03113681823015213
1988-01-19,-0.05405528098344803
1988-01-20,-0.055392585694789886
1988-01-21,-0.05603857338428497
1988-01-22,-0.05867142230272293
1988-01-23,-0.06781351566314697
1988-01-24,-0.05234202742576599
1988-01-25,-0.0495816171169281
1988-01-26,-0.033967576920986176
1988-01-27,-0.02181980386376381
1988-01-28,-0.0008473398047499359
1988-01-29,0.0073667261749506
1988-01-30,0.014017883688211441
1988-01-31,0.02361718751490116
1988-02-01,0.028293047100305557
1988-02-02,0.04671809822320938
1988-02-03,0.03684654459357262
1988-02-04,0.053450457751750946
1988-02-05,0.05565160512924194
1988-02-06,0.05874429643154144
1988-02-07,0.058621183037757874
1988-02-08,0.05293064936995506
1988-02-09,0.09353603422641754
1988-02-10,0.0828976109623909
1988-02-11,0.09517555683851242
1988-02-12,0.09710697829723358
1988-02-13,0.09521615505218506
1988-02-14,0.10237793624401093
1988-02-15,0.11573478579521179
1988-02-16,0.10834938287734985
1988-02-17,0.11059120297431946
1988-02-18,0.09711752086877823
1988-02-19,0.10579617321491241
1988-02-20,0.08356501162052155
1988-02-21,0.08928980678319931
1988-02-22,0.10560498386621475
1988-02-23,0.08366192877292633
1988-02-24,0.08786813169717789
1988-02-25,0.11377992480993271
1988-02-26,0.09713095426559448
1988-02-27,0.09767144918441772
1988-02-28,0.09666968137025833
1988-02-29,0.0778181403875351
1988-03-01,0.05790932476520538
1988-03-02,0.05267735943198204
1988-03-03,0.07090063393115997
1988-03-04,0.06393911689519882
1988-03-05,0.06161972135305405
1988-03-06,0.0794784352183342
1988-03-07,0.09860853850841522
1988-03-08,0.09911109507083893
1988-03-09,0.11061928421258926
1988-03-10,0.12416000664234161
1988-03-11,0.08726702630519867
1988-03-12,0.07382897287607193
1988-03-13,0.06798632442951202
1988-03-14,0.0478435717523098
1988-03-15,0.025361893698573112
1988-03-16,0.02476349286735058
1988-03-17,0.018652264028787613
1988-03-18,-0.014162538573145866
1988-03-19,-0.028306784108281136
1988-03-20,-0.034774571657180786
1988-03-21,-0.039883729070425034
1988-03-22,-0.03016972728073597
1988-03-23,-0.049162738025188446
1988-03-24,-0.04724932834506035
1988-03-25,-0.054348986595869064
1988-03-26,-0.07188758254051208
1988-03-27,-0.0886818990111351
1988-03-28,-0.07804138958454132
1988-03-29,-0.09746158123016357
1988-03-30,-0.10305148363113403
1988-03-31,-0.100090391933918
1988-04-01,-0.10888954997062683
1988-04-02,-0.10981665551662445
1988-04-03,-0.10485508292913437
1988-04-04,-0.1098099946975708
1988-04-05,-0.1445372849702835
1988-04-06,-0.13599362969398499
1988-04-07,-0.11980699747800827
1988-04-08,-0.12193892896175385
1988-04-09,-0.09935351461172104
1988-04-10,-0.0662233754992485
1988-04-11,-0.06323590874671936
1988-04-12,-0.07511793076992035
1988-04-13,-0.06609221547842026
1988-04-14,-0.055847443640232086
1988-04-15,-0.058814678341150284
1988-04-16,-0.04460417479276657
1988-04-17,-0.005318972747772932
1988-04-18,-0.0038908636197447777
1988-04-19,-0.02537747286260128
1988-04-20,-0.004195658024400473
1988-04-21,-0.015935909003019333
1988-04-22,-0.0365680493414402
1988-04-23,-0.0474574901163578
1988-04-24,-0.026654914021492004
1988-04-25,-0.02009996585547924
1988-04-26,-0.018306279554963112
1988-04-27,-0.03843624144792557
1988-04-28,-0.013772748410701752
1988-04-29,-0.00042450911132618785
1988-04-30,0.019325075671076775
1988-05-01,0.041285596787929535
1988-05-02,0.04634299874305725
1988-05-03,0.06350796669721603
1988-05-04,0.07542353123426437
1988-05-05,0.08499865978956223
1988-05-06,0.07452753186225891
1988-05-07,0.04425883665680885
1988-05-08,0.0497625432908535
1988-05-09,0.07353544235229492
1988-05-10,0.06484009325504303
1988-05-11,0.05459503084421158
1988-05-12,0.05485093966126442
1988-05-13,0.06060260161757469
1988-05-14,0.03765014186501503
1988-05-15,0.04759838432073593
1988-05-16,0.05834440141916275
1988-05-17,0.06336862593889236
1988-05-18,0.06998380273580551
1988-05-19,0.05773594230413437
1988-05-20,0.0900718942284584
1988-05-21,0.09039553254842758
1988-05-22,0.09545791149139404
1988-05-23,0.07147051393985748
1988-05-24,0.07933885604143143
1988-05-25,0.06869086623191833
1988-05-26,0.06982425600290298
1988-05-27,0.0571606270968914
1988-05-28,0.05151280388236046
1988-05-29,0.06293702870607376
1988-05-30,0.06122264638543129
1988-05-31,0.0740133672952652
1988-06-01,0.08591584116220474
1988-06-02,0.10509220510721207
1988-06-03,0.11165877431631088
1988-06-04,0.1026735007762909
1988-06-05,0.11850794404745102
1988-06-06,0.12977057695388794
1988-06-07,0.11870875209569931
1988-06-08,0.1139390766620636
1988-06-09,0.14347705245018005
1988-06-10,0.14225386083126068
1988-06-11,0.13112929463386536
1988-06-12,0.13834528625011444
1988-06-13,0.13729584217071533
1988-06-14,0.1312904804944992
1988-06-15,0.1240776851773262
1988-06-16,0.09508875012397766
1988-06-17,0.10328326374292374
1988-06-18,0.11987631022930145
1988-06-19,0.10919789969921112
1988-06-20,0.11151134967803955
1988-06-21,0.11258640140295029
1988-06-22,0.10893422365188599
1988-06-23,0.12645599246025085
1988-06-24,0.11947891116142273
1988-06-25,0.11890067160129547
1988-06-26,0.14216239750385284
1988-06-27,0.15988688170909882
1988-06-28,0.15412293374538422
1988-06-29,0.1380297988653183
1988-06-30,0.13772769272327423
1988-07-01,0.12262033671140671
1988-07-02,0.1220029816031456
1988-07-03,0.1289382427930832
1988-07-04,0.1526191085577011
1988-07-05,0.18652647733688354
1988-07-06,0.19797757267951965
1988-07-07,0.18795746564865112
1988-07-08,0.160956472158432
1988-07-09,0.16411347687244415
1988-07-10,0.16516734659671783
1988-07-11,0.1617031991481781
1988-07-12,0.17813518643379211
1988-07-13,0.15518853068351746
1988-07-14,0.14587350189685822
1988-07-15,0.14828060567378998
1988-07-16,0.1443168669939041
1988-07-17,0.15287207067012787
1988-07-18,0.10595591366291046
1988-07-19,0.15569277107715607
1988-07-20,0.13335257768630981
1988-07-21,0.1297210156917572
1988-07-22,0.13166336715221405
1988-07-23,0.1362672746181488
1988-07-24,0.1069682314991951
1988-07-25,0.10987568646669388
1988-07-26,0.11634475737810135
1988-07-27,0.13478277623653412
1988-07-28,0.14286163449287415
1988-07-29,0.13453155755996704
1988-07-30,0.10567058622837067
1988-07-31,0.1084372028708458
1988-08-01,0.11742457747459412
1988-08-02,0.09079833328723907
1988-08-03,0.08425288647413254
1988-08-04,0.09475208073854446
1988-08-05,0.05450071021914482
1988-08-06,0.07091169059276581
1988-08-07,0.07242076843976974
1988-08-08,0.052190881222486496
1988-08-09,0.04698678478598595
1988-08-10,0.03537832200527191
1988-08-11,0.05879950150847435
1988-08-12,0.050584472715854645
1988-08-13,0.04120964556932449
1988-08-14,0.0756923034787178
1988-08-15,0.08127663284540176
1988-08-16,0.06507859379053116
1988-08-17,0.042797911912202835
1988-08-18,0.03720890358090401
1988-08-19,0.05008845776319504
1988-08-20,0.05908399075269699
1988-08-21,0.056816183030605316
1988-08-22,0.0711568221449852
1988-08-23,0.0563814602792263
1988-08-24,0.038289379328489304
1988-08-25,0.043182872235774994
1988-08-26,0.05988327041268349
1988-08-27,0.07653387635946274
1988-08-28,0.10224658995866776
1988-08-29,0.11157206445932388
1988-08-30,0.10078494250774384
1988-08-31,0.08563978970050812
1988-09-01,0.06575947254896164
1988-09-02,0.036275334656238556
1988-09-03,0.04113326594233513
1988-09-04,0.04936550185084343
1988-09-05,0.06533855199813843
1988-09-06,0.06577784568071365
1988-09-07,0.06523925811052322
1988-09-08,0.0675191655755043
1988-09-09,0.06275413185358047
1988-09-10,0.02734595723450184
1988-09-11,0.05389678478240967
1988-09-12,0.07853299379348755
1988-09-13,0.06959929317235947
1988-09-14,0.0774487555027008
1988-09-15,0.08189794421195984
1988-09-16,0.07818692177534103
1988-09-17,0.06264452636241913
1988-09-18,0.08631257712841034
1988-09-19,0.09789126366376877
1988-09-20,0.09079530090093613
1988-09-21,0.08310247957706451
1988-09-22,0.06229883432388306
1988-09-23,0.04672285541892052
1988-09-24,0.05890113487839699
1988-09-25,0.06172602251172066
1988-09-26,0.05016298219561577
1988-09-27,0.02954164706170559
1988-09-28,0.03998761624097824
1988-09-29,0.04421691596508026
1988-09-30,0.007840612903237343
1988-10-01,0.02814195305109024
1988-10-02,0.0321904681622982
1988-10-03,0.04658010974526405
1988-10-04,0.045487359166145325
1988-10-05,0.04835747182369232
1988-10-06,0.03465196490287781
1988-10-07,0.0444851815700531
1988-10-08,0.04193023964762688
1988-10-09,0.0351107157766819
1988-10-10,0.04480567201972008
1988-10-11,0.04887686297297478
1988-10-12,0.033520087599754333
1988-10-13,0.0292716883122921
1988-10-14,0.006186254322528839
1988-10-15,-0.003093680366873741
1988-10-16,-0.017812861129641533
1988-10-17,0.01936277560889721
1988-10-18,-0.0019024471985176206
1988-10-19,-0.018447119742631912
1988-10-20,-0.04768780991435051
1988-10-21,-0.002429537707939744
1988-10-22,0.01268831454217434
1988-10-23,0.0234922394156456
1988-10-24,0.03578536957502365
1988-10-25,0.018887348473072052
1988-10-26,0.02126685343682766
1988-10-27,0.03217034786939621
1988-10-28,-0.005300287622958422
1988-10-29,-0.008516681380569935
1988-10-30,-0.020215241238474846
1988-10-31,-0.0006528128869831562
1988-11-01,-0.025922298431396484
1988-11-02,-0.030316855758428574
1988-11-03,-0.034203097224235535
1988-11-04,-0.03652158007025719
1988-11-05,-0.06016018986701965
1988-11-06,-0.05887501686811447
1988-11-07,-0.04562435671687126
1988-11-08,-0.03907272219657898
1988-11-09,-0.051518093794584274
1988-11-10,-0.05283549055457115
1988-11-11,-0.042228855192661285
1988-11-12,-0.0513419434428215
1988-11-13,-0.0186633188277483
1988-11-14,-0.012204672209918499
1988-11-15,-0.0408722385764122
1988-11-16,-0.058409739285707474
1988-11-17,-0.06535541266202927
1988-11-18,-0.06868979334831238
1988-11-19,-0.05756233632564545
1988-11-20,-0.06256891787052155
1988-11-21,-0.059467121958732605
1988-11-22,-0.05728751793503761
1988-11-23,-0.04410288855433464
1988-11-24,-0.046023521572351456
1988-11-25,-0.024756401777267456
1988-11-26,-0.019057657569646835
1988-11-27,0.013753270730376244
1988-11-28,0.026904873549938202
1988-11-29,0.03627757728099823
1988-11-30,0.039196789264678955
1988-12-01,0.05310286581516266
1988-12-02,0.03767929971218109
1988-12-03,0.04362696036696434
1988-12-04,0.06944523006677628
1988-12-05,0.061015814542770386
1988-12-06,0.049658503383398056
1988-12-07,0.0856613740324974
1988-12-08,0.09270023554563522
1988-12-09,0.050700053572654724
1988-12-10,0.06969518959522247
1988-12-11,0.05004823952913284
1988-12-12,0.02920420840382576
1988-12-13,0.01729072816669941
1988-12-14,0.02242925576865673
1988-12-15,0.020695287734270096
1988-12-16,0.018911832943558693
1988-12-17,0.0022427502553910017
1988-12-18,-0.005453807767480612
1988-12-19,0.005126709584146738
1988-12-20,-0.002436854410916567
1988-12-21,-0.00879646372050047
1988-12-22,0.021535510197281837
1988-12-23,-0.007020902819931507
1988-12-24,0.003756697988137603
1988-12-25,0.0024197560269385576
1988-12-26,0.04509377107024193
1988-12-27,0.0319233201444149
1988-12-28,0.03953833505511284
1988-12-29,0.03050987608730793
1988-12-30,0.031577713787555695
1988-12-31,0.045649271458387375
1989-01-01,0.05691651627421379
1989-01-02,0.04705397039651871
1989-01-03,0.06248285621404648
1989-01-04,0.06287465244531631
1989-01-05,0.07892896980047226
1989-01-06,0.07152289897203445
1989-01-07,0.05463239178061485
1989-01-08,0.03238842263817787
1989-01-09,0.039681363850831985
1989-01-10,0.04344645142555237
1989-01-11,0.03232515975832939
1989-01-12,0.057353630661964417
1989-01-13,0.04649868607521057
1989-01-14,0.048065103590488434
1989-01-15,0.056597478687763214
1989-01-16,0.08296502381563187
1989-01-17,0.08581840991973877
1989-01-18,0.06455332785844803
1989-01-19,0.06748299300670624
1989-01-20,0.07566201686859131
1989-01-21,0.08468440920114517
1989-01-22,0.10138845443725586
1989-01-23,0.10186627507209778
1989-01-24,0.09684394299983978
1989-01-25,0.09751894325017929
1989-01-26,0.099480040371418
1989-01-27,0.11269114166498184
1989-01-28,0.13149966299533844
1989-01-29,0.11460909247398376
1989-01-30,0.12059028446674347
1989-01-31,0.1078021451830864
1989-02-01,0.1079552099108696
1989-02-02,0.11113598942756653
1989-02-03,0.12107598036527634
1989-02-04,0.13043518364429474
1989-02-05,0.129997119307518
1989-02-06,0.12866614758968353
1989-02-07,0.14372311532497406
1989-02-08,0.13739244639873505
1989-02-09,0.12231507897377014
1989-02-10,0.1427735984325409
1989-02-11,0.1370648890733719
1989-02-12,0.13934344053268433
1989-02-13,0.15219539403915405
1989-02-14,0.16757407784461975
1989-02-15,0.1673596203327179
1989-02-16,0.17175590991973877
1989-02-17,0.17167901992797852
1989-02-18,0.1568911075592041
1989-02-19,0.152822345495224
1989-02-20,0.14209924638271332
1989-02-21,0.16860570013523102
1989-02-22,0.1423153430223465
1989-02-23,0.13791987299919128
1989-02-24,0.135846808552742
1989-02-25,0.11427505314350128
1989-02-26,0.10664631426334381
1989-02-27,0.10893666744232178
1989-02-28,0.10282717645168304
1989-03-01,0.07255436480045319
1989-03-02,0.07868480682373047
1989-03-03,0.0712125301361084
1989-03-04,0.07159905135631561
1989-03-05,0.101437509059906
1989-03-06,0.11253681033849716
1989-03-07,0.11787641793489456
1989-03-08,0.12929433584213257
1989-03-09,0.12732213735580444
1989-03-10,0.13396340608596802
1989-03-11,0.10064713656902313
1989-03-12,0.10529714077711105
1989-03-13,0.1173577606678009
1989-03-14,0.10743554681539536
1989-03-15,0.09926000982522964
1989-03-16,0.10521294921636581
1989-03-17,0.09547477215528488
1989-03-18,0.068693608045578
1989-03-19,0.06092460826039314
1989-03-20,0.07206011563539505
1989-03-21,0.06506917625665665
1989-03-22,0.055545005947351456
1989-03-23,0.04793643578886986
1989-03-24,0.03342863917350769
1989-03-25,0.030185531824827194
1989-03-26,0.06397545337677002
1989-03-27,0.06492482125759125
1989-03-28,0.05498482659459114
1989-03-29,0.03562917187809944
1989-03-30,0.05628015100955963
1989-03-31,0.06004960089921951
1989-04-01,0.058170635253190994
1989-04-02,0.052511874586343765
1989-04-03,0.04266037791967392
1989-04-04,0.03555459901690483
1989-04-05,0.037657637149095535
1989-04-06,0.03036930039525032
1989-04-07,-0.01010157074779272
1989-04-08,-0.02646210603415966
1989-04-09,-0.036345310509204865
1989-04-10,-0.021100474521517754
1989-04-11,-0.005904950201511383
1989-04-12,-0.0002504153235349804
1989-04-13,-0.0018144409405067563
1989-04-14,-0.0033801051322370768
1989-04-15,0.0038729964289814234
1989-04-16,0.021537283435463905
1989-04-17,0.043090883642435074
1989-04-18,0.037504807114601135
1989-04-19,0.03919856622815132
1989-04-20,0.030570074915885925
1989-04-21,0.031855300068855286
1989-04-22,0.029522569850087166
1989-04-23,0.020197028294205666
1989-04-24,0.007239892613142729
1989-04-25,-0.0033896903041750193
1989-04-26,0.0131138376891613
1989-04-27,0.001780293183401227
1989-04-28,0.0024851278867572546
1989-04-29,0.016528824344277382
1989-04-30,0.014057125896215439
1989-05-01,0.03568936139345169
1989-05-02,0.031114613637328148
1989-05-03,0.04913415014743805
1989-05-04,0.050941355526447296
1989-05-05,0.04526373744010925
1989-05-06,0.023116856813430786
1989-05-07,0.015562553890049458
1989-05-08,0.004654969088733196
1989-05-09,0.013573777861893177
1989-05-10,-0.0012154808500781655
1989-05-11,-0.01849769428372383
1989-05-12,-0.029072241857647896
1989-05-13,-0.020800502970814705
1989-05-14,-0.02162998542189598
1989-05-15,-0.01785108633339405
1989-05-16,-0.0015022048028185964
1989-05-17,0.03292017802596092
1989-05-18,0.032254524528980255
1989-05-19,0.031027330085635185
1989-05-20,0.009689836762845516
1989-05-21,0.03464410826563835
1989-05-22,0.05142148211598396
1989-05-23,0.039748068898916245
1989-05-24,0.07220110297203064
1989-05-25,0.08572059869766235
1989-05-26,0.05840746685862541
1989-05-27,0.025446634739637375
1989-05-28,0.023059861734509468
1989-05-29,0.0169450081884861
1989-05-30,-0.03812536969780922
1989-05-31,-0.02592993527650833
1989-06-01,-0.020052889361977577
1989-06-02,-0.03625130653381348
1989-06-03,-0.05325423553586006
1989-06-04,-0.0435316227376461
1989-06-05,-0.03331686556339264
1989-06-06,-0.018460216000676155
1989-06-07,-0.01008856762200594
1989-06-08,0.010394466109573841
1989-06-09,0.022626468911767006
1989-06-10,0.038935862481594086
1989-06-11,0.03784503415226936
1989-06-12,0.035980649292469025
1989-06-13,0.05132365599274635
1989-06-14,0.05132196471095085
1989-06-15,0.05290956050157547
1989-06-16,0.048160094767808914
1989-06-17,0.0266472976654768
1989-06-18,0.03667633607983589
1989-06-19,0.04059186950325966
1989-06-20,0.04578092694282532
1989-06-21,0.04414719343185425
1989-06-22,0.02206108346581459
1989-06-23,0.02978355623781681
1989-06-24,0.051538266241550446
1989-06-25,0.07179069519042969
1989-06-26,0.07172025740146637
1989-06-27,0.07907644659280777
1989-06-28,0.08033843338489532
1989-06-29,0.07927089184522629
1989-06-30,0.06211211159825325
1989-07-01,0.03908262029290199
1989-07-02,0.036994315683841705
1989-07-03,0.05201860889792442
1989-07-04,0.09412883222103119
1989-07-05,0.10871154069900513
1989-07-06,0.09963057190179825
1989-07-07,0.1052335649728775
1989-07-08,0.09610229730606079
1989-07-09,0.11501534283161163
1989-07-10,0.1378699243068695
1989-07-11,0.1281956136226654
1989-07-12,0.1145506277680397
1989-07-13,0.11115867644548416
1989-07-14,0.07570470124483109
1989-07-15,0.040800414979457855
1989-07-16,0.05650712922215462
1989-07-17,0.05762879177927971
1989-07-18,0.05255492031574249
1989-07-19,0.04147470369935036
1989-07-20,0.04396526888012886
1989-07-21,0.05142423138022423
1989-07-22,0.044053815305233
1989-07-23,0.06514252722263336
1989-07-24,0.08190946280956268
1989-07-25,0.12917974591255188
1989-07-26,0.0988176241517067
1989-07-27,0.09762425720691681
1989-07-28,0.06250670552253723
1989-07-29,0.07477673888206482
1989-07-30,0.07687028497457504
1989-07-31,0.08721005916595459
1989-08-01,0.09739969670772552
1989-08-02,0.09893728792667389
1989-08-03,0.11108408868312836
1989-08-04,0.08489205688238144
1989-08-05,0.08642060309648514
1989-08-06,0.10134989768266678
1989-08-07,0.11113433539867401
1989-08-08,0.09087509661912918
1989-08-09,0.07419837266206741
1989-08-10,0.08673988282680511
1989-08-11,0.10403437912464142
1989-08-12,0.09859807789325714
1989-08-13,0.06406129151582718
1989-08-14,0.045357394963502884
1989-08-15,0.008213226683437824
1989-08-16,0.023028524592518806
1989-08-17,-0.0011203424073755741
1989-08-18,-0.004362117499113083
1989-08-19,0.0013319792924448848
1989-08-20,0.009504755958914757
1989-08-21,0.008297129534184933
1989-08-22,-0.031831882894039154
1989-08-23,-0.06258908659219742
1989-08-24,-0.06374859809875488
1989-08-25,-0.08847255259752274
1989-08-26,-0.14150120317935944
1989-08-27,-0.1428227722644806
1989-08-28,-0.12643131613731384
1989-08-29,-0.144038587808609
1989-08-30,-0.13251741230487823
1989-08-31,-0.12037049978971481
1989-09-01,-0.11379808932542801
1989-09-02,-0.10477307438850403
1989-09-03,-0.10072192549705505
1989-09-04,-0.09843985736370087
1989-09-05,-0.08713741600513458
1989-09-06,-0.08574212342500687
1989-09-07,-0.09668964892625809
1989-09-08,-0.08973561227321625
1989-09-09,-0.11239922046661377
1989-09-10,-0.07259461283683777
1989-09-11,-0.06239037960767746
1989-09-12,-0.06403741985559464
1989-09-13,-0.06515645235776901
1989-09-14,-0.03072379156947136
1989-09-15,-0.031005971133708954
1989-09-16,-0.031381744891405106
1989-09-17,-0.0052075996063649654
1989-09-18,0.006087176036089659
1989-09-19,-0.0013240629341453314
1989-09-20,-0.011095869354903698
1989-09-21,0.002044309861958027
1989-09-22,0.0036678409669548273
1989-09-23,0.013460145331919193
1989-09-24,0.01723424345254898
1989-09-25,0.009448248893022537
1989-09-26,0.005681265145540237
1989-09-27,0.019109299406409264
1989-09-28,0.021554009988904
1989-09-29,0.049840886145830154
1989-09-30,0.08128449320793152
1989-10-01,0.10285291820764542
1989-10-02,0.1264531910419464
1989-10-03,0.12220190465450287
1989-10-04,0.13948240876197815
1989-10-05,0.14611752331256866
1989-10-06,0.14574864506721497
1989-10-07,0.13973158597946167
1989-10-08,0.16006797552108765
1989-10-09,0.17191240191459656
1989-10-10,0.1629936397075653
1989-10-11,0.13800165057182312
1989-10-12,0.1338740736246109
1989-10-13,0.12991462647914886
1989-10-14,0.1187480241060257
1989-10-15,0.09872420877218246
1989-10-16,0.08278391510248184
1989-10-17,0.05611146613955498
1989-10-18,0.04592769593000412
1989-10-19,0.025437552481889725
1989-10-20,0.031398236751556396
1989-10-21,0.054206326603889465
1989-10-22,0.07301697134971619
1989-10-23,0.051135290414094925
1989-10-24,0.030720092356204987
1989-10-25,0.017459964379668236
1989-10-26,0.029325194656848907
1989-10-27,0.0276946984231472
1989-10-28,0.011698330752551556
1989-10-29,-0.0003975865838583559
1989-10-30,0.014836888760328293
1989-10-31,0.003733366262167692
1989-11-01,0.007483961060643196
1989-11-02,0.0065500750206410885
1989-11-03,-0.00844582635909319
1989-11-04,-0.01790156401693821
1989-11-05,-0.024531235918402672
1989-11-06,-0.025233963504433632
1989-11-07,-0.02838652767241001
1989-11-08,-0.0237733107060194
1989-11-09,-0.015199070796370506
1989-11-10,-0.00913925375789404
1989-11-11,0.009188366122543812
1989-11-12,0.01427470799535513
1989-11-13,0.04622592777013779
1989-11-14,0.08055804669857025
1989-11-15,0.09515367448329926
1989-11-16,0.06817131489515305
1989-11-17,0.0680931881070137
1989-11-18,0.03760324791073799
1989-11-19,0.06630929559469223
1989-11-20,0.05236927047371864
1989-11-21,0.03133193776011467
1989-11-22,0.02296135388314724
1989-11-23,0.009755212813615799
1989-11-24,0.023275695741176605
1989-11-25,0.008539503440260887
1989-11-26,-0.00775852520018816
1989-11-27,-0.000622731982730329
1989-11-28,0.006908511742949486
1989-11-29,0.023884503170847893
1989-11-30,-0.0013390681706368923
1989-12-01,0.020035292953252792
1989-12-02,0.006017513107508421
1989-12-03,0.025258492678403854
1989-12-04,0.04860090836882591
1989-12-05,0.05380133539438248
1989-12-06,0.051714763045310974
1989-12-07,0.049173105508089066
1989-12-08,0.036089759320020676
1989-12-09,0.025215566158294678
1989-12-10,0.05209923908114433
1989-12-11,0.06731496006250381
1989-12-12,0.07787961512804031
1989-12-13,0.048312172293663025
1989-12-14,0.050503455102443695
1989-12-15,0.03921203315258026
1989-12-16,0.007044637575745583
1989-12-17,0.011146542616188526
1989-12-18,0.015940753743052483
1989-12-19,0.002628669375553727
1989-12-20,-0.02589915506541729
1989-12-21,-0.028202461078763008
1989-12-22,-0.008853692561388016
1989-12-23,0.014755257405340672
1989-12-24,0.023669129237532616
1989-12-25,0.04203232377767563
1989-12-26,0.0568716786801815
1989-12-27,0.07130985707044601
1989-12-28,0.08063162118196487
1989-12-29,0.08272962272167206
1989-12-30,0.07134778052568436
1989-12-31,0.05561543256044388
1990-01-01,0.06297670304775238
1990-01-02,0.031048759818077087
1990-01-03,0.033394597470760345
1990-01-04,0.02478701062500477
1990-01-05,0.046940550208091736
1990-01-06,0.03633943945169449
1990-01-07,0.05247698351740837
1990-01-08,0.0716002807021141
1990-01-09,0.07173126935958862
1990-01-10,0.05689958110451698
1990-01-11,0.0644780620932579
1990-01-12,0.06787755340337753
1990-01-13,0.06899672746658325
1990-01-14,0.08449308574199677
1990-01-15,0.10287201404571533
1990-01-16,0.10850987583398819
1990-01-17,0.097421795129776
1990-01-18,0.07411729544401169
1990-01-19,0.07867579907178879
1990-01-20,0.0631878599524498
1990-01-21,0.0637902021408081
1990-01-22,0.07060526311397552
1990-01-23,0.07581757009029388
1990-01-24,0.07274311780929565
1990-01-25,0.062180086970329285
1990-01-26,0.04947808384895325
1990-01-27,0.06589855253696442
1990-01-28,0.06998804211616516
1990-01-29,0.06154078245162964
1990-01-30,0.07640663534402847
1990-01-31,0.06513216346502304
1990-02-01,0.06937144696712494
1990-02-02,0.05936342105269432
1990-02-03,0.06388762593269348
1990-02-04,0.08182656764984131
1990-02-05,0.07620924711227417
1990-02-06,0.047178808599710464
1990-02-07,0.07072234153747559
1990-02-08,0.08053398877382278
1990-02-09,0.06525528430938721
1990-02-10,0.06865591555833817
1990-02-11,0.06445793062448502
1990-02-12,0.09760446101427078
1990-02-13,0.11541926115751266
1990-02-14,0.09862358868122101
1990-02-15,0.10398630052804947
1990-02-16,0.08004019409418106
1990-02-17,0.07743731141090393
1990-02-18,0.06153823062777519
1990-02-19,0.05468486249446869
1990-02-20,0.03753816708922386
1990-02-21,0.022149797528982162
1990-02-22,0.012209156528115273
1990-02-23,0.013200929388403893
1990-02-24,0.02445533685386181
1990-02-25,0.050048261880874634
1990-02-26,0.03558904305100441
1990-02-27,0.03150971233844757
1990-02-28,0.04525311291217804
1990-03-01,0.05876801162958145
1990-03-02,0.047619711607694626
1990-03-03,0.041582413017749786
1990-03-04,0.06074395030736923
1990-03-05,0.07836882770061493
1990-03-06,0.07273025810718536
1990-03-07,0.08731573820114136
1990-03-08,0.06927967071533203
1990-03-09,0.050244152545928955
1990-03-10,0.04903344064950943
1990-03-11,0.05612867698073387
1990-03-12,0.056025173515081406
1990-03-13,0.040197379887104034
1990-03-14,0.03518350049853325
1990-03-15,0.04888711869716644
1990-03-16,0.00867325160652399
1990-03-17,0.015669435262680054
1990-03-18,0.010264517739415169
1990-03-19,0.015566722489893436
1990-03-20,-0.012921939603984356
1990-03-21,-0.01431156788021326
1990-03-22,-0.01299122255295515
1990-03-23,-0.018352972343564034
1990-03-24,0.0058568804524838924
1990-03-25,0.009496133774518967
1990-03-26,0.02153845503926277
1990-03-27,0.025244440883398056
1990-03-28,0.03013359010219574
1990-03-29,0.035718224942684174
1990-03-30,0.04437229409813881
1990-03-31,0.017861580476164818
1990-04-01,0.022097421810030937
1990-04-02,0.0055015417747199535
1990-04-03,-0.006132483948022127
1990-04-04,-0.0003134359430987388
1990-04-05,0.0024677987676113844
1990-04-06,-0.0022494473960250616
1990-04-07,-0.011898958124220371
1990-04-08,0.001713364850729704
1990-04-09,0.02832629717886448
1990-04-10,0.020497772842645645
1990-04-11,0.021263880655169487
1990-04-12,-0.004025153815746307
1990-04-13,-0.0026515694335103035
1990-04-14,0.012738065794110298
1990-04-15,0.016422495245933533
1990-04-16,0.005621079355478287
1990-04-17,0.019516127184033394
1990-04-18,0.01577388308942318
1990-04-19,0.02588418684899807
1990-04-20,0.006582637783139944
1990-04-21,0.0038350375834852457
1990-04-22,0.023408077657222748
1990-04-23,0.05424964055418968
1990-04-24,0.04757913947105408
1990-04-25,0.05310499295592308
1990-04-26,0.04036878049373627
1990-04-27,0.048448510468006134
1990-04-28,0.02176685258746147
1990-04-29,0.009345278143882751
1990-04-30,0.004821673035621643
1990-05-01,-0.01854347437620163
1990-05-02,-0.027119068428874016
1990-05-03,-0.00691659189760685
1990-05-04,-0.010431532748043537
1990-05-05,-0.034744907170534134
1990-05-06,-0.027223803102970123
1990-05-07,-0.016960840672254562
1990-05-08,-0.0067323679104447365
1990-05-09,-0.027812739834189415
1990-05-10,-0.027591148391366005
1990-05-11,-0.04620189964771271
1990-05-12,-0.050648774951696396
1990-05-13,-0.03536950796842575
1990-05-14,-0.04523225501179695
1990-05-15,-0.0373179167509079
1990-05-16,-0.03952675685286522
1990-05-17,-0.029674530029296875
1990-05-18,-0.04800514504313469
1990-05-19,-0.06855965405702591
1990-05-20,-0.07260509580373764
1990-05-21,-0.0795631930232048
1990-05-22,-0.02933521196246147
1990-05-23,-0.050788816064596176
1990-05-24,-0.059911035001277924
1990-05-25,-0.05111173912882805
1990-05-26,-0.02924899011850357
1990-05-27,-0.02918274514377117
1990-05-28,-0.01958877593278885
1990-05-29,-0.01572369784116745
1990-05-30,-0.0047306097112596035
1990-05-31,0.0014338932232931256
1990-06-01,-0.022179190069437027
1990-06-02,-0.018925199285149574
1990-06-03,-0.015301750972867012
1990-06-04,0.007824210450053215
1990-06-05,0.0019694119691848755
1990-06-06,0.028042977675795555
1990-06-07,0.03456629440188408
1990-06-08,0.052253201603889465
1990-06-09,0.0353708453476429
1990-06-10,0.044317588210105896
1990-06-11,0.06510191410779953
1990-06-12,0.07837401330471039
1990-06-13,0.09228793531656265
1990-06-14,0.037735965102910995
1990-06-15,0.04526812583208084
1990-06-16,0.03669405356049538
1990-06-17,0.06203332170844078
1990-06-18,0.05373712256550789
1990-06-19,0.0831063911318779
1990-06-20,0.08268064260482788
1990-06-21,0.07320424914360046
1990-06-22,0.050297725945711136
1990-06-23,0.06474566459655762
1990-06-24,0.10695277899503708
1990-06-25,0.11298452317714691
1990-06-26,0.09472043812274933
1990-06-27,0.08901621401309967
1990-06-28,0.08993125706911087
1990-06-29,0.10746131092309952
1990-06-30,0.12695182859897614
1990-07-01,0.12970797717571259
1990-07-02,0.12418173253536224
1990-07-03,0.11033067852258682
1990-07-04,0.07898038625717163
1990-07-05,0.09983158856630325
1990-07-06,0.11224415898323059
1990-07-07,0.10398182272911072
1990-07-08,0.08445123583078384
1990-07-09,0.09551704674959183
1990-07-10,0.08646979182958603
1990-07-11,0.07537871599197388
1990-07-12,0.0930439680814743
1990-07-13,0.10811983793973923
1990-07-14,0.08968134224414825
1990-07-15,0.08009501546621323
1990-07-16,0.0711735412478447
1990-07-17,0.02631651610136032
1990-07-18,0.0004192691412754357
1990-07-19,-0.011048728600144386
1990-07-20,0.004356999881565571
1990-07-21,-0.0008191067026928067
1990-07-22,-0.0027065842878073454
1990-07-23,-0.027565129101276398
1990-07-24,-0.04059356078505516
1990-07-25,-0.048050470650196075
1990-07-26,-0.04102085158228874
1990-07-27,-0.04751868546009064
1990-07-28,-0.0534600168466568
1990-07-29,-0.06886979937553406
1990-07-30,-0.05282653495669365
1990-07-31,-0.07601485401391983
1990-08-01,-0.09165722876787186
1990-08-02,-0.08856446295976639
1990-08-03,-0.12667714059352875
1990-08-04,-0.15553219616413116
1990-08-05,-0.13745439052581787
1990-08-06,-0.11919562518596649
1990-08-07,-0.1507028043270111
1990-08-08,-0.1851320117712021
1990-08-09,-0.18543902039527893
1990-08-10,-0.1278354376554489
1990-08-11,-0.15983536839485168
1990-08-12,-0.13898134231567383
1990-08-13,-0.16609594225883484
1990-08-14,-0.1726515293121338
1990-08-15,-0.17755602300167084
1990-08-16,-0.16973243653774261
1990-08-17,-0.17967723309993744
1990-08-18,-0.241270050406456
1990-08-19,-0.2446843981742859
1990-08-20,-0.2376108467578888
1990-08-21,-0.2449026107788086
1990-08-22,-0.2258194237947464
1990-08-23,-0.21338653564453125
1990-08-24,-0.25306418538093567
1990-08-25,-0.2196439653635025
1990-08-26,-0.21808122098445892
1990-08-27,-0.22770966589450836
1990-08-28,-0.24008119106292725
1990-08-29,-0.25809887051582336
1990-08-30,-0.25747236609458923
1990-08-31,-0.2556089460849762
1990-09-01,-0.2485426664352417
1990-09-02,-0.2684938311576843
1990-09-03,-0.2519947290420532
1990-09-04,-0.2706592082977295
1990-09-05,-0.2643684148788452
1990-09-06,-0.23569738864898682
1990-09-07,-0.237189382314682
1990-09-08,-0.25990813970565796
1990-09-09,-0.24976491928100586
1990-09-10,-0.22750292718410492
1990-09-11,-0.24127580225467682
1990-09-12,-0.24109087884426117
1990-09-13,-0.22841206192970276
1990-09-14,-0.236160546541214
1990-09-15,-0.2551344633102417
1990-09-16,-0.2435625046491623
1990-09-17,-0.20582915842533112
1990-09-18,-0.21891701221466064
1990-09-19,-0.23060163855552673
1990-09-20,-0.2388758808374405
1990-09-21,-0.2436136156320572
1990-09-22,-0.25364768505096436
1990-09-23,-0.25547274947166443
1990-09-24,-0.26551488041877747
1990-09-25,-0.29359006881713867
1990-09-26,-0.3227691054344177
1990-09-27,-0.3271704614162445
1990-09-28,-0.30578070878982544
1990-09-29,-0.2891668379306793
1990-09-30,-0.2852955162525177
1990-10-01,-0.2799657881259918
1990-10-02,-0.25976404547691345
1990-10-03,-0.24758635461330414
1990-10-04,-0.2416263073682785
1990-10-05,-0.2574879229068756
1990-10-06,-0.2796160578727722
1990-10-07,-0.29130032658576965
1990-10-08,-0.28938615322113037
1990-10-09,-0.29234638810157776
1990-10-10,-0.2623229920864105
1990-10-11,-0.2620663046836853
1990-10-12,-0.23615311086177826
1990-10-13,-0.21904894709587097
1990-10-14,-0.2133464217185974
1990-10-15,-0.2191334068775177
1990-10-16,-0.21021071076393127
1990-10-17,-0.20182108879089355
1990-10-18,-0.1985546350479126
1990-10-19,-0.20654438436031342
1990-10-20,-0.19802315533161163
1990-10-21,-0.2038114070892334
1990-10-22,-0.19636675715446472
1990-10-23,-0.19232803583145142
1990-10-24,-0.20288263261318207
1990-10-25,-0.18990150094032288
1990-10-26,-0.17536354064941406
1990-10-27,-0.15748120844364166
1990-10-28,-0.153736412525177
1990-10-29,-0.15566618740558624
1990-10-30,-0.1667948216199875
1990-10-31,-0.15852637588977814
1990-11-01,-0.15839852392673492
1990-11-02,-0.18349102139472961
1990-11-03,-0.2011355459690094
1990-11-04,-0.1831354796886444
1990-11-05,-0.1981356143951416
1990-11-06,-0.1665308177471161
1990-11-07,-0.1679486483335495
1990-11-08,-0.17111793160438538
1990-11-09,-0.17336587607860565
1990-11-10,-0.19335797429084778
1990-11-11,-0.1894625574350357
1990-11-12,-0.19179648160934448
1990-11-13,-0.21389435231685638
1990-11-14,-0.2343052476644516
1990-11-15,-0.22115792334079742
1990-11-16,-0.22764866054058075
1990-11-17,-0.2304382026195526
1990-11-18,-0.22870683670043945
1990-11-19,-0.22724510729312897
1990-11-20,-0.22632768750190735
1990-11-21,-0.22098904848098755
1990-11-22,-0.22512967884540558
1990-11-23,-0.24531055986881256
1990-11-24,-0.2434324473142624
1990-11-25,-0.23537017405033112
1990-11-26,-0.2583840787410736
1990-11-27,-0.2664429545402527
1990-11-28,-0.24104663729667664
1990-11-29,-0.2333231270313263
1990-11-30,-0.2379566729068756
1990-12-01,-0.249893456697464
1990-12-02,-0.23008093237876892
1990-12-03,-0.2356816679239273
1990-12-04,-0.2828902006149292
1990-12-05,-0.27118608355522156
1990-12-06,-0.27228784561157227
1990-12-07,-0.28095927834510803
1990-12-08,-0.2909517288208008
1990-12-09,-0.27555570006370544
1990-12-10,-0.2364446520805359
1990-12-11,-0.23769056797027588
1990-12-12,-0.2424885630607605
1990-12-13,-0.22880707681179047
1990-12-14,-0.23661592602729797
1990-12-15,-0.24819710850715637
1990-12-16,-0.23617064952850342
1990-12-17,-0.25517117977142334
1990-12-18,-0.27271273732185364
1990-12-19,-0.2717995047569275
1990-12-20,-0.24503912031650543
1990-12-21,-0.2266661524772644
1990-12-22,-0.21996188163757324
1990-12-23,-0.2259557992219925
1990-12-24,-0.24838809669017792
1990-12-25,-0.19523590803146362
1990-12-26,-0.194373220205307
1990-12-27,-0.20105524361133575
1990-12-28,-0.21548813581466675
1990-12-29,-0.21195586025714874
1990-12-30,-0.21650201082229614
1990-12-31,-0.19514569640159607
1991-01-01,-0.20808371901512146
1991-01-02,-0.2402312457561493
1991-01-03,-0.2509167790412903
1991-01-04,-0.25113150477409363
1991-01-05,-0.2746211588382721
1991-01-06,-0.27546247839927673
1991-01-07,-0.28135401010513306
1991-01-08,-0.2883072793483734
1991-01-09,-0.3007514178752899
1991-01-10,-0.27415674924850464
1991-01-11,-0.28026166558265686
1991-01-12,-0.3098205626010895
1991-01-13,-0.31675586104393005
1991-01-14,-0.31774547696113586
1991-01-15,-0.3074442148208618
1991-01-16,-0.317700058221817
1991-01-17,-0.33092233538627625
1991-01-18,-0.3394034802913666
1991-01-19,-0.3491419553756714
1991-01-20,-0.3326917290687561
1991-01-21,-0.3372253179550171
1991-01-22,-0.32425549626350403
1991-01-23,-0.3283696472644806
1991-01-24,-0.3322829306125641
1991-01-25,-0.3344508409500122
1991-01-26,-0.31010502576828003
1991-01-27,-0.31242844462394714
1991-01-28,-0.30785489082336426
1991-01-29,-0.3064410984516144
1991-01-30,-0.3033365309238434
1991-01-31,-0.29859936237335205
1991-02-01,-0.31891921162605286
1991-02-02,-0.3498166799545288
1991-02-03,-0.37243834137916565
1991-02-04,-0.3538369834423065
1991-02-05,-0.3397364318370819
1991-02-06,-0.33862125873565674
1991-02-07,-0.340687096118927
1991-02-08,-0.3514357805252075
1991-02-09,-0.31692296266555786
1991-02-10,-0.3094247877597809
1991-02-11,-0.3128143846988678
1991-02-12,-0.32624492049217224
1991-02-13,-0.3280412256717682
1991-02-14,-0.3241552710533142
1991-02-15,-0.3169161081314087
1991-02-16,-0.30514487624168396
1991-02-17,-0.29714635014533997
1991-02-18,-0.2884794771671295
1991-02-19,-0.2894885241985321
1991-02-20,-0.28128769993782043
1991-02-21,-0.2676076889038086
1991-02-22,-0.25831881165504456
1991-02-23,-0.22732853889465332
1991-02-24,-0.20879027247428894
1991-02-25,-0.21689893305301666
1991-02-26,-0.2007511854171753
1991-02-27,-0.17939984798431396
1991-02-28,-0.1876455843448639
1991-03-01,-0.18771463632583618
1991-03-02,-0.19995854794979095
1991-03-03,-0.1693800538778305
1991-03-04,-0.18722279369831085
1991-03-05,-0.20074330270290375
1991-03-06,-0.21924369037151337
1991-03-07,-0.20467479526996613
1991-03-08,-0.22738629579544067
1991-03-09,-0.26352497935295105
1991-03-10,-0.23911263048648834
1991-03-11,-0.21899202466011047
1991-03-12,-0.21609430015087128
1991-03-13,-0.2189027965068817
1991-03-14,-0.21119940280914307
1991-03-15,-0.226531982421875
1991-03-16,-0.22926899790763855
1991-03-17,-0.22728875279426575
1991-03-18,-0.21146810054779053
1991-03-19,-0.19865331053733826
1991-03-20,-0.21766866743564606
1991-03-21,-0.19975128769874573
1991-03-22,-0.18938107788562775
1991-03-23,-0.20691029727458954
1991-03-24,-0.19937537610530853
1991-03-25,-0.19254720211029053
1991-03-26,-0.1823471337556839
1991-03-27,-0.14887064695358276
1991-03-28,-0.13882778584957123
1991-03-29,-0.13375422358512878
1991-03-30,-0.11507389694452286
1991-03-31,-0.1060992032289505
1991-04-01,-0.09136620163917542
1991-04-02,-0.08502427488565445
1991-04-03,-0.07550681382417679
1991-04-04,-0.10453955829143524
1991-04-05,-0.142487570643425
1991-04-06,-0.17326369881629944
1991-04-07,-0.1478348672389984
1991-04-08,-0.1586238145828247
1991-04-09,-0.15767881274223328
1991-04-10,-0.1647394299507141
1991-04-11,-0.16230618953704834
1991-04-12,-0.15293914079666138
1991-04-13,-0.15641920268535614
1991-04-14,-0.13290534913539886
1991-04-15,-0.09498956799507141
1991-04-16,-0.09753439575433731
1991-04-17,-0.08869795501232147
1991-04-18,-0.10103918612003326
1991-04-19,-0.11335960030555725
1991-04-20,-0.14101405441761017
1991-04-21,-0.11903112381696701
1991-04-22,-0.10873624682426453
1991-04-23,-0.11191178113222122
1991-04-24,-0.10862132906913757
1991-04-25,-0.1113629937171936
1991-04-26,-0.12927359342575073
1991-04-27,-0.1270066648721695
1991-04-28,-0.14772707223892212
1991-04-29,-0.1464201658964157
1991-04-30,-0.14080393314361572
1991-05-01,-0.13049282133579254
1991-05-02,-0.12284894287586212
1991-05-03,-0.12177908420562744
1991-05-04,-0.14655542373657227
1991-05-05,-0.15953142940998077
1991-05-06,-0.14434322714805603
1991-05-07,-0.135528102517128
1991-05-08,-0.13272055983543396
1991-05-09,-0.12929534912109375
1991-05-10,-0.13435228168964386
1991-05-11,-0.1341467946767807
1991-05-12,-0.129034161567688
1991-05-13,-0.1319415271282196
1991-05-14,-0.13094525039196014
1991-05-15,-0.1306384652853012
1991-05-16,-0.12812572717666626
1991-05-17,-0.13845300674438477
1991-05-18,-0.14052823185920715
1991-05-19,-0.14351166784763336
1991-05-20,-0.15630531311035156
1991-05-21,-0.1570766717195511
1991-05-22,-0.16446496546268463
1991-05-23,-0.15579962730407715
1991-05-24,-0.15542520582675934
1991-05-25,-0.1330096572637558
1991-05-26,-0.139199361205101
1991-05-27,-0.13723386824131012
1991-05-28,-0.13411913812160492
1991-05-29,-0.11476428061723709
1991-05-30,-0.0963277667760849
1991-05-31,-0.0895351991057396
1991-06-01,-0.08306311815977097
1991-06-02,-0.07416608184576035
1991-06-03,-0.06509523093700409
1991-06-04,-0.047397173941135406
1991-06-05,-0.021213240921497345
1991-06-06,-0.03825538977980614
1991-06-07,-0.03568525239825249
1991-06-08,-0.07058338075876236
1991-06-09,-0.04473349079489708
1991-06-10,-0.04278216138482094
1991-06-11,-0.04460771381855011
1991-06-12,-0.029133617877960205
1991-06-13,-0.01690516248345375
1991-06-14,-0.00665238406509161
1991-06-15,-0.006171890068799257
1991-06-16,-0.014736968092620373
1991-06-17,-0.0009421390132047236
1991-06-18,-0.0031236920040100813
1991-06-19,0.005676994100213051
1991-06-20,0.014380090869963169
1991-06-21,0.012595627456903458
1991-06-22,0.01543403510004282
1991-06-23,0.022212855517864227
1991-06-24,0.02790026180446148
1991-06-25,0.0393214076757431
1991-06-26,0.04124368354678154
1991-06-27,0.025970155373215675
1991-06-28,0.008550848811864853
1991-06-29,-0.005131935700774193
1991-06-30,-0.02596861496567726
1991-07-01,-0.03351060301065445
1991-07-02,-0.03784411400556564
1991-07-03,-0.04085614159703255
1991-07-04,-0.05088185518980026
1991-07-05,-0.06628751754760742
1991-07-06,-0.049419645220041275
1991-07-07,-0.060688428580760956
1991-07-08,-0.048605237156152725
1991-07-09,-0.04591762274503708
1991-07-10,-0.04998280480504036
1991-07-11,-0.05158965289592743
1991-07-12,-0.058619625866413116
1991-07-13,-0.04317641258239746
1991-07-14,-0.03986416757106781
1991-07-15,-0.03864248842000961
1991-07-16,-0.02919062413275242
1991-07-17,-0.029818909242749214
1991-07-18,-0.022447854280471802
1991-07-19,-0.02146776020526886
1991-07-20,0.0006330549949780107
1991-07-21,0.00903289020061493
1991-07-22,0.008185941725969315
1991-07-23,0.01526606921106577
1991-07-24,0.02145116589963436
1991-07-25,2.4729688448132947e-05
1991-07-26,-0.013013721443712711
1991-07-27,0.0003859380667563528
1991-07-28,-0.010554247535765171
1991-07-29,-0.007818026468157768
1991-07-30,0.005643482320010662
1991-07-31,0.006826941389590502
1991-08-01,0.018488328903913498
1991-08-02,0.01666146144270897
1991-08-03,-0.009976738132536411
1991-08-04,-0.012940436601638794
1991-08-05,-0.011950859799981117
1991-08-06,-0.032393164932727814
1991-08-07,-0.021774541586637497
1991-08-08,-0.021957648918032646
1991-08-09,-0.024260345846414566
1991-08-10,-0.00545290345326066
1991-08-11,-0.006409947294741869
1991-08-12,-0.007746043149381876
1991-08-13,-0.00666057039052248
1991-08-14,0.00801240373402834
1991-08-15,0.015586871653795242
1991-08-16,0.0038204158190637827
1991-08-17,-0.03341735899448395
1991-08-18,-0.019913583993911743
1991-08-19,-0.021725932136178017
1991-08-20,-0.035110022872686386
1991-08-21,-0.05722939595580101
1991-08-22,-0.06648194044828415
1991-08-23,-0.061459802091121674
1991-08-24,-0.04100783169269562
1991-08-25,-0.030018648132681847
1991-08-26,-0.020275816321372986
1991-08-27,-0.021793903782963753
1991-08-28,-0.010934429243206978
1991-08-29,-0.023335028439760208
1991-08-30,-0.031245412304997444
1991-08-31,0.0007973064784891903
1991-09-01,-0.019488150253891945
1991-09-02,-0.01471806038171053
1991-09-03,-0.015857256948947906
1991-09-04,-0.008204290643334389
1991-09-05,-0.02550952322781086
1991-09-06,-0.03912227973341942
1991-09-07,-0.06777581572532654
1991-09-08,-0.0838385596871376
1991-09-09,-0.07793646305799484
1991-09-10,-0.07267200946807861
1991-09-11,-0.0787283405661583
1991-09-12,-0.0655953511595726
1991-09-13,-0.055465273559093475
1991-09-14,-0.03998509794473648
1991-09-15,-0.026935933157801628
1991-09-16,-0.019149696454405785
1991-09-17,-0.03659450635313988
1991-09-18,-0.025244396179914474
1991-09-19,-0.02173621580004692
1991-09-20,-0.02014417201280594
1991-09-21,-0.010364847257733345
1991-09-22,0.005272017326205969
1991-09-23,0.010255087167024612
1991-09-24,-0.003842936595901847
1991-09-25,-0.02000344730913639
1991-09-26,-0.017560645937919617
1991-09-27,-0.034323133528232574
1991-09-28,-0.022060485556721687
1991-09-29,-0.008231926709413528
1991-09-30,0.009978314861655235
1991-10-01,0.01937764137983322
1991-10-02,0.02529962919652462
1991-10-03,0.027054261416196823
1991-10-04,0.015698110684752464
1991-10-05,-0.004670035094022751
1991-10-06,0.011139941401779652
1991-10-07,0.012992270290851593
1991-10-08,-0.009204774163663387
1991-10-09,-0.008541528135538101
1991-10-10,-0.023423749953508377
1991-10-11,-0.03151750937104225
1991-10-12,-0.058878570795059204
1991-10-13,-0.042081039398908615
1991-10-14,-0.03959714621305466
1991-10-15,-0.057218682020902634
1991-10-16,-0.06122581288218498
1991-10-17,-0.051226064562797546
1991-10-18,-0.046474818140268326
1991-10-19,-0.041106581687927246
1991-10-20,-0.046702224761247635
1991-10-21,-0.041757017374038696
1991-10-22,-0.04435718432068825
1991-10-23,-0.040739793330430984
1991-10-24,-0.04583844169974327
1991-10-25,-0.05643146485090256
1991-10-26,-0.09637391567230225
1991-10-27,-0.08090455085039139
1991-10-28,-0.07968638837337494
1991-10-29,-0.0924004539847374
1991-10-30,-0.09673532843589783
1991-10-31,-0.10959774255752563
1991-11-01,-0.12279833108186722
1991-11-02,-0.14422516524791718
1991-11-03,-0.13958927989006042
1991-11-04,-0.1282150000333786
1991-11-05,-0.13264060020446777
1991-11-06,-0.12875103950500488
1991-11-07,-0.13411255180835724
1991-11-08,-0.12146726995706558
1991-11-09,-0.11173693835735321
1991-11-10,-0.11825822293758392
1991-11-11,-0.11367715150117874
1991-11-12,-0.10399700701236725
1991-11-13,-0.10552497208118439
1991-11-14,-0.10624635964632034
1991-11-15,-0.12264766544103622
1991-11-16,-0.13269665837287903
1991-11-17,-0.12952695786952972
1991-11-18,-0.12912136316299438
1991-11-19,-0.1172691211104393
1991-11-20,-0.12064879387617111
1991-11-21,-0.11939520388841629
1991-11-22,-0.11086005717515945
1991-11-23,-0.07558776438236237
1991-11-24,-0.08130919188261032
1991-11-25,-0.09485021978616714
1991-11-26,-0.09017569571733475
1991-11-27,-0.1095825657248497
1991-11-28,-0.12497269362211227
1991-11-29,-0.13696199655532837
1991-11-30,-0.1338653713464737
1991-12-01,-0.12972873449325562
1991-12-02,-0.12478946894407272
1991-12-03,-0.12632016837596893
1991-12-04,-0.10901622474193573
1991-12-05,-0.10967835038900375
1991-12-06,-0.13195936381816864
1991-12-07,-0.14113649725914001
1991-12-08,-0.16631188988685608
1991-12-09,-0.13520492613315582
1991-12-10,-0.1267945021390915
1991-12-11,-0.12124279886484146
1991-12-12,-0.11838120222091675
1991-12-13,-0.09650210291147232
1991-12-14,-0.10383760929107666
1991-12-15,-0.1151466965675354
1991-12-16,-0.1057218387722969
1991-12-17,-0.10413677245378494
1991-12-18,-0.11378876119852066
1991-12-19,-0.12013471871614456
1991-12-20,-0.13274085521697998
1991-12-21,-0.12986041605472565
1991-12-22,-0.13444487750530243
1991-12-23,-0.12272492796182632
1991-12-24,-0.11753641068935394
1991-12-25,-0.09177882224321365
1991-12-26,-0.08158649504184723
1991-12-27,-0.07054491341114044
1991-12-28,-0.09683272242546082
1991-12-29,-0.07877104729413986
1991-12-30,-0.07937653362751007
1991-12-31,-0.06632782518863678
1992-01-01,-0.04247267544269562
1992-01-02,-0.022311564534902573
1992-01-03,-0.021101756021380424
1992-01-04,-0.016325637698173523
1992-01-05,0.015428133308887482
1992-01-06,0.014620615169405937
1992-01-07,0.023313896730542183
1992-01-08,0.015439250506460667
1992-01-09,0.006263385061174631
1992-01-10,-0.0016368887154385448
1992-01-11,-0.008505860343575478
1992-01-12,-0.005993247032165527
1992-01-13,-0.008422572165727615
1992-01-14,-0.0278973039239645
1992-01-15,-0.03742281347513199
1992-01-16,-0.04047510400414467
1992-01-17,-0.03137541934847832
1992-01-18,-0.03547648712992668
1992-01-19,-0.03458773344755173
1992-01-20,-0.033059801906347275
1992-01-21,-0.032616026699543
1992-01-22,-0.03254396468400955
1992-01-23,-0.03512917831540108
1992-01-24,-0.02842513658106327
1992-01-25,-0.023037182167172432
1992-01-26,-0.007162926252931356
1992-01-27,0.01257318165153265
1992-01-28,0.020030749961733818
1992-01-29,0.020297760143876076
1992-01-30,0.02758765034377575
1992-01-31,0.02270771563053131
1992-02-01,0.004286578856408596
1992-02-02,0.023099539801478386
1992-02-03,0.026598680764436722
1992-02-04,0.027620909735560417
1992-02-05,0.04152144864201546
1992-02-06,0.0503680557012558
1992-02-07,0.05124177783727646
1992-02-08,-0.002396686002612114
1992-02-09,0.01307883020490408
1992-02-10,0.023089302703738213
1992-02-11,0.034027330577373505
1992-02-12,0.04151466116309166
1992-02-13,0.05894949287176132
1992-02-14,0.06776700168848038
1992-02-15,0.09263721853494644
1992-02-16,0.10625933110713959
1992-02-17,0.10246220976114273
1992-02-18,0.11058980971574783
1992-02-19,0.12383800745010376
1992-02-20,0.13583342730998993
1992-02-21,0.12494298070669174
1992-02-22,0.137943834066391
1992-02-23,0.14038234949111938
1992-02-24,0.13294415175914764
1992-02-25,0.12595082819461823
1992-02-26,0.10952533036470413
1992-02-27,0.10883743315935135
1992-02-28,0.10034090280532837
1992-02-29,0.08281899243593216
1992-03-01,0.09018253535032272
1992-03-02,0.09334888309240341
1992-03-03,0.1080176904797554
1992-03-04,0.11924589425325394
1992-03-05,0.11687017232179642
1992-03-06,0.11592747271060944
1992-03-07,0.09333863109350204
1992-03-08,0.07643293589353561
1992-03-09,0.08160553127527237
1992-03-10,0.09073872864246368
1992-03-11,0.08775985240936279
1992-03-12,0.09368802607059479
1992-03-13,0.10184387862682343
1992-03-14,0.10991659760475159
1992-03-15,0.11979762464761734
1992-03-16,0.11279336363077164
1992-03-17,0.10274214297533035
1992-03-18,0.1289404034614563
1992-03-19,0.12737654149532318
1992-03-20,0.12144195288419724
1992-03-21,0.1116621196269989
1992-03-22,0.10030997544527054
1992-03-23,0.09803606569766998
1992-03-24,0.10783450305461884
1992-03-25,0.09635026752948761
1992-03-26,0.08562788367271423
1992-03-27,0.0791039690375328
1992-03-28,0.07872550189495087
1992-03-29,0.05372916907072067
1992-03-30,0.06803007423877716
1992-03-31,0.0494018979370594
1992-04-01,0.06709964573383331
1992-04-02,0.07439924031496048
1992-04-03,0.07792901247739792
1992-04-04,0.06010258570313454
1992-04-05,0.05684012174606323
1992-04-06,0.0462210476398468
1992-04-07,0.04625775292515755
1992-04-08,0.034934110939502716
1992-04-09,0.040983691811561584
1992-04-10,0.04044079780578613
1992-04-11,0.05380641669034958
1992-04-12,0.042461052536964417
1992-04-13,0.04580841213464737
1992-04-14,0.03431077301502228
1992-04-15,0.027758175507187843
1992-04-16,0.03358408063650131
1992-04-17,0.04094163328409195
1992-04-18,0.07379861176013947
1992-04-19,0.05140379071235657
1992-04-20,0.057182323187589645
1992-04-21,0.029926342889666557
1992-04-22,0.0159568190574646
1992-04-23,0.036805104464292526
1992-04-24,0.039695337414741516
1992-04-25,-0.00407413300126791
1992-04-26,-0.03569256514310837
1992-04-27,-0.052601199597120285
1992-04-28,-0.04834546893835068
1992-04-29,-0.030247006565332413
1992-04-30,-0.004423804581165314
1992-05-01,-0.02074953354895115
1992-05-02,-0.0298059843480587
1992-05-03,-0.04033947363495827
1992-05-04,-0.03591425344347954
1992-05-05,-0.020830988883972168
1992-05-06,-0.0144841643050313
1992-05-07,-0.010852566920220852
1992-05-08,0.0006069138180464506
1992-05-09,0.019663065671920776
1992-05-10,-0.005136127583682537
1992-05-11,0.01875176653265953
1992-05-12,0.020538123324513435
1992-05-13,0.030466068536043167
1992-05-14,0.02596844546496868
1992-05-15,0.028170056641101837
1992-05-16,0.0168474018573761
1992-05-17,-0.0014253612607717514
1992-05-18,0.03567710518836975
1992-05-19,0.017636625096201897
1992-05-20,0.002234884537756443
1992-05-21,0.002042001113295555
1992-05-22,-0.004030379932373762
1992-05-23,-0.03503727912902832
1992-05-24,-0.049794383347034454
1992-05-25,-0.0001337830035481602
1992-05-26,0.014309782534837723
1992-05-27,0.026461372151970863
1992-05-28,0.022786196321249008
1992-05-29,0.027353700250387192
1992-05-30,0.03815270960330963
1992-05-31,0.05607398599386215
1992-06-01,0.0679192915558815
1992-06-02,0.07223518192768097
1992-06-03,0.07442191988229752
1992-06-04,0.06750968098640442
1992-06-05,0.0674634724855423
1992-06-06,0.05816502124071121
1992-06-07,0.06487742811441422
1992-06-08,0.046945296227931976
1992-06-09,0.03335939347743988
1992-06-10,0.024731453508138657
1992-06-11,0.02507937140762806
1992-06-12,0.0337480753660202
1992-06-13,0.03979484736919403
1992-06-14,0.0346304215490818
1992-06-15,0.030280422419309616
1992-06-16,0.037483133375644684
1992-06-17,0.054542720317840576
1992-06-18,0.0642281174659729
1992-06-19,0.05116359889507294
1992-06-20,0.0259698573499918
1992-06-21,0.032545994967222214
1992-06-22,0.04721876606345177
1992-06-23,0.038504708558321
1992-06-24,0.037015967071056366
1992-06-25,0.0324241928756237
1992-06-26,0.03256822004914284
1992-06-27,0.0405627116560936
1992-06-28,-0.0035304445773363113
1992-06-29,-0.006721389479935169
1992-06-30,-0.005013700574636459
1992-07-01,-0.008996989578008652
1992-07-02,-0.013196110725402832
1992-07-03,-0.026399245485663414
1992-07-04,-0.02437804825603962
1992-07-05,-0.044785238802433014
1992-07-06,-0.038048312067985535
1992-07-07,-0.02796616405248642
1992-07-08,-0.040005434304475784
1992-07-09,-0.049863435328006744
1992-07-10,-0.028373336419463158
1992-07-11,-0.0246320478618145
1992-07-12,-0.03872188180685043
1992-07-13,-0.027342701330780983
1992-07-14,-0.026620620861649513
1992-07-15,-0.01540313195437193
1992-07-16,-0.015213427133858204
1992-07-17,-0.03005390241742134
1992-07-18,-0.006377435754984617
1992-07-19,0.00911045167595148
1992-07-20,0.0036293964367359877
1992-07-21,-0.002961721271276474
1992-07-22,-0.02198786847293377
1992-07-23,-0.03440910577774048
1992-07-24,-0.02659667655825615
1992-07-25,-0.027307750657200813
1992-07-26,-0.026371248066425323
1992-07-27,-0.017555488273501396
1992-07-28,0.0007893062429502606
1992-07-29,0.010637807659804821
1992-07-30,0.012479606084525585
1992-07-31,0.005727962590754032
1992-08-01,-0.007323581259697676
1992-08-02,0.006642334628850222
1992-08-03,-0.004712049849331379
1992-08-04,0.0017553542274981737
1992-08-05,0.011272095143795013
1992-08-06,0.0016904165968298912
1992-08-07,-0.005632246378809214
1992-08-08,-0.028736121952533722
1992-08-09,-0.008538252674043179
1992-08-10,0.003298439085483551
1992-08-11,0.005728757940232754
1992-08-12,0.02222500927746296
1992-08-13,0.044436026364564896
1992-08-14,0.05902574211359024
1992-08-15,0.06999809294939041
1992-08-16,0.0680556520819664
1992-08-17,0.07234837859869003
1992-08-18,0.07354506105184555
1992-08-19,0.06885212659835815
1992-08-20,0.05359373614192009
1992-08-21,0.06348144263029099
1992-08-22,0.033299751579761505
1992-08-23,0.07563459128141403
1992-08-24,0.07866357266902924
1992-08-25,0.0545538067817688
1992-08-26,0.05994822829961777
1992-08-27,0.05760367587208748
1992-08-28,0.055285967886447906
1992-08-29,0.04175280034542084
1992-08-30,0.03892804682254791
1992-08-31,0.04768727719783783
1992-09-01,0.03543681278824806
1992-09-02,0.0179282259196043
1992-09-03,-0.0018351173494011164
1992-09-04,-0.01440785638988018
1992-09-05,-0.035451747477054596
1992-09-06,-0.023534292355179787
1992-09-07,-0.03670000657439232
1992-09-08,-0.04707863926887512
1992-09-09,-0.06050697714090347
1992-09-10,-0.05512877181172371
1992-09-11,-0.05095776543021202
1992-09-12,-0.04829162731766701
1992-09-13,-0.04168887436389923
1992-09-14,-0.045970141887664795
1992-09-15,-0.036590345203876495
1992-09-16,-0.03402690216898918
1992-09-17,-0.056090131402015686
1992-09-18,-0.0733700543642044
1992-09-19,-0.07436266541481018
1992-09-20,-0.06902875006198883
1992-09-21,-0.058364138007164
1992-09-22,-0.06422055512666702
1992-09-23,-0.08018317073583603
1992-09-24,-0.05995681881904602
1992-09-25,-0.05813778564333916
1992-09-26,-0.045680154114961624
1992-09-27,-0.04551570117473602
1992-09-28,-0.04330097883939743
1992-09-29,-0.05675015598535538
1992-09-30,-0.06092808023095131
1992-10-01,-0.05819900706410408
1992-10-02,-0.06187739968299866
1992-10-03,-0.09561450779438019
1992-10-04,-0.09210321307182312
1992-10-05,-0.07689902186393738
1992-10-06,-0.05592207983136177
1992-10-07,-0.05037855729460716
1992-10-08,-0.056179456412792206
1992-10-09,-0.049578335136175156
1992-10-10,-0.06850181519985199
1992-10-11,-0.0629325583577156
1992-10-12,-0.0562872439622879
1992-10-13,-0.04682249575853348
1992-10-14,-0.05385025218129158
1992-10-15,-0.040845226496458054
1992-10-16,-0.03594854846596718
1992-10-17,-0.04995282366871834
1992-10-18,-0.05904434621334076
1992-10-19,-0.06418292969465256
1992-10-20,-0.06048060581088066
1992-10-21,-0.05434095114469528
1992-10-22,-0.06184039264917374
1992-10-23,-0.049039069563150406
1992-10-24,-0.054115887731313705
1992-10-25,-0.05798675864934921
1992-10-26,-0.05041385442018509
1992-10-27,-0.07278477400541306
1992-10-28,-0.06813773512840271
1992-10-29,-0.06878498941659927
1992-10-30,-0.053592558950185776
1992-10-31,-0.020055998116731644
1992-11-01,-0.012768684886395931
1992-11-02,0.0014072959311306477
1992-11-03,0.006089027039706707
1992-11-04,-0.004136903211474419
1992-11-05,0.0025130438152700663
1992-11-06,-0.015257013961672783
1992-11-07,-0.020046131685376167
1992-11-08,-0.0014922968111932278
1992-11-09,-0.017843442037701607
1992-11-10,-0.015174848958849907
1992-11-11,-0.0089010801166296
1992-11-12,-0.0055854106321930885
1992-11-13,0.006542067509144545
1992-11-14,0.032043348997831345
1992-11-15,0.024910692125558853
1992-11-16,0.031111927703022957
1992-11-17,0.031154973432421684
1992-11-18,0.032710250467061996
1992-11-19,0.03628786653280258
1992-11-20,0.0490148589015007
1992-11-21,0.057388678193092346
1992-11-22,0.06926562637090683
1992-11-23,0.0821472629904747
1992-11-24,0.07527508586645126
1992-11-25,0.09449628740549088
1992-11-26,0.0933690294623375
1992-11-27,0.11175394803285599
1992-11-28,0.17009146511554718
1992-11-29,0.16832149028778076
1992-11-30,0.17480194568634033
1992-12-01,0.16665434837341309
1992-12-02,0.1644722819328308
1992-12-03,0.1696612536907196
1992-12-04,0.186010479927063
1992-12-05,0.18911120295524597
1992-12-06,0.1786855310201645
1992-12-07,0.1787005513906479
1992-12-08,0.1928141713142395
1992-12-09,0.19480744004249573
1992-12-10,0.20180444419384003
1992-12-11,0.2005072832107544
1992-12-12,0.1880861073732376
1992-12-13,0.20022037625312805
1992-12-14,0.21473684906959534
1992-12-15,0.21405282616615295
1992-12-16,0.21855103969573975
1992-12-17,0.2191266566514969
1992-12-18,0.22889630496501923
1992-12-19,0.2396499663591385
1992-12-20,0.2419133186340332
1992-12-21,0.25042036175727844
1992-12-22,0.2532948851585388
1992-12-23,0.24254001677036285
1992-12-24,0.2551121413707733
1992-12-25,0.17062094807624817
1992-12-26,0.1796112209558487
1992-12-27,0.17556984722614288
1992-12-28,0.19758251309394836
1992-12-29,0.22003789246082306
1992-12-30,0.239842027425766
1992-12-31,0.24927502870559692
1993-01-01,0.2285970002412796
1993-01-02,0.26843908429145813
1993-01-03,0.28079527616500854
1993-01-04,0.2781762480735779
1993-01-05,0.28943097591400146
1993-01-06,0.2709212005138397
1993-01-07,0.26496800780296326
1993-01-08,0.25003641843795776
1993-01-09,0.2404458224773407
1993-01-10,0.18816877901554108
1993-01-11,0.18639980256557465
1993-01-12,0.17942477762699127
1993-01-13,0.18056094646453857
1993-01-14,0.18857114017009735
1993-01-15,0.18261265754699707
1993-01-16,0.19028304517269135
1993-01-17,0.18896466493606567
1993-01-18,0.2014005184173584
1993-01-19,0.2078852653503418
1993-01-20,0.2181146740913391
1993-01-21,0.2166488617658615
1993-01-22,0.2502218782901764
1993-01-23,0.2509249448776245
1993-01-24,0.222494974732399
1993-01-25,0.2315395027399063
1993-01-26,0.22509543597698212
1993-01-27,0.21366223692893982
1993-01-28,0.20378412306308746
1993-01-29,0.2057468593120575
1993-01-30,0.20365171134471893
1993-01-31,0.1946149468421936
1993-02-01,0.1887497454881668
1993-02-02,0.20343106985092163
1993-02-03,0.1952625960111618
1993-02-04,0.18288393318653107
1993-02-05,0.18520770967006683
1993-02-06,0.1902284473180771
1993-02-07,0.19283181428909302
1993-02-08,0.1972276270389557
1993-02-09,0.19994761049747467
1993-02-10,0.19227896630764008
1993-02-11,0.1954842209815979
1993-02-12,0.19652990996837616
1993-02-13,0.22299501299858093
1993-02-14,0.22564168274402618
1993-02-15,0.22668690979480743
1993-02-16,0.23159848153591156
1993-02-17,0.22981292009353638
1993-02-18,0.2371833771467209
1993-02-19,0.23520885407924652
1993-02-20,0.2539024353027344
1993-02-21,0.24591584503650665
1993-02-22,0.25813332200050354
1993-02-23,0.25148552656173706
1993-02-24,0.2511754035949707
1993-02-25,0.24887576699256897
1993-02-26,0.231812983751297
1993-02-27,0.23867397010326385
1993-02-28,0.24919331073760986
1993-03-01,0.2511667013168335
1993-03-02,0.2674884498119354
1993-03-03,0.2573928236961365
1993-03-04,0.24893590807914734
1993-03-05,0.2491193562746048
1993-03-06,0.242976576089859
1993-03-07,0.2371876984834671
1993-03-08,0.24622975289821625
1993-03-09,0.25481075048446655
1993-03-10,0.2524741590023041
1993-03-11,0.25613513588905334
1993-03-12,0.24558959901332855
1993-03-13,0.24121426045894623
1993-03-14,0.24441905319690704
1993-03-15,0.23281534016132355
1993-03-16,0.24416649341583252
1993-03-17,0.239405557513237
1993-03-18,0.22879141569137573
1993-03-19,0.20585429668426514
1993-03-20,0.21679909527301788
1993-03-21,0.23213447630405426
1993-03-22,0.2349928617477417
1993-03-23,0.23931722342967987
1993-03-24,0.2481307089328766
1993-03-25,0.24402105808258057
1993-03-26,0.2280229926109314
1993-03-27,0.2327509969472885
1993-03-28,0.22446592152118683
1993-03-29,0.2144848257303238
1993-03-30,0.21948616206645966
1993-03-31,0.2201504111289978
1993-04-01,0.20670916140079498
1993-04-02,0.19876018166542053
1993-04-03,0.15351858735084534
1993-04-04,0.15362747013568878
1993-04-05,0.1652016043663025
1993-04-06,0.191741943359375
1993-04-07,0.17208705842494965
1993-04-08,0.16766895353794098
1993-04-09,0.16761870682239532
1993-04-10,0.17175965011119843
1993-04-11,0.1699274331331253
1993-04-12,0.17123070359230042
1993-04-13,0.16822727024555206
1993-04-14,0.1489029824733734
1993-04-15,0.1479874551296234
1993-04-16,0.14310982823371887
1993-04-17,0.13821008801460266
1993-04-18,0.15995833277702332
1993-04-19,0.17563745379447937
1993-04-20,0.17867809534072876
1993-04-21,0.16946382820606232
1993-04-22,0.17323128879070282
1993-04-23,0.1570514738559723
1993-04-24,0.15511657297611237
1993-04-25,0.13060542941093445
1993-04-26,0.13059188425540924
1993-04-27,0.13363423943519592
1993-04-28,0.13275040686130524
1993-04-29,0.1363707184791565
1993-04-30,0.12448225915431976
1993-05-01,0.12705020606517792
1993-05-02,0.1381569802761078
1993-05-03,0.1392209827899933
1993-05-04,0.13729740679264069
1993-05-05,0.12824717164039612
1993-05-06,0.14020587503910065
1993-05-07,0.14414645731449127
1993-05-08,0.10828281939029694
1993-05-09,0.0896148830652237
1993-05-10,0.10152015089988708
1993-05-11,0.0990695059299469
1993-05-12,0.08287506550550461
1993-05-13,0.08322465419769287
1993-05-14,0.08180109411478043
1993-05-15,0.11104490607976913
1993-05-16,0.11418499797582626
1993-05-17,0.13038460910320282
1993-05-18,0.10030150413513184
1993-05-19,0.0983278751373291
1993-05-20,0.08632872253656387
1993-05-21,0.10186342895030975
1993-05-22,0.09483252465724945
1993-05-23,0.05396224185824394
1993-05-24,0.05173259600996971
1993-05-25,0.055964019149541855
1993-05-26,0.045675911009311676
1993-05-27,0.05499337613582611
1993-05-28,0.04788260906934738
1993-05-29,0.05432285740971565
1993-05-30,0.06312120705842972
1993-05-31,0.07360883802175522
1993-06-01,0.09518706798553467
1993-06-02,0.09615688771009445
1993-06-03,0.12003227323293686
1993-06-04,0.1273963451385498
1993-06-05,0.14614595472812653
1993-06-06,0.1584879755973816
1993-06-07,0.14913329482078552
1993-06-08,0.15527655184268951
1993-06-09,0.15384729206562042
1993-06-10,0.1565711796283722
1993-06-11,0.15166780352592468
1993-06-12,0.15339910984039307
1993-06-13,0.11422620713710785
1993-06-14,0.11563292890787125
1993-06-15,0.10353542864322662
1993-06-16,0.10797517001628876
1993-06-17,0.09424830228090286
1993-06-18,0.09944416582584381
1993-06-19,0.10060244053602219
1993-06-20,0.0952254980802536
1993-06-21,0.10166870802640915
1993-06-22,0.10030114650726318
1993-06-23,0.09806318581104279
1993-06-24,0.0936371311545372
1993-06-25,0.0925179272890091
1993-06-26,0.10188452899456024
1993-06-27,0.10262428969144821
1993-06-28,0.09868209064006805
1993-06-29,0.0964842289686203
1993-06-30,0.1016535758972168
1993-07-01,0.1050676628947258
1993-07-02,0.09990593791007996
1993-07-03,0.08524678647518158
1993-07-04,0.08354273438453674
1993-07-05,0.0938030406832695
1993-07-06,0.11112429946660995
1993-07-07,0.1148362010717392
1993-07-08,0.11389178037643433
1993-07-09,0.11690206080675125
1993-07-10,0.11927279829978943
1993-07-11,0.12436757981777191
1993-07-12,0.12866787612438202
1993-07-13,0.12921980023384094
1993-07-14,0.1250743567943573
1993-07-15,0.13399648666381836
1993-07-16,0.13025669753551483
1993-07-17,0.11398781090974808
1993-07-18,0.11468248069286346
1993-07-19,0.10820987075567245
1993-07-20,0.0997849777340889
1993-07-21,0.07052663713693619
1993-07-22,0.11921671032905579
1993-07-23,0.11417242139577866
1993-07-24,0.10830701142549515
1993-07-25,0.08829348534345627
1993-07-26,0.09759879857301712
1993-07-27,0.08952496200799942
1993-07-28,0.08716677874326706
1993-07-29,0.09343330562114716
1993-07-30,0.0992279201745987
1993-07-31,0.09559372812509537
1993-08-01,0.09117307513952255
1993-08-02,0.09730364382266998
1993-08-03,0.09867382049560547
1993-08-04,0.09693402051925659
1993-08-05,0.09859323501586914
1993-08-06,0.0904308632016182
1993-08-07,0.0923011526465416
1993-08-08,0.10162679851055145
1993-08-09,0.1156540960073471
1993-08-10,0.1351330280303955
1993-08-11,0.12899097800254822
1993-08-12,0.1291053742170334
1993-08-13,0.12113606929779053
1993-08-14,0.12076104432344437
1993-08-15,0.1236775815486908
1993-08-16,0.11554724723100662
1993-08-17,0.12003491818904877
1993-08-18,0.11223604530096054
1993-08-19,0.1296899914741516
1993-08-20,0.1465672254562378
1993-08-21,0.13298557698726654
1993-08-22,0.14352653920650482
1993-08-23,0.13986022770404816
1993-08-24,0.1504954695701599
1993-08-25,0.15525953471660614
1993-08-26,0.17072871327400208
1993-08-27,0.14970332384109497
1993-08-28,0.1655726134777069
1993-08-29,0.18774785101413727
1993-08-30,0.17760145664215088
1993-08-31,0.17520931363105774
1993-09-01,0.17926980555057526
1993-09-02,0.16600401699543
1993-09-03,0.1400832086801529
1993-09-04,0.14146777987480164
1993-09-05,0.15486639738082886
1993-09-06,0.1625034362077713
1993-09-07,0.17798854410648346
1993-09-08,0.19616925716400146
1993-09-09,0.21910881996154785
1993-09-10,0.20769406855106354
1993-09-11,0.23326607048511505
1993-09-12,0.2514495551586151
1993-09-13,0.26749539375305176
1993-09-14,0.24697960913181305
1993-09-15,0.24901384115219116
1993-09-16,0.24499540030956268
1993-09-17,0.2511713206768036
1993-09-18,0.27187660336494446
1993-09-19,0.27077269554138184
1993-09-20,0.24486659467220306
1993-09-21,0.23678144812583923
1993-09-22,0.25458163022994995
1993-09-23,0.25009027123451233
1993-09-24,0.26310187578201294
1993-09-25,0.2270478755235672
1993-09-26,0.18737128376960754
1993-09-27,0.18579886853694916
1993-09-28,0.16888298094272614
1993-09-29,0.18286237120628357
1993-09-30,0.17271088063716888
1993-10-01,0.17907623946666718
1993-10-02,0.16139757633209229
1993-10-03,0.16690953075885773
1993-10-04,0.17742641270160675
1993-10-05,0.16616162657737732
1993-10-06,0.1871362328529358
1993-10-07,0.19264960289001465
1993-10-08,0.20014551281929016
1993-10-09,0.1835605949163437
1993-10-10,0.17916575074195862
1993-10-11,0.19643449783325195
1993-10-12,0.19671115279197693
1993-10-13,0.20429778099060059
1993-10-14,0.21725305914878845
1993-10-15,0.23972885310649872
1993-10-16,0.28983283042907715
1993-10-17,0.2889522910118103
1993-10-18,0.29015418887138367
1993-10-19,0.29188117384910583
1993-10-20,0.265813946723938
1993-10-21,0.2696934640407562
1993-10-22,0.27443334460258484
1993-10-23,0.2942923307418823
1993-10-24,0.28395646810531616
1993-10-25,0.28960612416267395
1993-10-26,0.28507256507873535
1993-10-27,0.3008567690849304
1993-10-28,0.30352112650871277
1993-10-29,0.298190176486969
1993-10-30,0.3083133399486542
1993-10-31,0.29735878109931946
1993-11-01,0.3056783378124237
1993-11-02,0.31002873182296753
1993-11-03,0.29346123337745667
1993-11-04,0.2938157021999359
1993-11-05,0.2845965027809143
1993-11-06,0.29042717814445496
1993-11-07,0.29224416613578796
1993-11-08,0.29003533720970154
1993-11-09,0.29354315996170044
1993-11-10,0.2901268005371094
1993-11-11,0.2928612232208252
1993-11-12,0.3030478060245514
1993-11-13,0.33415964245796204
1993-11-14,0.3388122618198395
1993-11-15,0.3589574694633484
1993-11-16,0.35885462164878845
1993-11-17,0.35292738676071167
1993-11-18,0.3674560785293579
1993-11-19,0.3690098226070404
1993-11-20,0.34669744968414307
1993-11-21,0.3703877925872803
1993-11-22,0.3614104986190796
1993-11-23,0.35662707686424255
1993-11-24,0.3536415100097656
1993-11-25,0.33558982610702515
1993-11-26,0.35814738273620605
1993-11-27,0.34658944606781006
1993-11-28,0.3175828158855438
1993-11-29,0.3208549916744232
1993-11-30,0.3117954730987549
1993-12-01,0.3044704794883728
1993-12-02,0.3342929780483246
1993-12-03,0.3298432230949402
1993-12-04,0.3394356369972229
1993-12-05,0.3356582820415497
1993-12-06,0.34143224358558655
1993-12-07,0.3395383059978485
1993-12-08,0.3506118357181549
1993-12-09,0.3679274916648865
1993-12-10,0.37013405561447144
1993-12-11,0.3703863024711609
1993-12-12,0.3726373016834259
1993-12-13,0.37370583415031433
1993-12-14,0.37422195076942444
1993-12-15,0.3893872797489166
1993-12-16,0.39700648188591003
1993-12-17,0.3610171377658844
1993-12-18,0.3462081849575043
1993-12-19,0.3543063998222351
1993-12-20,0.35316455364227295
1993-12-21,0.3666466772556305
1993-12-22,0.35067102313041687
1993-12-23,0.3585386872291565
1993-12-24,0.3612292408943176
1993-12-25,0.38811227679252625
1993-12-26,0.3706326186656952
1993-12-27,0.38954949378967285
1993-12-28,0.3875623345375061
1993-12-29,0.41219982504844666
1993-12-30,0.43109190464019775
1993-12-31,0.4286605715751648
1994-01-01,0.4295550286769867
1994-01-02,0.43847739696502686
1994-01-03,0.45541560649871826
1994-01-04,0.43871837854385376
1994-01-05,0.4334179759025574
1994-01-06,0.42179784178733826
1994-01-07,0.4145697057247162
1994-01-08,0.3822125792503357
1994-01-09,0.3958592116832733
1994-01-10,0.3870317041873932
1994-01-11,0.3801373839378357
1994-01-12,0.38425320386886597
1994-01-13,0.3898472189903259
1994-01-14,0.40852728486061096
1994-01-15,0.41014841198921204
1994-01-16,0.4132534861564636
1994-01-17,0.4112885892391205
1994-01-18,0.3875185251235962
1994-01-19,0.356906533241272
1994-01-20,0.3404954969882965
1994-01-21,0.3565952181816101
1994-01-22,0.34916213154792786
1994-01-23,0.3527460992336273
1994-01-24,0.35546228289604187
1994-01-25,0.34162983298301697
1994-01-26,0.34579774737358093
1994-01-27,0.3471231758594513
1994-01-28,0.32349082827568054
1994-01-29,0.3242731988430023
1994-01-30,0.3223777115345001
1994-01-31,0.32546088099479675
1994-02-01,0.3355286717414856
1994-02-02,0.3380492627620697
1994-02-03,0.33916527032852173
1994-02-04,0.31263723969459534
1994-02-05,0.3091898262500763
1994-02-06,0.2903780937194824
1994-02-07,0.28097355365753174
1994-02-08,0.2764905095100403
1994-02-09,0.27508610486984253
1994-02-10,0.2666221261024475
1994-02-11,0.2621482312679291
1994-02-12,0.24131269752979279
1994-02-13,0.22703424096107483
1994-02-14,0.21712370216846466
1994-02-15,0.22024625539779663
1994-02-16,0.1959328055381775
1994-02-17,0.18208323419094086
1994-02-18,0.17711880803108215
1994-02-19,0.1828370988368988
1994-02-20,0.19523140788078308
1994-02-21,0.17756998538970947
1994-02-22,0.17612600326538086
1994-02-23,0.19195394217967987
1994-02-24,0.19695764780044556
1994-02-25,0.19325484335422516
1994-02-26,0.2221686989068985
1994-02-27,0.23965899646282196
1994-02-28,0.25308308005332947
1994-03-01,0.24850329756736755
1994-03-02,0.24340017139911652
1994-03-03,0.23017100989818573
1994-03-04,0.21840988099575043
1994-03-05,0.216668501496315
1994-03-06,0.2188815474510193
1994-03-07,0.2073475420475006
1994-03-08,0.2379036694765091
1994-03-09,0.2634095251560211
1994-03-10,0.263862669467926
1994-03-11,0.24369405210018158
1994-03-12,0.23367886245250702
1994-03-13,0.22692157328128815
1994-03-14,0.21361416578292847
1994-03-15,0.22463451325893402
1994-03-16,0.2282336801290512
1994-03-17,0.2278939187526703
1994-03-18,0.19278882443904877
1994-03-19,0.18491336703300476
1994-03-20,0.1891731321811676
1994-03-21,0.1760370284318924
1994-03-22,0.18062612414360046
1994-03-23,0.18122190237045288
1994-03-24,0.18125469982624054
1994-03-25,0.1660977602005005
1994-03-26,0.13202591240406036
1994-03-27,0.10895166546106339
1994-03-28,0.09155227243900299
1994-03-29,0.10739508271217346
1994-03-30,0.11310834437608719
1994-03-31,0.11823268234729767
1994-04-01,0.10261296480894089
1994-04-02,0.11971894651651382
1994-04-03,0.11153121292591095
1994-04-04,0.11150985956192017
1994-04-05,0.10278476774692535
1994-04-06,0.11053304374217987
1994-04-07,0.131277397274971
1994-04-08,0.13646256923675537
1994-04-09,0.1254049688577652
1994-04-10,0.13885784149169922
1994-04-11,0.1402951031923294
1994-04-12,0.14432290196418762
1994-04-13,0.1444547474384308
1994-04-14,0.15196514129638672
1994-04-15,0.14515496790409088
1994-04-16,0.1560361236333847
1994-04-17,0.1616101861000061
1994-04-18,0.1648130863904953
1994-04-19,0.1740599125623703
1994-04-20,0.18205726146697998
1994-04-21,0.16915372014045715
1994-04-22,0.1922563910484314
1994-04-23,0.2050294280052185
1994-04-24,0.17623506486415863
1994-04-25,0.19673943519592285
1994-04-26,0.22148506343364716
1994-04-27,0.20919740200042725
1994-04-28,0.2205113023519516
1994-04-29,0.21274183690547943
1994-04-30,0.1550218164920807
1994-05-01,0.16354629397392273
1994-05-02,0.16507360339164734
1994-05-03,0.14699634909629822
1994-05-04,0.15799005329608917
1994-05-05,0.16037282347679138
1994-05-06,0.16279779374599457
1994-05-07,0.15789495408535004
1994-05-08,0.16672252118587494
1994-05-09,0.1631346344947815
1994-05-10,0.16868393123149872
1994-05-11,0.17239761352539062
1994-05-12,0.15874895453453064
1994-05-13,0.16633270680904388
1994-05-14,0.16990607976913452
1994-05-15,0.11904968321323395
1994-05-16,0.11932284384965897
1994-05-17,0.12856599688529968
1994-05-18,0.14245204627513885
1994-05-19,0.12574850022792816
1994-05-20,0.1339603066444397
1994-05-21,0.1252487599849701
1994-05-22,0.13559198379516602
1994-05-23,0.13444063067436218
1994-05-24,0.12476679682731628
1994-05-25,0.11956796050071716
1994-05-26,0.12562602758407593
1994-05-27,0.12974487245082855
1994-05-28,0.16166962683200836
1994-05-29,0.16190508008003235
1994-05-30,0.169754296541214
1994-05-31,0.17374694347381592
1994-06-01,0.15799444913864136
1994-06-02,0.1550784558057785
1994-06-03,0.14858660101890564
1994-06-04,0.11190492659807205
1994-06-05,0.09043716639280319
1994-06-06,0.10901235789060593
1994-06-07,0.07788395136594772
1994-06-08,0.08624181896448135
1994-06-09,0.09288334101438522
1994-06-10,0.09439148008823395
1994-06-11,0.07546519488096237
1994-06-12,0.06455372273921967
1994-06-13,0.07942944765090942
1994-06-14,0.08196742087602615
1994-06-15,0.09830864518880844
1994-06-16,0.11131487786769867
1994-06-17,0.12346682697534561
1994-06-18,0.12942376732826233
1994-06-19,0.13840113580226898
1994-06-20,0.1505855917930603
1994-06-21,0.14363202452659607
1994-06-22,0.14733074605464935
1994-06-23,0.15425021946430206
1994-06-24,0.15457555651664734
1994-06-25,0.12547065317630768
1994-06-26,0.14437787234783173
1994-06-27,0.14463676512241364
1994-06-28,0.13514530658721924
1994-06-29,0.15806566178798676
1994-06-30,0.14385896921157837
1994-07-01,0.1407633125782013
1994-07-02,0.11750759929418564
1994-07-03,0.12087254971265793
1994-07-04,0.125783771276474
1994-07-05,0.12507295608520508
1994-07-06,0.12349937111139297
1994-07-07,0.14691537618637085
1994-07-08,0.16165879368782043
1994-07-09,0.15952570736408234
1994-07-10,0.16081425547599792
1994-07-11,0.17013007402420044
1994-07-12,0.1694217473268509
1994-07-13,0.1572030484676361
1994-07-14,0.14906704425811768
1994-07-15,0.15399304032325745
1994-07-16,0.18343888223171234
1994-07-17,0.180109903216362
1994-07-18,0.17915070056915283
1994-07-19,0.17809875309467316
1994-07-20,0.16895624995231628
1994-07-21,0.15615056455135345
1994-07-22,0.19960668683052063
1994-07-23,0.19228413701057434
1994-07-24,0.1619565635919571
1994-07-25,0.16491158306598663
1994-07-26,0.19417710602283478
1994-07-27,0.19990836083889008
1994-07-28,0.22133632004261017
1994-07-29,0.23034264147281647
1994-07-30,0.25624001026153564
1994-07-31,0.25501662492752075
1994-08-01,0.26064079999923706
1994-08-02,0.23572836816310883
1994-08-03,0.24750679731369019
1994-08-04,0.26331281661987305
1994-08-05,0.27470663189888
1994-08-06,0.2923334538936615
1994-08-07,0.2784951627254486
1994-08-08,0.27329787611961365
1994-08-09,0.2718144357204437
1994-08-10,0.2783718705177307
1994-08-11,0.2630690634250641
1994-08-12,0.2664986550807953
1994-08-13,0.251027375459671
1994-08-14,0.2542065382003784
1994-08-15,0.2648298740386963
1994-08-16,0.2633933424949646
1994-08-17,0.2757081091403961
1994-08-18,0.2699899971485138
1994-08-19,0.2610442638397217
1994-08-20,0.2869325876235962
1994-08-21,0.2820861339569092
1994-08-22,0.27822256088256836
1994-08-23,0.2807086706161499
1994-08-24,0.2867286801338196
1994-08-25,0.2634296119213104
1994-08-26,0.25470101833343506
1994-08-27,0.22191652655601501
1994-08-28,0.18373943865299225
1994-08-29,0.2032454013824463
1994-08-30,0.21490560472011566
1994-08-31,0.22507800161838531
1994-09-01,0.2253849059343338
1994-09-02,0.24298591911792755
1994-09-03,0.24235764145851135
1994-09-04,0.20052756369113922
1994-09-05,0.21292813122272491
1994-09-06,0.20076298713684082
1994-09-07,0.1780170500278473
1994-09-08,0.19000406563282013
1994-09-09,0.20527759194374084
1994-09-10,0.20100973546504974
1994-09-11,0.20383253693580627
1994-09-12,0.2022855132818222
1994-09-13,0.20590342581272125
1994-09-14,0.21816104650497437
1994-09-15,0.22995077073574066
1994-09-16,0.2374466210603714
1994-09-17,0.22008150815963745
1994-09-18,0.20850929617881775
1994-09-19,0.20025014877319336
1994-09-20,0.19927841424942017
1994-09-21,0.17191225290298462
1994-09-22,0.21256783604621887
1994-09-23,0.2134191244840622
1994-09-24,0.1729172021150589
1994-09-25,0.16175203025341034
1994-09-26,0.17256133258342743
1994-09-27,0.1757008135318756
1994-09-28,0.1896568238735199
1994-09-29,0.17888811230659485
1994-09-30,0.17997507750988007
1994-10-01,0.1715201437473297
1994-10-02,0.18150626122951508
1994-10-03,0.18716652691364288
1994-10-04,0.20056262612342834
1994-10-05,0.22519449889659882
1994-10-06,0.22332072257995605
1994-10-07,0.20544785261154175
1994-10-08,0.19282887876033783
1994-10-09,0.1777862161397934
1994-10-10,0.18302619457244873
1994-10-11,0.1793779879808426
1994-10-12,0.1874278038740158
1994-10-13,0.1791354864835739
1994-10-14,0.17977434396743774
1994-10-15,0.19289545714855194
1994-10-16,0.17451757192611694
1994-10-17,0.18337629735469818
1994-10-18,0.1734195500612259
1994-10-19,0.1758606880903244
1994-10-20,0.1715875118970871
1994-10-21,0.19271516799926758
1994-10-22,0.18934974074363708
1994-10-23,0.19352561235427856
1994-10-24,0.17282024025917053
1994-10-25,0.16600634157657623
1994-10-26,0.17847275733947754
1994-10-27,0.16427575051784515
1994-10-28,0.1743956357240677
1994-10-29,0.19130939245224
1994-10-30,0.16879704594612122
1994-10-31,0.16660262644290924
1994-11-01,0.1796860247850418
1994-11-02,0.18754182755947113
1994-11-03,0.1995827704668045
1994-11-04,0.2081291675567627
1994-11-05,0.20344598591327667
1994-11-06,0.19771388173103333
1994-11-07,0.21243438124656677
1994-11-08,0.20195508003234863
1994-11-09,0.1873222440481186
1994-11-10,0.19057819247245789
1994-11-11,0.184240460395813
1994-11-12,0.16996298730373383
1994-11-13,0.15813088417053223
1994-11-14,0.16824567317962646
1994-11-15,0.15940392017364502
1994-11-16,0.18127281963825226
1994-11-17,0.19388733804225922
1994-11-18,0.19887341558933258
1994-11-19,0.19104325771331787
1994-11-20,0.1830875724554062
1994-11-21,0.19777853786945343
1994-11-22,0.21043652296066284
1994-11-23,0.19973115622997284
1994-11-24,0.20413534343242645
1994-11-25,0.19741109013557434
1994-11-26,0.19123579561710358
1994-11-27,0.17763808369636536
1994-11-28,0.18829739093780518
1994-11-29,0.20552733540534973
1994-11-30,0.21913346648216248
1994-12-01,0.23511645197868347
1994-12-02,0.2410471886396408
1994-12-03,0.2662743628025055
1994-12-04,0.2729390859603882
1994-12-05,0.278428316116333
1994-12-06,0.272764652967453
1994-12-07,0.2599829137325287
1994-12-08,0.24774251878261566
1994-12-09,0.24501565098762512
1994-12-10,0.23138180375099182
1994-12-11,0.24735569953918457
1994-12-12,0.2455022633075714
1994-12-13,0.2519145607948303
1994-12-14,0.2496751844882965
1994-12-15,0.2533467710018158
1994-12-16,0.2564667761325836
1994-12-17,0.2661743760108948
1994-12-18,0.23611494898796082
1994-12-19,0.24325112998485565
1994-12-20,0.2441898137331009
1994-12-21,0.22840704023838043
1994-12-22,0.2571590840816498
1994-12-23,0.2635731101036072
1994-12-24,0.2930094003677368
1994-12-25,0.3010222017765045
1994-12-26,0.2903500199317932
1994-12-27,0.2687661647796631
1994-12-28,0.27572208642959595
1994-12-29,0.268621027469635
1994-12-30,0.26975664496421814
1994-12-31,0.21464693546295166
1995-01-01,0.17650222778320312
1995-01-02,0.19378553330898285
1995-01-03,0.20593009889125824
1995-01-04,0.22053441405296326
1995-01-05,0.19175109267234802
1995-01-06,0.1979549080133438
1995-01-07,0.18713371455669403
1995-01-08,0.19518236815929413
1995-01-09,0.20225809514522552
1995-01-10,0.19708946347236633
1995-01-11,0.21147692203521729
1995-01-12,0.21434712409973145
1995-01-13,0.20623748004436493
1995-01-14,0.18556886911392212
1995-01-15,0.18189622461795807
1995-01-16,0.1812921017408371
1995-01-17,0.16779357194900513
1995-01-18,0.1475886106491089
1995-01-19,0.14456498622894287
1995-01-20,0.151572123169899
1995-01-21,0.14494721591472626
1995-01-22,0.15507592260837555
1995-01-23,0.15440741181373596
1995-01-24,0.17083901166915894
1995-01-25,0.17819459736347198
1995-01-26,0.17328447103500366
1995-01-27,0.16746249794960022
1995-01-28,0.1670682281255722
1995-01-29,0.1482071578502655
1995-01-30,0.14909851551055908
1995-01-31,0.14080871641635895
1995-02-01,0.1499447226524353
1995-02-02,0.15512917935848236
1995-02-03,0.144213005900383
1995-02-04,0.13372215628623962
1995-02-05,0.12397018074989319
1995-02-06,0.1163676381111145
1995-02-07,0.11563438177108765
1995-02-08,0.11306042969226837
1995-02-09,0.10835642367601395
1995-02-10,0.10215291380882263
1995-02-11,0.13038204610347748
1995-02-12,0.12360456585884094
1995-02-13,0.11917506903409958
1995-02-14,0.11806891113519669
1995-02-15,0.1159839928150177
1995-02-16,0.0982540175318718
1995-02-17,0.09725730866193771
1995-02-18,0.07988478988409042
1995-02-19,0.08319653570652008
1995-02-20,0.050172872841358185
1995-02-21,0.05022686347365379
1995-02-22,0.051180705428123474
1995-02-23,0.0503762923181057
1995-02-24,0.05974847078323364
1995-02-25,0.04593143239617348
1995-02-26,0.06479673087596893
1995-02-27,0.0735732689499855
1995-02-28,0.07592526078224182
1995-03-01,0.06337545812129974
1995-03-02,0.04820597916841507
1995-03-03,0.03409145772457123
1995-03-04,0.0251205712556839
1995-03-05,0.022758077830076218
1995-03-06,0.00933058187365532
1995-03-07,-0.016116075217723846
1995-03-08,-0.027416842058300972
1995-03-09,-0.031744908541440964
1995-03-10,-0.04127541929483414
1995-03-11,-0.02824775129556656
1995-03-12,-0.010618461295962334
1995-03-13,-0.0016895735170692205
1995-03-14,-0.013503668829798698
1995-03-15,-0.008274015970528126
1995-03-16,-0.00781257264316082
1995-03-17,-0.004145103972405195
1995-03-18,-0.012919166125357151
1995-03-19,-0.03035897947847843
1995-03-20,-0.018207920715212822
1995-03-21,-0.020071547478437424
1995-03-22,-0.0089691998437047
1995-03-23,-0.023119961842894554
1995-03-24,-0.022836074233055115
1995-03-25,-0.017967360094189644
1995-03-26,0.01736549474298954
1995-03-27,0.01844453439116478
1995-03-28,0.009129920974373817
1995-03-29,0.019866909831762314
1995-03-30,0.02602231130003929
1995-03-31,0.026950564235448837
1995-04-01,0.01978934183716774
1995-04-02,0.005978597328066826
1995-04-03,0.0068675256334245205
1995-04-04,0.0172184519469738
1995-04-05,0.03163844719529152
1995-04-06,0.041574884206056595
1995-04-07,0.057696059346199036
1995-04-08,0.04769023135304451
1995-04-09,0.054243337363004684
1995-04-10,0.06448288261890411
1995-04-11,0.05974926799535751
1995-04-12,0.06739553809165955
1995-04-13,0.0750090554356575
1995-04-14,0.07747964560985565
1995-04-15,0.08242642134428024
1995-04-16,0.10313116014003754
1995-04-17,0.11468875408172607
1995-04-18,0.10565205663442612
1995-04-19,0.08767534047365189
1995-04-20,0.09355203807353973
1995-04-21,0.07673007994890213
1995-04-22,0.05742933601140976
1995-04-23,0.06296779960393906
1995-04-24,0.05518518388271332
1995-04-25,0.06438719481229782
1995-04-26,0.08300158381462097
1995-04-27,0.10566118359565735
1995-04-28,0.09940613061189651
1995-04-29,0.11230958998203278
1995-04-30,0.0983649268746376
1995-05-01,0.0945005863904953
1995-05-02,0.10115674138069153
1995-05-03,0.10544043034315109
1995-05-04,0.0986746996641159
1995-05-05,0.07334627956151962
1995-05-06,0.02320471778512001
1995-05-07,0.03799426555633545
1995-05-08,0.036156125366687775
1995-05-09,0.030343113467097282
1995-05-10,0.040260136127471924
1995-05-11,0.028395550325512886
1995-05-12,0.02669493667781353
1995-05-13,0.036796241998672485
1995-05-14,0.05516998842358589
1995-05-15,0.05747177079319954
1995-05-16,0.0696800947189331
1995-05-17,0.06421562284231186
1995-05-18,0.047041796147823334
1995-05-19,0.043908800929784775
1995-05-20,0.02139829844236374
1995-05-21,0.01441224291920662
1995-05-22,0.022854676470160484
1995-05-23,0.01671392098069191
1995-05-24,0.03735515847802162
1995-05-25,0.03365517035126686
1995-05-26,0.019313106313347816
1995-05-27,-0.007547090295702219
1995-05-28,-0.02318488247692585
1995-05-29,-0.024223390966653824
1995-05-30,-0.0278023574501276
1995-05-31,-0.017498305067420006
1995-06-01,-0.024529732763767242
1995-06-02,-0.033432625234127045
1995-06-03,-0.039186690002679825
1995-06-04,-0.03931966796517372
1995-06-05,-0.03210261091589928
1995-06-06,-0.01810452714562416
1995-06-07,-0.015294821932911873
1995-06-08,-0.026166871190071106
1995-06-09,-0.018667029216885567
1995-06-10,-0.040966250002384186
1995-06-11,-0.06195475533604622
1995-06-12,-0.04623694345355034
1995-06-13,-0.04327118769288063
1995-06-14,-0.029607398435473442
1995-06-15,-0.031999409198760986
1995-06-16,-0.026383472606539726
1995-06-17,-0.044946663081645966
1995-06-18,-0.047557905316352844
1995-06-19,-0.05167955905199051
1995-06-20,-0.03589135780930519
1995-06-21,-0.030556481331586838
1995-06-22,-0.04984232410788536
1995-06-23,-0.049581557512283325
1995-06-24,-0.05677450820803642
1995-06-25,-0.0375484935939312
1995-06-26,-0.020153306424617767
1995-06-27,-0.03261517733335495
1995-06-28,-0.02600046619772911
1995-06-29,-0.02208145149052143
1995-06-30,-0.017021482810378075
1995-07-01,-0.02315608598291874
1995-07-02,-0.011157148517668247
1995-07-03,2.0013050743727945e-05
1995-07-04,0.011283846572041512
1995-07-05,0.022047368809580803
1995-07-06,0.009786853566765785
1995-07-07,0.008186318911612034
1995-07-08,0.015596226789057255
1995-07-09,0.019472438842058182
1995-07-10,0.030045345425605774
1995-07-11,0.024403588846325874
1995-07-12,0.03772402182221413
1995-07-13,0.029872389510273933
1995-07-14,0.04020499810576439
1995-07-15,0.039345335215330124
1995-07-16,0.04306482896208763
1995-07-17,0.07306817919015884
1995-07-18,0.045004427433013916
1995-07-19,0.05358400568366051
1995-07-20,0.04839193448424339
1995-07-21,0.033873964101076126
1995-07-22,0.02650066651403904
1995-07-23,0.03934646397829056
1995-07-24,0.03983914107084274
1995-07-25,0.06160595640540123
1995-07-26,0.08269311487674713
1995-07-27,0.08982550352811813
1995-07-28,0.08769316226243973
1995-07-29,0.0868455246090889
1995-07-30,0.0939142033457756
1995-07-31,0.10987727344036102
1995-08-01,0.10435953736305237
1995-08-02,0.09229206293821335
1995-08-03,0.11151926219463348
1995-08-04,0.12335757911205292
1995-08-05,0.1091575101017952
1995-08-06,0.09242956340312958
1995-08-07,0.10911419242620468
1995-08-08,0.0638483539223671
1995-08-09,0.08122091740369797
1995-08-10,0.08874422311782837
1995-08-11,0.08823239803314209
1995-08-12,0.08451532572507858
1995-08-13,0.08036327362060547
1995-08-14,0.08286817371845245
1995-08-15,0.07658885419368744
1995-08-16,0.08848555386066437
1995-08-17,0.10389512777328491
1995-08-18,0.10311046987771988
1995-08-19,0.1395266205072403
1995-08-20,0.14117705821990967
1995-08-21,0.14028260111808777
1995-08-22,0.15020869672298431
1995-08-23,0.14887890219688416
1995-08-24,0.15398409962654114
1995-08-25,0.14825576543807983
1995-08-26,0.16952790319919586
1995-08-27,0.18253323435783386
1995-08-28,0.18287932872772217
1995-08-29,0.20108942687511444
1995-08-30,0.21482062339782715
1995-08-31,0.23077841103076935
1995-09-01,0.21654120087623596
1995-09-02,0.19414643943309784
1995-09-03,0.19739724695682526
1995-09-04,0.19219227135181427
1995-09-05,0.18711405992507935
1995-09-06,0.20017290115356445
1995-09-07,0.2087286412715912
1995-09-08,0.22293660044670105
1995-09-09,0.23147590458393097
1995-09-10,0.21740344166755676
1995-09-11,0.21332673728466034
1995-09-12,0.20686990022659302
1995-09-13,0.20475231111049652
1995-09-14,0.20686684548854828
1995-09-15,0.20225709676742554
1995-09-16,0.19293071329593658
1995-09-17,0.22982962429523468
1995-09-18,0.23614336550235748
1995-09-19,0.23362571001052856
1995-09-20,0.22760999202728271
1995-09-21,0.21658463776111603
1995-09-22,0.20384147763252258
1995-09-23,0.20432384312152863
1995-09-24,0.21307523548603058
1995-09-25,0.22278966009616852
1995-09-26,0.24429646134376526
1995-09-27,0.23756207525730133
1995-09-28,0.22716541588306427
1995-09-29,0.22724628448486328
1995-09-30,0.23361124098300934
1995-10-01,0.24987651407718658
1995-10-02,0.25013861060142517
1995-10-03,0.254818856716156
1995-10-04,0.2494969218969345
1995-10-05,0.25776171684265137
1995-10-06,0.25086694955825806
1995-10-07,0.2403295785188675
1995-10-08,0.23613020777702332
1995-10-09,0.2228316217660904
1995-10-10,0.20327505469322205
1995-10-11,0.2234494686126709
1995-10-12,0.21837635338306427
1995-10-13,0.2102883905172348
1995-10-14,0.21322672069072723
1995-10-15,0.1966593861579895
1995-10-16,0.2229691594839096
1995-10-17,0.22486361861228943
1995-10-18,0.2118501216173172
1995-10-19,0.19710862636566162
1995-10-20,0.19773297011852264
1995-10-21,0.19424857199192047
1995-10-22,0.21605859696865082
1995-10-23,0.2295001745223999
1995-10-24,0.22452367842197418
1995-10-25,0.24584361910820007
1995-10-26,0.23822695016860962
1995-10-27,0.23737716674804688
1995-10-28,0.21777008473873138
1995-10-29,0.2220076024532318
1995-10-30,0.22102928161621094
1995-10-31,0.2200395166873932
1995-11-01,0.24542206525802612
1995-11-02,0.2358456701040268
1995-11-03,0.2327699065208435
1995-11-04,0.22227036952972412
1995-11-05,0.23669710755348206
1995-11-06,0.23934674263000488
1995-11-07,0.23683185875415802
1995-11-08,0.23069049417972565
1995-11-09,0.2175399512052536
1995-11-10,0.1821044236421585
1995-11-11,0.15131841599941254
1995-11-12,0.14644719660282135
1995-11-13,0.14552825689315796
1995-11-14,0.1335819512605667
1995-11-15,0.13073529303073883
1995-11-16,0.13595052063465118
1995-11-17,0.14478151500225067
1995-11-18,0.1163778230547905
1995-11-19,0.10521260648965836
1995-11-20,0.10732227563858032
1995-11-21,0.11606454104185104
1995-11-22,0.12187127023935318
1995-11-23,0.11756301671266556
1995-11-24,0.12343468517065048
1995-11-25,0.12282585352659225
1995-11-26,0.09193623811006546
1995-11-27,0.10473095625638962
1995-11-28,0.10789388418197632
1995-11-29,0.12602226436138153
1995-11-30,0.1292448490858078
1995-12-01,0.14304986596107483
1995-12-02,0.11586710065603256
1995-12-03,0.11330898851156235
1995-12-04,0.10898151248693466
1995-12-05,0.11139365285634995
1995-12-06,0.1233217865228653
1995-12-07,0.12569162249565125
1995-12-08,0.1319442093372345
1995-12-09,0.08297199010848999
1995-12-10,0.08772909641265869
1995-12-11,0.08435326814651489
1995-12-12,0.09613091498613358
1995-12-13,0.09794344007968903
1995-12-14,0.09875575453042984
1995-12-15,0.10478368401527405
1995-12-16,0.08776436001062393
1995-12-17,0.0732155591249466
1995-12-18,0.07673870772123337
1995-12-19,0.0715438723564148
1995-12-20,0.08757858723402023
1995-12-21,0.08112231642007828
1995-12-22,0.06400711834430695
1995-12-23,0.11099712550640106
1995-12-24,0.058027397841215134
1995-12-25,0.0370890349149704
1995-12-26,0.03292522951960564
1995-12-27,0.04561353847384453
1995-12-28,0.008563293144106865
1995-12-29,0.0385710708796978
1995-12-30,-0.014106080867350101
1995-12-31,0.021918678656220436
1996-01-01,0.044871605932712555
1996-01-02,0.057359300553798676
1996-01-03,0.06778116524219513
1996-01-04,0.06266402453184128
1996-01-05,0.044909074902534485
1996-01-06,0.03286800533533096
1996-01-07,0.020148467272520065
1996-01-08,0.009515549056231976
1996-01-09,0.014436675235629082
1996-01-10,0.02828187495470047
1996-01-11,0.002251791302114725
1996-01-12,0.011108184233307838
1996-01-13,-0.008811963722109795
1996-01-14,-0.012584242038428783
1996-01-15,-0.007296311669051647
1996-01-16,0.016517261043190956
1996-01-17,0.03377462550997734
1996-01-18,0.03564217686653137
1996-01-19,0.034166719764471054
1996-01-20,0.03436025232076645
1996-01-21,0.035914525389671326
1996-01-22,0.03709215670824051
1996-01-23,0.05196736752986908
1996-01-24,0.042143236845731735
1996-01-25,0.032108813524246216
1996-01-26,0.018163563683629036
1996-01-27,0.00786613393574953
1996-01-28,0.01460222341120243
1996-01-29,0.02814643830060959
1996-01-30,0.030029242858290672
1996-01-31,0.041014667600393295
1996-02-01,0.04612487182021141
1996-02-02,0.03864147141575813
1996-02-03,-0.0036352204624563456
1996-02-04,-0.018575549125671387
1996-02-05,-0.0264618881046772
1996-02-06,-0.00964258797466755
1996-02-07,0.0028386120684444904
1996-02-08,0.0029936188366264105
1996-02-09,0.03183223307132721
1996-02-10,0.04457811266183853
1996-02-11,0.06340592354536057
1996-02-12,0.07521712779998779
1996-02-13,0.09252553433179855
1996-02-14,0.09077040106058121
1996-02-15,0.09133806824684143
1996-02-16,0.0944676548242569
1996-02-17,0.08633068203926086
1996-02-18,0.08156663179397583
1996-02-19,0.08991698920726776
1996-02-20,0.09876096248626709
1996-02-21,0.09322924166917801
1996-02-22,0.09562645852565765
1996-02-23,0.10547913610935211
1996-02-24,0.08215145021677017
1996-02-25,0.09520156681537628
1996-02-26,0.10375543683767319
1996-02-27,0.09355269372463226
1996-02-28,0.0954490378499031
1996-02-29,0.08328400552272797
1996-03-01,0.08936981856822968
1996-03-02,0.09802629798650742
1996-03-03,0.09705103933811188
1996-03-04,0.09813818335533142
1996-03-05,0.08891443908214569
1996-03-06,0.08782213926315308
1996-03-07,0.10022727400064468
1996-03-08,0.09660617262125015
1996-03-09,0.08512327820062637
1996-03-10,0.10971596837043762
1996-03-11,0.10303304344415665
1996-03-12,0.1103501096367836
1996-03-13,0.10367303341627121
1996-03-14,0.10488716512918472
1996-03-15,0.0968436449766159
1996-03-16,0.09740883111953735
1996-03-17,0.10379995405673981
1996-03-18,0.09191481024026871
1996-03-19,0.1051693856716156
1996-03-20,0.1329190731048584
1996-03-21,0.13625867664813995
1996-03-22,0.12570630013942719
1996-03-23,0.10799966007471085
1996-03-24,0.11735635250806808
1996-03-25,0.11672214418649673
1996-03-26,0.11889796704053879
1996-03-27,0.12134768068790436
1996-03-28,0.1285749226808548
1996-03-29,0.11371751129627228
1996-03-30,0.09843140095472336
1996-03-31,0.10150151699781418
1996-04-01,0.11264481395483017
1996-04-02,0.09704377502202988
1996-04-03,0.09594302624464035
1996-04-04,0.09572944045066833
1996-04-05,0.08701828122138977
1996-04-06,0.08478415012359619
1996-04-07,0.07807493954896927
1996-04-08,0.08566992729902267
1996-04-09,0.07631386816501617
1996-04-10,0.08046945929527283
1996-04-11,0.09197454899549484
1996-04-12,0.10888120532035828
1996-04-13,0.14148251712322235
1996-04-14,0.1355895847082138
1996-04-15,0.14244681596755981
1996-04-16,0.14538072049617767
1996-04-17,0.1504746377468109
1996-04-18,0.15369386970996857
1996-04-19,0.16160142421722412
1996-04-20,0.1293971985578537
1996-04-21,0.1404600441455841
1996-04-22,0.13398341834545135
1996-04-23,0.13594889640808105
1996-04-24,0.13644284009933472
1996-04-25,0.1476980745792389
1996-04-26,0.14043396711349487
1996-04-27,0.13939934968948364
1996-04-28,0.13777302205562592
1996-04-29,0.15362463891506195
1996-04-30,0.14090901613235474
1996-05-01,0.13494208455085754
1996-05-02,0.14195986092090607
1996-05-03,0.15292403101921082
1996-05-04,0.13919584453105927
1996-05-05,0.14462897181510925
1996-05-06,0.1400364637374878
1996-05-07,0.14562825858592987
1996-05-08,0.13817094266414642
1996-05-09,0.13550283014774323
1996-05-10,0.11097145825624466
1996-05-11,0.08181631565093994
1996-05-12,0.10601412504911423
1996-05-13,0.1241435557603836
1996-05-14,0.12403929233551025
1996-05-15,0.12651540338993073
1996-05-16,0.1201137900352478
1996-05-17,0.13002173602581024
1996-05-18,0.11224300414323807
1996-05-19,0.14882780611515045
1996-05-20,0.12068372964859009
1996-05-21,0.12677565217018127
1996-05-22,0.13229748606681824
1996-05-23,0.12556089460849762
1996-05-24,0.1274929642677307
1996-05-25,0.08918951451778412
1996-05-26,0.10084828734397888
1996-05-27,0.10130835324525833
1996-05-28,0.10488330572843552
1996-05-29,0.1251382976770401
1996-05-30,0.13366901874542236
1996-05-31,0.1532725691795349
1996-06-01,0.1338604986667633
1996-06-02,0.10496430844068527
1996-06-03,0.11505100131034851
1996-06-04,0.11586638540029526
1996-06-05,0.1318548321723938
1996-06-06,0.1178828775882721
1996-06-07,0.10881417244672775
1996-06-08,0.11112429201602936
1996-06-09,0.12306293845176697
1996-06-10,0.11961671710014343
1996-06-11,0.1112142875790596
1996-06-12,0.11607871949672699
1996-06-13,0.11851677298545837
1996-06-14,0.09805415570735931
1996-06-15,0.059457216411828995
1996-06-16,0.041277993470430374
1996-06-17,0.05746881291270256
1996-06-18,0.05194372683763504
1996-06-19,0.06226085498929024
1996-06-20,0.07042114436626434
1996-06-21,0.059605829417705536
1996-06-22,0.02862888015806675
1996-06-23,-0.007821003906428814
1996-06-24,0.009081345051527023
1996-06-25,0.014981728978455067
1996-06-26,0.015371716581285
1996-06-27,0.02130074054002762
1996-06-28,0.0362415611743927
1996-06-29,0.039504311978816986
1996-06-30,0.06960424035787582
1996-07-01,0.07259930670261383
1996-07-02,0.0691991075873375
1996-07-03,0.09200257807970047
1996-07-04,0.06990999728441238
1996-07-05,0.0890662893652916
1996-07-06,0.058778755366802216
1996-07-07,0.08095628768205643
1996-07-08,0.08492787927389145
1996-07-09,0.06994342803955078
1996-07-10,0.07621102780103683
1996-07-11,0.06559070199728012
1996-07-12,0.08621515333652496
1996-07-13,0.08210846781730652
1996-07-14,0.11021570861339569
1996-07-15,0.10859984159469604
1996-07-16,0.13402628898620605
1996-07-17,0.13291797041893005
1996-07-18,0.1295749545097351
1996-07-19,0.14099079370498657
1996-07-20,0.1485462188720703
1996-07-21,0.15936119854450226
1996-07-22,0.14659114181995392
1996-07-23,0.1425708830356598
1996-07-24,0.12706655263900757
1996-07-25,0.11807849258184433
1996-07-26,0.11800925433635712
1996-07-27,0.09615030884742737
1996-07-28,0.09578469395637512
1996-07-29,0.08730404078960419
1996-07-30,0.09609862416982651
1996-07-31,0.10730462521314621
1996-08-01,0.11586404591798782
1996-08-02,0.12077447026968002
1996-08-03,0.1341785341501236
1996-08-04,0.14845116436481476
1996-08-05,0.14639239013195038
1996-08-06,0.15283243358135223
1996-08-07,0.14697155356407166
1996-08-08,0.15285974740982056
1996-08-09,0.15396557748317719
1996-08-10,0.1559554785490036
1996-08-11,0.16678503155708313
1996-08-12,0.1578635722398758
1996-08-13,0.13926111161708832
1996-08-14,0.14291900396347046
1996-08-15,0.15847480297088623
1996-08-16,0.16110274195671082
1996-08-17,0.16949182748794556
1996-08-18,0.17748583853244781
1996-08-19,0.17044134438037872
1996-08-20,0.17730656266212463
1996-08-21,0.18901275098323822
1996-08-22,0.18842390179634094
1996-08-23,0.1793387085199356
1996-08-24,0.17188069224357605
1996-08-25,0.17622260749340057
1996-08-26,0.17814739048480988
1996-08-27,0.1750459372997284
1996-08-28,0.18406952917575836
1996-08-29,0.18168480694293976
1996-08-30,0.18922603130340576
1996-08-31,0.19502855837345123
1996-09-01,0.20031854510307312
1996-09-02,0.20228485763072968
1996-09-03,0.2031846046447754
1996-09-04,0.19146773219108582
1996-09-05,0.18934229016304016
1996-09-06,0.19085416197776794
1996-09-07,0.1838538497686386
1996-09-08,0.19271859526634216
1996-09-09,0.19597236812114716
1996-09-10,0.19325536489486694
1996-09-11,0.19238311052322388
1996-09-12,0.19128932058811188
1996-09-13,0.19491082429885864
1996-09-14,0.2138906568288803
1996-09-15,0.23137113451957703
1996-09-16,0.22100384533405304
1996-09-17,0.23110991716384888
1996-09-18,0.21937428414821625
1996-09-19,0.19676709175109863
1996-09-20,0.2070353627204895
1996-09-21,0.20991334319114685
1996-09-22,0.21564114093780518
1996-09-23,0.24056683480739594
1996-09-24,0.22850538790225983
1996-09-25,0.23619963228702545
1996-09-26,0.24500717222690582
1996-09-27,0.23877263069152832
1996-09-28,0.24190190434455872
1996-09-29,0.2555440664291382
1996-09-30,0.2647988796234131
1996-10-01,0.26385581493377686
1996-10-02,0.2838612198829651
1996-10-03,0.2770421504974365
1996-10-04,0.2915817201137543
1996-10-05,0.27764827013015747
1996-10-06,0.27135106921195984
1996-10-07,0.2547447085380554
1996-10-08,0.25052112340927124
1996-10-09,0.2688100039958954
1996-10-10,0.26588162779808044
1996-10-11,0.2288546860218048
1996-10-12,0.2474813312292099
1996-10-13,0.2601153254508972
1996-10-14,0.2579379975795746
1996-10-15,0.25686705112457275
1996-10-16,0.25143760442733765
1996-10-17,0.24937185645103455
1996-10-18,0.252208948135376
1996-10-19,0.20771034061908722
1996-10-20,0.18383313715457916
1996-10-21,0.19219014048576355
1996-10-22,0.20265671610832214
1996-10-23,0.2087407112121582
1996-10-24,0.21985845267772675
1996-10-25,0.2393992394208908
1996-10-26,0.2420802265405655
1996-10-27,0.27290353178977966
1996-10-28,0.2602021396160126
1996-10-29,0.22284649312496185
1996-10-30,0.2290487289428711
1996-10-31,0.23919221758842468
1996-11-01,0.24476465582847595
1996-11-02,0.24628500640392303
1996-11-03,0.2577366232872009
1996-11-04,0.26041367650032043
1996-11-05,0.2783181667327881
1996-11-06,0.28050315380096436
1996-11-07,0.28601449728012085
1996-11-08,0.321477472782135
1996-11-09,0.31209492683410645
1996-11-10,0.3052014708518982
1996-11-11,0.3061256408691406
1996-11-12,0.30845174193382263
1996-11-13,0.3047526478767395
1996-11-14,0.2991463840007782
1996-11-15,0.2876282334327698
1996-11-16,0.28840598464012146
1996-11-17,0.2538740038871765
1996-11-18,0.25161993503570557
1996-11-19,0.26528289914131165
1996-11-20,0.2592320740222931
1996-11-21,0.24472545087337494
1996-11-22,0.2204592525959015
1996-11-23,0.20882701873779297
1996-11-24,0.1803881973028183
1996-11-25,0.20937693119049072
1996-11-26,0.21580219268798828
1996-11-27,0.23495477437973022
1996-11-28,0.23198877274990082
1996-11-29,0.23862388730049133
1996-11-30,0.245608851313591
1996-12-01,0.2915858030319214
1996-12-02,0.31286680698394775
1996-12-03,0.32290661334991455
1996-12-04,0.32165226340293884
1996-12-05,0.3312617540359497
1996-12-06,0.33340850472450256
1996-12-07,0.3113475441932678
1996-12-08,0.3368845582008362
1996-12-09,0.35329264402389526
1996-12-10,0.35198500752449036
1996-12-11,0.3311648368835449
1996-12-12,0.32125017046928406
1996-12-13,0.32037490606307983
1996-12-14,0.3331928551197052
1996-12-15,0.32488954067230225
1996-12-16,0.31882891058921814
1996-12-17,0.31071746349334717
1996-12-18,0.3085634410381317
1996-12-19,0.2876107692718506
1996-12-20,0.26331934332847595
1996-12-21,0.2733203172683716
1996-12-22,0.2884329855442047
1996-12-23,0.29596611857414246
1996-12-24,0.2950097620487213
1996-12-25,0.326973021030426
1996-12-26,0.3406950533390045
1996-12-27,0.31821587681770325
1996-12-28,0.3544405996799469
1996-12-29,0.357503741979599
1996-12-30,0.38966089487075806
1996-12-31,0.38317033648490906
1997-01-01,0.39073047041893005
1997-01-02,0.3841486871242523
1997-01-03,0.3851386606693268
1997-01-04,0.3437235355377197
1997-01-05,0.3320000469684601
1997-01-06,0.3319595158100128
1997-01-07,0.3195556402206421
1997-01-08,0.3243706226348877
1997-01-09,0.345479279756546
1997-01-10,0.350514680147171
1997-01-11,0.34106627106666565
1997-01-12,0.31885939836502075
1997-01-13,0.33219432830810547
1997-01-14,0.3277150094509125
1997-01-15,0.350451797246933
1997-01-16,0.37049901485443115
1997-01-17,0.3510298430919647
1997-01-18,0.35368847846984863
1997-01-19,0.36604493856430054
1997-01-20,0.35811954736709595
1997-01-21,0.3578619360923767
1997-01-22,0.35704246163368225
1997-01-23,0.3666563928127289
1997-01-24,0.36182549595832825
1997-01-25,0.37702950835227966
1997-01-26,0.3632742464542389
1997-01-27,0.33674541115760803
1997-01-28,0.33973708748817444
1997-01-29,0.3446670472621918
1997-01-30,0.3482992649078369
1997-01-31,0.34056103229522705
1997-02-01,0.3362860083580017
1997-02-02,0.3669712245464325
1997-02-03,0.37656405568122864
1997-02-04,0.36929014325141907
1997-02-05,0.372531533241272
1997-02-06,0.35648176074028015
1997-02-07,0.3519570529460907
1997-02-08,0.34871044754981995
1997-02-09,0.34414082765579224
1997-02-10,0.3435017466545105
1997-02-11,0.32439863681793213
1997-02-12,0.3258880376815796
1997-02-13,0.32695162296295166
1997-02-14,0.32047709822654724
1997-02-15,0.31786873936653137
1997-02-16,0.309652179479599
1997-02-17,0.29390934109687805
1997-02-18,0.2982708811759949
1997-02-19,0.2873924970626831
1997-02-20,0.27275440096855164
1997-02-21,0.2714434862136841
1997-02-22,0.27077293395996094
1997-02-23,0.25617367029190063
1997-02-24,0.2833445072174072
1997-02-25,0.2794993221759796
1997-02-26,0.2952330708503723
1997-02-27,0.26678287982940674
1997-02-28,0.24529825150966644
1997-03-01,0.21987861394882202
1997-03-02,0.21829275786876678
1997-03-03,0.21834082901477814
1997-03-04,0.24099145829677582
1997-03-05,0.24122558534145355
1997-03-06,0.23464153707027435
1997-03-07,0.23726655542850494
1997-03-08,0.249612957239151
1997-03-09,0.24223004281520844
1997-03-10,0.23442861437797546
1997-03-11,0.22686544060707092
1997-03-12,0.2230343371629715
1997-03-13,0.2162194401025772
1997-03-14,0.2121220827102661
1997-03-15,0.22042104601860046
1997-03-16,0.23473797738552094
1997-03-17,0.22833842039108276
1997-03-18,0.24078911542892456
1997-03-19,0.2532813549041748
1997-03-20,0.24041511118412018
1997-03-21,0.2406487613916397
1997-03-22,0.2169029861688614
1997-03-23,0.2313506305217743
1997-03-24,0.22419598698616028
1997-03-25,0.22603651881217957
1997-03-26,0.24218861758708954
1997-03-27,0.253442645072937
1997-03-28,0.2570880055427551
1997-03-29,0.27877649664878845
1997-03-30,0.28668126463890076
1997-03-31,0.28988099098205566
1997-04-01,0.2891272008419037
1997-04-02,0.2959153950214386
1997-04-03,0.295400470495224
1997-04-04,0.29475948214530945
1997-04-05,0.29057449102401733
1997-04-06,0.284756600856781
1997-04-07,0.26028990745544434
1997-04-08,0.272530734539032
1997-04-09,0.2751329839229584
1997-04-10,0.2731550931930542
1997-04-11,0.2741701602935791
1997-04-12,0.219246044754982
1997-04-13,0.21540319919586182
1997-04-14,0.21289928257465363
1997-04-15,0.22494998574256897
1997-04-16,0.21817463636398315
1997-04-17,0.22789524495601654
1997-04-18,0.22261592745780945
1997-04-19,0.23358173668384552
1997-04-20,0.2113393247127533
1997-04-21,0.20908549427986145
1997-04-22,0.21163088083267212
1997-04-23,0.21065211296081543
1997-04-24,0.20458103716373444
1997-04-25,0.17811578512191772
1997-04-26,0.1410398632287979
1997-04-27,0.12909160554409027
1997-04-28,0.12182609736919403
1997-04-29,0.12620453536510468
1997-04-30,0.1351805329322815
1997-05-01,0.15476363897323608
1997-05-02,0.1630203276872635
1997-05-03,0.18847528100013733
1997-05-04,0.19718493521213531
1997-05-05,0.1975710093975067
1997-05-06,0.18684729933738708
1997-05-07,0.19322270154953003
1997-05-08,0.20944885909557343
1997-05-09,0.1957850605249405
1997-05-10,0.19181376695632935
1997-05-11,0.20597390830516815
1997-05-12,0.20624366402626038
1997-05-13,0.21184442937374115
1997-05-14,0.23293755948543549
1997-05-15,0.2294638752937317
1997-05-16,0.24358299374580383
1997-05-17,0.2657625377178192
1997-05-18,0.27409058809280396
1997-05-19,0.2789483070373535
1997-05-20,0.2694649398326874
1997-05-21,0.2675014138221741
1997-05-22,0.25342249870300293
1997-05-23,0.24280500411987305
1997-05-24,0.21123380959033966
1997-05-25,0.21971292793750763
1997-05-26,0.2445458322763443
1997-05-27,0.24722929298877716
1997-05-28,0.25188007950782776
1997-05-29,0.2619574964046478
1997-05-30,0.2659437954425812
1997-05-31,0.2935214340686798
1997-06-01,0.3205328583717346
1997-06-02,0.3321603834629059
1997-06-03,0.33299940824508667
1997-06-04,0.3334890902042389
1997-06-05,0.3203701972961426
1997-06-06,0.310750812292099
1997-06-07,0.2987714409828186
1997-06-08,0.30569151043891907
1997-06-09,0.3001493811607361
1997-06-10,0.3040218651294708
1997-06-11,0.3011135160923004
1997-06-12,0.28828826546669006
1997-06-13,0.2661154866218567
1997-06-14,0.24766646325588226
1997-06-15,0.242812842130661
1997-06-16,0.25544843077659607
1997-06-17,0.28644314408302307
1997-06-18,0.2992424964904785
1997-06-19,0.3120743930339813
1997-06-20,0.31336915493011475
1997-06-21,0.31414932012557983
1997-06-22,0.32549557089805603
1997-06-23,0.33137744665145874
1997-06-24,0.3255441188812256
1997-06-25,0.33348360657691956
1997-06-26,0.34352707862854004
1997-06-27,0.3469986915588379
1997-06-28,0.35564881563186646
1997-06-29,0.3713877201080322
1997-06-30,0.3902939260005951
1997-07-01,0.3938932716846466
1997-07-02,0.39183539152145386
1997-07-03,0.384908527135849
1997-07-04,0.38632839918136597
1997-07-05,0.35641273856163025
1997-07-06,0.35796621441841125
1997-07-07,0.37135547399520874
1997-07-08,0.4186934232711792
1997-07-09,0.4142179787158966
1997-07-10,0.41926297545433044
1997-07-11,0.41016802191734314
1997-07-12,0.4070388674736023
1997-07-13,0.38424089550971985
1997-07-14,0.37574419379234314
1997-07-15,0.3754555881023407
1997-07-16,0.39188459515571594
1997-07-17,0.39150384068489075
1997-07-18,0.379974901676178
1997-07-19,0.3770323395729065
1997-07-20,0.38451045751571655
1997-07-21,0.38636112213134766
1997-07-22,0.37656596302986145
1997-07-23,0.3804554045200348
1997-07-24,0.38318079710006714
1997-07-25,0.3683969974517822
1997-07-26,0.4032583236694336
1997-07-27,0.41919827461242676
1997-07-28,0.40635430812835693
1997-07-29,0.4132019877433777
1997-07-30,0.4302542209625244
1997-07-31,0.4325142204761505
1997-08-01,0.4361400008201599
1997-08-02,0.44158318638801575
1997-08-03,0.44117873907089233
1997-08-04,0.45398202538490295
1997-08-05,0.44513794779777527
1997-08-06,0.4476109445095062
1997-08-07,0.4333186149597168
1997-08-08,0.43553295731544495
1997-08-09,0.42622676491737366
1997-08-10,0.4257121980190277
1997-08-11,0.4009106755256653
1997-08-12,0.3912206292152405
1997-08-13,0.4053327441215515
1997-08-14,0.4112001955509186
1997-08-15,0.41167494654655457
1997-08-16,0.3891119062900543
1997-08-17,0.4132304787635803
1997-08-18,0.40177956223487854
1997-08-19,0.40484943985939026
1997-08-20,0.4063040018081665
1997-08-21,0.38175833225250244
1997-08-22,0.3817135691642761
1997-08-23,0.3949775695800781
1997-08-24,0.38014787435531616
1997-08-25,0.37911418080329895
1997-08-26,0.38127845525741577
1997-08-27,0.3903733193874359
1997-08-28,0.3734646737575531
1997-08-29,0.35527411103248596
1997-08-30,0.3642708957195282
1997-08-31,0.34944313764572144
1997-09-01,0.3377993404865265
1997-09-02,0.35692545771598816
1997-09-03,0.35267719626426697
1997-09-04,0.35872867703437805
1997-09-05,0.3278951346874237
1997-09-06,0.3143286108970642
1997-09-07,0.24169789254665375
1997-09-08,0.2413661628961563
1997-09-09,0.2571108937263489
1997-09-10,0.2638474404811859
1997-09-11,0.2759019136428833
1997-09-12,0.2566917836666107
1997-09-13,0.2784261703491211
1997-09-14,0.29345017671585083
1997-09-15,0.2985808253288269
1997-09-16,0.2944582998752594
1997-09-17,0.30578455328941345
1997-09-18,0.3062337338924408
1997-09-19,0.30062997341156006
1997-09-20,0.2328779101371765
1997-09-21,0.25076285004615784
1997-09-22,0.2590923309326172
1997-09-23,0.25466474890708923
1997-09-24,0.25697213411331177
1997-09-25,0.2526673674583435
1997-09-26,0.2387416958808899
1997-09-27,0.21623167395591736
1997-09-28,0.22754885256290436
1997-09-29,0.2261589765548706
1997-09-30,0.22609536349773407
1997-10-01,0.22186696529388428
1997-10-02,0.2298080027103424
1997-10-03,0.2186969816684723
1997-10-04,0.19266317784786224
1997-10-05,0.1615525186061859
1997-10-06,0.16835704445838928
1997-10-07,0.18535099923610687
1997-10-08,0.20185242593288422
1997-10-09,0.1917007565498352
1997-10-10,0.19623389840126038
1997-10-11,0.18971776962280273
1997-10-12,0.1935480684041977
1997-10-13,0.1920759379863739
1997-10-14,0.2087305337190628
1997-10-15,0.20921581983566284
1997-10-16,0.22214636206626892
1997-10-17,0.2275296151638031
1997-10-18,0.21352264285087585
1997-10-19,0.256334125995636
1997-10-20,0.22864139080047607
1997-10-21,0.2198101431131363
1997-10-22,0.22289718687534332
1997-10-23,0.21950727701187134
1997-10-24,0.21956846117973328
1997-10-25,0.22958362102508545
1997-10-26,0.24512653052806854
1997-10-27,0.2466905266046524
1997-10-28,0.2288590520620346
1997-10-29,0.22803692519664764
1997-10-30,0.22534503042697906
1997-10-31,0.22994469106197357
1997-11-01,0.2372106909751892
1997-11-02,0.23474635183811188
1997-11-03,0.23906898498535156
1997-11-04,0.2249276340007782
1997-11-05,0.23547200858592987
1997-11-06,0.21455824375152588
1997-11-07,0.20728906989097595
1997-11-08,0.16860416531562805
1997-11-09,0.18325431644916534
1997-11-10,0.16359005868434906
1997-11-11,0.15261702239513397
1997-11-12,0.14811430871486664
1997-11-13,0.11884556710720062
1997-11-14,0.12960217893123627
1997-11-15,0.12516002357006073
1997-11-16,0.11145361512899399
1997-11-17,0.11099211871623993
1997-11-18,0.1326868087053299
1997-11-19,0.14899371564388275
1997-11-20,0.13679124414920807
1997-11-21,0.11255872249603271
1997-11-22,0.15211781859397888
1997-11-23,0.15775467455387115
1997-11-24,0.1541314423084259
1997-11-25,0.15973804891109467
1997-11-26,0.18101051449775696
1997-11-27,0.19531306624412537
1997-11-28,0.19501693546772003
1997-11-29,0.2585892677307129
1997-11-30,0.2813130021095276
1997-12-01,0.3013330399990082
1997-12-02,0.28251907229423523
1997-12-03,0.27213674783706665
1997-12-04,0.2847633361816406
1997-12-05,0.2778067886829376
1997-12-06,0.262603223323822
1997-12-07,0.2769242525100708
1997-12-08,0.27507051825523376
1997-12-09,0.2754180133342743
1997-12-10,0.2647011876106262
1997-12-11,0.2602593004703522
1997-12-12,0.2415113002061844
1997-12-13,0.22026309370994568
1997-12-14,0.2633320391178131
1997-12-15,0.24685248732566833
1997-12-16,0.23607265949249268
1997-12-17,0.23519554734230042
1997-12-18,0.2331485003232956
1997-12-19,0.24149750173091888
1997-12-20,0.32284975051879883
1997-12-21,0.2986416816711426
1997-12-22,0.30960017442703247
1997-12-23,0.28597307205200195
1997-12-24,0.2799978256225586
1997-12-25,0.2878462076187134
1997-12-26,0.254751592874527
1997-12-27,0.27170702815055847
1997-12-28,0.3009057641029358
1997-12-29,0.28205278515815735
1997-12-30,0.274892657995224
1997-12-31,0.2770002782344818
1998-01-01,0.22755120694637299
1998-01-02,0.24300122261047363
1998-01-03,0.2375706285238266
1998-01-04,0.2196987271308899
1998-01-05,0.22412563860416412
1998-01-06,0.2208358645439148
1998-01-07,0.22710369527339935
1998-01-08,0.20219887793064117
1998-01-09,0.186045840382576
1998-01-10,0.152140811085701
1998-01-11,0.1693481057882309
1998-01-12,0.15008704364299774
1998-01-13,0.1421532928943634
1998-01-14,0.1298137605190277
1998-01-15,0.12052121758460999
1998-01-16,0.11203715950250626
1998-01-17,0.0824960246682167
1998-01-18,0.0735895186662674
1998-01-19,0.07135067880153656
1998-01-20,0.07547951489686966
1998-01-21,0.08620889484882355
1998-01-22,0.0767376571893692
1998-01-23,0.06492975354194641
1998-01-24,0.02581772767007351
1998-01-25,0.038404423743486404
1998-01-26,0.04741343483328819
1998-01-27,0.0328558124601841
1998-01-28,0.0458584688603878
1998-01-29,0.04145614802837372
1998-01-30,0.05062822252511978
1998-01-31,0.05260695144534111
1998-02-01,0.08272253721952438
1998-02-02,0.10084016621112823
1998-02-03,0.11437978595495224
1998-02-04,0.13619939982891083
1998-02-05,0.1283847987651825
1998-02-06,0.12643708288669586
1998-02-07,0.16734196245670319
1998-02-08,0.19533252716064453
1998-02-09,0.19162164628505707
1998-02-10,0.20823083817958832
1998-02-11,0.22603729367256165
1998-02-12,0.24464944005012512
1998-02-13,0.24116003513336182
1998-02-14,0.22504214942455292
1998-02-15,0.21066303551197052
1998-02-16,0.2173224240541458
1998-02-17,0.22248946130275726
1998-02-18,0.21808138489723206
1998-02-19,0.21179915964603424
1998-02-20,0.19102905690670013
1998-02-21,0.14350369572639465
1998-02-22,0.14903412759304047
1998-02-23,0.1481863260269165
1998-02-24,0.16147784888744354
1998-02-25,0.1641097366809845
1998-02-26,0.14064383506774902
1998-02-27,0.14069320261478424
1998-02-28,0.13371394574642181
1998-03-01,0.09313368052244186
1998-03-02,0.08810660243034363
1998-03-03,0.09025495499372482
1998-03-04,0.10351532697677612
1998-03-05,0.12909142673015594
1998-03-06,0.12818002700805664
1998-03-07,0.1225515753030777
1998-03-08,0.12766970694065094
1998-03-09,0.12841537594795227
1998-03-10,0.14345209300518036
1998-03-11,0.15179871022701263
1998-03-12,0.14333002269268036
1998-03-13,0.14249421656131744
1998-03-14,0.1670091301202774
1998-03-15,0.1886821985244751
1998-03-16,0.17385080456733704
1998-03-17,0.16701139509677887
1998-03-18,0.1789436638355255
1998-03-19,0.18641263246536255
1998-03-20,0.1777813583612442
1998-03-21,0.19812020659446716
1998-03-22,0.17141519486904144
1998-03-23,0.17487746477127075
1998-03-24,0.17594383656978607
1998-03-25,0.16608470678329468
1998-03-26,0.16223959624767303
1998-03-27,0.16891984641551971
1998-03-28,0.18023152649402618
1998-03-29,0.22376836836338043
1998-03-30,0.22059005498886108
1998-03-31,0.21020527184009552
1998-04-01,0.2058582305908203
1998-04-02,0.21964538097381592
1998-04-03,0.20472534000873566
1998-04-04,0.20193466544151306
1998-04-05,0.1763218492269516
1998-04-06,0.17469044029712677
1998-04-07,0.18427720665931702
1998-04-08,0.20094531774520874
1998-04-09,0.20544984936714172
1998-04-10,0.1998201459646225
1998-04-11,0.19495956599712372
1998-04-12,0.2075575441122055
1998-04-13,0.20820029079914093
1998-04-14,0.20039255917072296
1998-04-15,0.205483540892601
1998-04-16,0.2193714827299118
1998-04-17,0.19705452024936676
1998-04-18,0.15784692764282227
1998-04-19,0.16837623715400696
1998-04-20,0.17432016134262085
1998-04-21,0.18148884177207947
1998-04-22,0.16765809059143066
1998-04-23,0.19089020788669586
1998-04-24,0.1872854083776474
1998-04-25,0.18257702887058258
1998-04-26,0.20873603224754333
1998-04-27,0.20362810790538788
1998-04-28,0.1811126172542572
1998-04-29,0.18677043914794922
1998-04-30,0.1855223923921585
1998-05-01,0.16797025501728058
1998-05-02,0.17718680202960968
1998-05-03,0.1690298616886139
1998-05-04,0.16671650111675262
1998-05-05,0.16205668449401855
1998-05-06,0.1720486730337143
1998-05-07,0.17556287348270416
1998-05-08,0.1715327501296997
1998-05-09,0.11210397630929947
1998-05-10,0.09450376033782959
1998-05-11,0.08095262199640274
1998-05-12,0.0505465492606163
1998-05-13,0.05189099907875061
1998-05-14,0.04571842774748802
1998-05-15,0.03518451005220413
1998-05-16,0.06611402332782745
1998-05-17,0.10398206859827042
1998-05-18,0.1158328503370285
1998-05-19,0.11938274651765823
1998-05-20,0.12109296023845673
1998-05-21,0.09695927053689957
1998-05-22,0.08527152985334396
1998-05-23,0.08105601370334625
1998-05-24,0.10427549481391907
1998-05-25,0.13682174682617188
1998-05-26,0.13655461370944977
1998-05-27,0.15312735736370087
1998-05-28,0.11790001392364502
1998-05-29,0.1242637187242508
1998-05-30,0.06692337989807129
1998-05-31,0.09153091907501221
1998-06-01,0.09626198559999466
1998-06-02,0.09427537769079208
1998-06-03,0.09929431229829788
1998-06-04,0.10319094359874725
1998-06-05,0.11038210988044739
1998-06-06,0.10841519385576248
1998-06-07,0.16285490989685059
1998-06-08,0.128451406955719
1998-06-09,0.13662612438201904
1998-06-10,0.12905457615852356
1998-06-11,0.10099166631698608
1998-06-12,0.10279085487127304
1998-06-13,0.03667096793651581
1998-06-14,0.02473079226911068
1998-06-15,-0.0003383926232345402
1998-06-16,-0.045573532581329346
1998-06-17,-0.03530363738536835
1998-06-18,-0.046023640781641006
1998-06-19,-0.06655598431825638
1998-06-20,-0.10278806835412979
1998-06-21,-0.060870442539453506
1998-06-22,-0.05351472645998001
1998-06-23,-0.04831182211637497
1998-06-24,-0.040179189294576645
1998-06-25,-0.04666462913155556
1998-06-26,-0.035516854375600815
1998-06-27,-0.09095364063978195
1998-06-28,-0.09537865221500397
1998-06-29,-0.08118496090173721
1998-06-30,-0.07072827219963074
1998-07-01,-0.06593727320432663
1998-07-02,-0.06400905549526215
1998-07-03,-0.07671235501766205
1998-07-04,-0.08395940810441971
1998-07-05,-0.10006465762853622
1998-07-06,-0.05941751226782799
1998-07-07,-0.028635365888476372
1998-07-08,-0.017453158274292946
1998-07-09,-0.02266049198806286
1998-07-10,-0.01605496183037758
1998-07-11,-0.05898074060678482
1998-07-12,-0.013051647692918777
1998-07-13,-0.0013505341485142708
1998-07-14,-0.00318346219137311
1998-07-15,0.018309805542230606
1998-07-16,0.006515190005302429
1998-07-17,0.015999650582671165
1998-07-18,0.01969614252448082
1998-07-19,0.02094806171953678
1998-07-20,0.023270439356565475
1998-07-21,0.020920300856232643
1998-07-22,0.02629944309592247
1998-07-23,0.014256631024181843
1998-07-24,-0.005619043484330177
1998-07-25,0.0005633012624457479
1998-07-26,0.03801475837826729
1998-07-27,0.019201060757040977
1998-07-28,0.04241408780217171
1998-07-29,0.05179475620388985
1998-07-30,0.05166841298341751
1998-07-31,0.05207440257072449
1998-08-01,0.05713045224547386
1998-08-02,0.031192228198051453
1998-08-03,0.024389050900936127
1998-08-04,0.031039170920848846
1998-08-05,0.044913746416568756
1998-08-06,0.05568129941821098
1998-08-07,0.06642967462539673
1998-08-08,0.03683227673172951
1998-08-09,0.11972129344940186
1998-08-10,0.11957129091024399
1998-08-11,0.10825853794813156
1998-08-12,0.09396421909332275
1998-08-13,0.07095744460821152
1998-08-14,0.047450993210077286
1998-08-15,0.06721435487270355
1998-08-16,0.004400939680635929
1998-08-17,0.007932715117931366
1998-08-18,0.02095392532646656
1998-08-19,0.0160988736897707
1998-08-20,0.008639582432806492
1998-08-21,-0.006235470063984394
1998-08-22,0.0022237321827560663
1998-08-23,-0.01593502052128315
1998-08-24,-0.02215302549302578
1998-08-25,0.006345413159579039
1998-08-26,0.004345177207142115
1998-08-27,0.0013523102970793843
1998-08-28,-0.04661284759640694
1998-08-29,-0.10647981613874435
1998-08-30,-0.09841928631067276
1998-08-31,-0.10918185114860535
1998-09-01,-0.11642992496490479
1998-09-02,-0.10394628345966339
1998-09-03,-0.11556224524974823
1998-09-04,-0.1116851270198822
1998-09-05,-0.12252674996852875
1998-09-06,-0.13876807689666748
1998-09-07,-0.141876220703125
1998-09-08,-0.13429884612560272
1998-09-09,-0.10494349151849747
1998-09-10,-0.12391996383666992
1998-09-11,-0.1435985416173935
1998-09-12,-0.21122516691684723
1998-09-13,-0.18295490741729736
1998-09-14,-0.18653666973114014
1998-09-15,-0.19234544038772583
1998-09-16,-0.16738824546337128
1998-09-17,-0.16637606918811798
1998-09-18,-0.18148478865623474
1998-09-19,-0.18668359518051147
1998-09-20,-0.21302755177021027
1998-09-21,-0.18381178379058838
1998-09-22,-0.17287608981132507
1998-09-23,-0.16330696642398834
1998-09-24,-0.1542559713125229
1998-09-25,-0.15284043550491333
1998-09-26,-0.11220954358577728
1998-09-27,-0.07280109822750092
1998-09-28,-0.06649143993854523
1998-09-29,-0.06545913219451904
1998-09-30,-0.07021021097898483
1998-10-01,-0.08496852219104767
1998-10-02,-0.11917508393526077
1998-10-03,-0.1727439910173416
1998-10-04,-0.1927197277545929
1998-10-05,-0.17988161742687225
1998-10-06,-0.1774960458278656
1998-10-07,-0.18011559545993805
1998-10-08,-0.16907362639904022
1998-10-09,-0.1669873148202896
1998-10-10,-0.17328651249408722
1998-10-11,-0.17185188829898834
1998-10-12,-0.16582222282886505
1998-10-13,-0.16724365949630737
1998-10-14,-0.1649615317583084
1998-10-15,-0.15981531143188477
1998-10-16,-0.1528610736131668
1998-10-17,-0.12417677044868469
1998-10-18,-0.09527814388275146
1998-10-19,-0.10145454853773117
1998-10-20,-0.09851763397455215
1998-10-21,-0.08616212010383606
1998-10-22,-0.08174169063568115
1998-10-23,-0.08439461886882782
1998-10-24,-0.12259058654308319
1998-10-25,-0.11027056723833084
1998-10-26,-0.09453080594539642
1998-10-27,-0.07693219929933548
1998-10-28,-0.06696312129497528
1998-10-29,-0.06097976490855217
1998-10-30,-0.06130627915263176
1998-10-31,-0.03367512673139572
1998-11-01,-0.008442046120762825
1998-11-02,-0.009993314743041992
1998-11-03,0.015292517840862274
1998-11-04,0.017924224957823753
1998-11-05,0.032425180077552795
1998-11-06,0.020183837041258812
1998-11-07,0.011308578774333
1998-11-08,0.008811132982373238
1998-11-09,0.012451941147446632
1998-11-10,0.038780003786087036
1998-11-11,0.04598693922162056
1998-11-12,0.0620744451880455
1998-11-13,0.06357801705598831
1998-11-14,0.07403350621461868
1998-11-15,0.06298616528511047
1998-11-16,0.04241692274808884
1998-11-17,0.04006526619195938
1998-11-18,0.03940223529934883
1998-11-19,0.03060029074549675
1998-11-20,0.014766528271138668
1998-11-21,-0.011764480732381344
1998-11-22,-0.011497975327074528
1998-11-23,0.002120046643540263
1998-11-24,0.020894503220915794
1998-11-25,0.026819732040166855
1998-11-26,0.018776411190629005
1998-11-27,0.024478787556290627
1998-11-28,0.017693793401122093
1998-11-29,0.010295189917087555
1998-11-30,0.004304446745663881
1998-12-01,0.005303180776536465
1998-12-02,0.005295190494507551
1998-12-03,0.008718478493392467
1998-12-04,0.005979006178677082
1998-12-05,0.015797685831785202
1998-12-06,0.030804092064499855
1998-12-07,0.032395992428064346
1998-12-08,0.041003577411174774
1998-12-09,0.047686681151390076
1998-12-10,0.06029364466667175
1998-12-11,0.06804938614368439
1998-12-12,0.1184406504034996
1998-12-13,0.12190259993076324
1998-12-14,0.12539519369602203
1998-12-15,0.12802839279174805
1998-12-16,0.11838975548744202
1998-12-17,0.09951316565275192
1998-12-18,0.08845323324203491
1998-12-19,0.05160985887050629
1998-12-20,0.03876100853085518
1998-12-21,0.03516707569360733
1998-12-22,-0.01126558892428875
1998-12-23,-0.021422943100333214
1998-12-24,-0.0042430744506418705
1998-12-25,0.007220441475510597
1998-12-26,-0.00971577875316143
1998-12-27,0.009664220735430717
1998-12-28,0.023639243096113205
1998-12-29,0.0201458428055048
1998-12-30,0.045527443289756775
1998-12-31,0.054326221346855164
1999-01-01,0.05521099269390106
1999-01-02,0.16379962861537933
1999-01-03,0.19727975130081177
1999-01-04,0.18472109735012054
1999-01-05,0.1811680644750595
1999-01-06,0.1737879067659378
1999-01-07,0.20219334959983826
1999-01-08,0.18230295181274414
1999-01-09,0.18483102321624756
1999-01-10,0.19089965522289276
1999-01-11,0.1791948527097702
1999-01-12,0.18488416075706482
1999-01-13,0.18379731476306915
1999-01-14,0.16235443949699402
1999-01-15,0.14758767187595367
1999-01-16,0.14915718138217926
1999-01-17,0.15367227792739868
1999-01-18,0.1450742930173874
1999-01-19,0.12988801300525665
1999-01-20,0.14032435417175293
1999-01-21,0.13935716450214386
1999-01-22,0.12696631252765656
1999-01-23,0.1602729856967926
1999-01-24,0.16230028867721558
1999-01-25,0.16433779895305634
1999-01-26,0.18031470477581024
1999-01-27,0.1695176661014557
1999-01-28,0.18194128572940826
1999-01-29,0.1852884292602539
1999-01-30,0.18808028101921082
1999-01-31,0.2299131602048874
1999-02-01,0.22066205739974976
1999-02-02,0.2368650585412979
1999-02-03,0.22436419129371643
1999-02-04,0.22691354155540466
1999-02-05,0.2541576623916626
1999-02-06,0.2501750886440277
1999-02-07,0.2297154664993286
1999-02-08,0.217103973031044
1999-02-09,0.2048746645450592
1999-02-10,0.21802997589111328
1999-02-11,0.22572803497314453
1999-02-12,0.23659655451774597
1999-02-13,0.23358796536922455
1999-02-14,0.23181858658790588
1999-02-15,0.23860765993595123
1999-02-16,0.24327535927295685
1999-02-17,0.2356436550617218
1999-02-18,0.24239635467529297
1999-02-19,0.23157642781734467
1999-02-20,0.19557428359985352
1999-02-21,0.2261720597743988
1999-02-22,0.2280573546886444
1999-02-23,0.21448330581188202
1999-02-24,0.2177305370569229
1999-02-25,0.22097750008106232
1999-02-26,0.21899710595607758
1999-02-27,0.23643344640731812
1999-02-28,0.2208355814218521
1999-03-01,0.21632081270217896
1999-03-02,0.21783223748207092
1999-03-03,0.1938411146402359
1999-03-04,0.1776486486196518
1999-03-05,0.17493492364883423
1999-03-06,0.16516564786434174
1999-03-07,0.1512070745229721
1999-03-08,0.15037108957767487
1999-03-09,0.1430279165506363
1999-03-10,0.15921181440353394
1999-03-11,0.16168652474880219
1999-03-12,0.15329566597938538
1999-03-13,0.13747043907642365
1999-03-14,0.12254759669303894
1999-03-15,0.13521230220794678
1999-03-16,0.11993863433599472
1999-03-17,0.1273333579301834
1999-03-18,0.1358981877565384
1999-03-19,0.13445837795734406
1999-03-20,0.15632756054401398
1999-03-21,0.16662484407424927
1999-03-22,0.16148878633975983
1999-03-23,0.15113012492656708
1999-03-24,0.1443611979484558
1999-03-25,0.150941863656044
1999-03-26,0.1387293040752411
1999-03-27,0.12932538986206055
1999-03-28,0.1486787647008896
1999-03-29,0.1694447547197342
1999-03-30,0.1862017661333084
1999-03-31,0.19429494440555573
1999-04-01,0.20600394904613495
1999-04-02,0.2023542821407318
1999-04-03,0.20614974200725555
1999-04-04,0.2216079980134964
1999-04-05,0.22800463438034058
1999-04-06,0.2205059975385666
1999-04-07,0.20885492861270905
1999-04-08,0.20513896644115448
1999-04-09,0.20381850004196167
1999-04-10,0.17857535183429718
1999-04-11,0.15749196708202362
1999-04-12,0.15310923755168915
1999-04-13,0.1336527317762375
1999-04-14,0.12393824756145477
1999-04-15,0.12724202871322632
1999-04-16,0.11261522024869919
1999-04-17,0.1137479618191719
1999-04-18,0.12928947806358337
1999-04-19,0.13181164860725403
1999-04-20,0.10854052007198334
1999-04-21,0.08558642864227295
1999-04-22,0.08627718687057495
1999-04-23,0.07637621462345123
1999-04-24,0.06571762263774872
1999-04-25,0.12413428723812103
1999-04-26,0.11904674768447876
1999-04-27,0.1219421997666359
1999-04-28,0.1415272206068039
1999-04-29,0.14463384449481964
1999-04-30,0.14433343708515167
1999-05-01,0.1459328532218933
1999-05-02,0.12973815202713013
1999-05-03,0.14974650740623474
1999-05-04,0.16917310655117035
1999-05-05,0.18755017220973969
1999-05-06,0.18815359473228455
1999-05-07,0.1808682382106781
1999-05-08,0.2014363557100296
1999-05-09,0.17742691934108734
1999-05-10,0.19055259227752686
1999-05-11,0.18306931853294373
1999-05-12,0.18460991978645325
1999-05-13,0.177496537566185
1999-05-14,0.17518526315689087
1999-05-15,0.14384858310222626
1999-05-16,0.17953521013259888
1999-05-17,0.1864263266324997
1999-05-18,0.17664465308189392
1999-05-19,0.1687929928302765
1999-05-20,0.15150035917758942
1999-05-21,0.1376749873161316
1999-05-22,0.1565280556678772
1999-05-23,0.15273739397525787
1999-05-24,0.15725493431091309
1999-05-25,0.15991634130477905
1999-05-26,0.1487104743719101
1999-05-27,0.1416373997926712
1999-05-28,0.13548235595226288
1999-05-29,0.1703801155090332
1999-05-30,0.18023958802223206
1999-05-31,0.21082618832588196
1999-06-01,0.1908130794763565
1999-06-02,0.20020851492881775
1999-06-03,0.15627633035182953
1999-06-04,0.1707819253206253
1999-06-05,0.14519309997558594
1999-06-06,0.15363045036792755
1999-06-07,0.16144977509975433
1999-06-08,0.16613897681236267
1999-06-09,0.17989090085029602
1999-06-10,0.15679559111595154
1999-06-11,0.14547686278820038
1999-06-12,0.1344044804573059
1999-06-13,0.09411810338497162
1999-06-14,0.10596971213817596
1999-06-15,0.128280907869339
1999-06-16,0.13890430331230164
1999-06-17,0.1553264856338501
1999-06-18,0.15524578094482422
1999-06-19,0.1544310599565506
1999-06-20,0.1636253446340561
1999-06-21,0.18366406857967377
1999-06-22,0.16711416840553284
1999-06-23,0.16101841628551483
1999-06-24,0.1618177592754364
1999-06-25,0.15606123208999634
1999-06-26,0.1674812138080597
1999-06-27,0.1623736470937729
1999-06-28,0.17742708325386047
1999-06-29,0.1900773048400879
1999-06-30,0.196136474609375
1999-07-01,0.2095937430858612
1999-07-02,0.22367854416370392
1999-07-03,0.2394729107618332
1999-07-04,0.2172866314649582
1999-07-05,0.23074668645858765
1999-07-06,0.23956646025180817
1999-07-07,0.22574402391910553
1999-07-08,0.22360627353191376
1999-07-09,0.2280421406030655
1999-07-10,0.22734782099723816
1999-07-11,0.23409053683280945
1999-07-12,0.2299986481666565
1999-07-13,0.21512949466705322
1999-07-14,0.20621605217456818
1999-07-15,0.20216797292232513
1999-07-16,0.19885097444057465
1999-07-17,0.18403568863868713
1999-07-18,0.23618799448013306
1999-07-19,0.23106694221496582
1999-07-20,0.23534882068634033
1999-07-21,0.2283756285905838
1999-07-22,0.20284023880958557
1999-07-23,0.19004054367542267
1999-07-24,0.15969428420066833
1999-07-25,0.15438352525234222
1999-07-26,0.1524515002965927
1999-07-27,0.15291951596736908
1999-07-28,0.14929594099521637
1999-07-29,0.12640240788459778
1999-07-30,0.11122456192970276
1999-07-31,0.12587551772594452
1999-08-01,0.13462819159030914
1999-08-02,0.13196972012519836
1999-08-03,0.14063075184822083
1999-08-04,0.15483923256397247
1999-08-05,0.15920837223529816
1999-08-06,0.14522387087345123
1999-08-07,0.12704993784427643
1999-08-08,0.06299719959497452
1999-08-09,0.07250133901834488
1999-08-10,0.08672281354665756
1999-08-11,0.09787333011627197
1999-08-12,0.10965445637702942
1999-08-13,0.13060078024864197
1999-08-14,0.13597500324249268
1999-08-15,0.12760017812252045
1999-08-16,0.13626988232135773
1999-08-17,0.14514456689357758
1999-08-18,0.15041516721248627
1999-08-19,0.14962457120418549
1999-08-20,0.13344986736774445
1999-08-21,0.14680607616901398
1999-08-22,0.15538446605205536
1999-08-23,0.17161902785301208
1999-08-24,0.1587880551815033
1999-08-25,0.1731054037809372
1999-08-26,0.1629420816898346
1999-08-27,0.1389339566230774
1999-08-28,0.1396292746067047
1999-08-29,0.15557976067066193
1999-08-30,0.1682255119085312
1999-08-31,0.1769438236951828
1999-09-01,0.18684877455234528
1999-09-02,0.1975310891866684
1999-09-03,0.18806204199790955
1999-09-04,0.19306999444961548
1999-09-05,0.1730080544948578
1999-09-06,0.17732562124729156
1999-09-07,0.16861891746520996
1999-09-08,0.1594102680683136
1999-09-09,0.18274490535259247
1999-09-10,0.16391237080097198
1999-09-11,0.1752391755580902
1999-09-12,0.13853402435779572
1999-09-13,0.13818837702274323
1999-09-14,0.12988200783729553
1999-09-15,0.12568433582782745
1999-09-16,0.11975681781768799
1999-09-17,0.12932108342647552
1999-09-18,0.1534336805343628
1999-09-19,0.15143905580043793
1999-09-20,0.15168723464012146
1999-09-21,0.1468200832605362
1999-09-22,0.13357838988304138
1999-09-23,0.1155674085021019
1999-09-24,0.11678777635097504
1999-09-25,0.11968626081943512
1999-09-26,0.10695578902959824
1999-09-27,0.10444506257772446
1999-09-28,0.10317883640527725
1999-09-29,0.09046707302331924
1999-09-30,0.10051830112934113
1999-10-01,0.08928535878658295
1999-10-02,0.07058063894510269
1999-10-03,0.08538775891065598
1999-10-04,0.08550641685724258
1999-10-05,0.08227528631687164
1999-10-06,0.09133339673280716
1999-10-07,0.07842941582202911
1999-10-08,0.09106415510177612
1999-10-09,0.041936106979846954
1999-10-10,0.06943773478269577
1999-10-11,0.087669238448143
1999-10-12,0.08746673166751862
1999-10-13,0.07861766964197159
1999-10-14,0.09219205379486084
1999-10-15,0.08171165734529495
1999-10-16,0.05353498086333275
1999-10-17,0.06372876465320587
1999-10-18,0.07693523913621902
1999-10-19,0.09159861505031586
1999-10-20,0.08941514790058136
1999-10-21,0.0781412348151207
1999-10-22,0.06718218326568604
1999-10-23,0.08644843846559525
1999-10-24,0.08952721208333969
1999-10-25,0.10497751086950302
1999-10-26,0.10001805424690247
1999-10-27,0.09835366904735565
1999-10-28,0.11782439053058624
1999-10-29,0.14073894917964935
1999-10-30,0.14010392129421234
1999-10-31,0.141290545463562
1999-11-01,0.1500639021396637
1999-11-02,0.1738673448562622
1999-11-03,0.1838613897562027
1999-11-04,0.19454918801784515
1999-11-05,0.20425854623317719
1999-11-06,0.20491033792495728
1999-11-07,0.17636510729789734
1999-11-08,0.1742812991142273
1999-11-09,0.1685970276594162
1999-11-10,0.16161689162254333
1999-11-11,0.16312731802463531
1999-11-12,0.1819361299276352
1999-11-13,0.19219818711280823
1999-11-14,0.20353102684020996
1999-11-15,0.2195817232131958
1999-11-16,0.23482182621955872
1999-11-17,0.2377723604440689
1999-11-18,0.23196595907211304
1999-11-19,0.20391444861888885
1999-11-20,0.2178044617176056
1999-11-21,0.23543864488601685
1999-11-22,0.21388576924800873
1999-11-23,0.2032705396413803
1999-11-24,0.21223881840705872
1999-11-25,0.22375045716762543
1999-11-26,0.2232285887002945
1999-11-27,0.2531014382839203
1999-11-28,0.23498164117336273
1999-11-29,0.23580579459667206
1999-11-30,0.23479816317558289
1999-12-01,0.23373815417289734
1999-12-02,0.21153748035430908
1999-12-03,0.20649513602256775
1999-12-04,0.1924036294221878
1999-12-05,0.19610941410064697
1999-12-06,0.1880589723587036
1999-12-07,0.2093067467212677
1999-12-08,0.2290903627872467
1999-12-09,0.23576165735721588
1999-12-10,0.2238479107618332
1999-12-11,0.20894135534763336
1999-12-12,0.21758967638015747
1999-12-13,0.221110999584198
1999-12-14,0.21369506418704987
1999-12-15,0.20857438445091248
1999-12-16,0.2107970118522644
1999-12-17,0.20824629068374634
1999-12-18,0.1879790723323822
1999-12-19,0.1840112954378128
1999-12-20,0.19450774788856506
1999-12-21,0.1994708776473999
1999-12-22,0.21002961695194244
1999-12-23,0.24402867257595062
1999-12-24,0.236553356051445
1999-12-25,0.21265119314193726
1999-12-26,0.2213955670595169
1999-12-27,0.22122016549110413
1999-12-28,0.24214117228984833
1999-12-29,0.2624819874763489
1999-12-30,0.28596121072769165
1999-12-31,0.29382941126823425
2000-01-01,0.27418941259384155
2000-01-02,0.28451743721961975
2000-01-03,0.30195352435112
2000-01-04,0.2718087434768677
2000-01-05,0.2869742512702942
2000-01-06,0.299552857875824
2000-01-07,0.2976515591144562
2000-01-08,0.29041439294815063
2000-01-09,0.2762172520160675
2000-01-10,0.2761918604373932
2000-01-11,0.2753813564777374
2000-01-12,0.2836185097694397
2000-01-13,0.2898765504360199
2000-01-14,0.29687291383743286
2000-01-15,0.330692857503891
2000-01-16,0.3181208372116089
2000-01-17,0.31770244240760803
2000-01-18,0.3219214677810669
2000-01-19,0.31746116280555725
2000-01-20,0.32427871227264404
2000-01-21,0.31152909994125366
2000-01-22,0.3116607666015625
2000-01-23,0.3159644603729248
2000-01-24,0.30291926860809326
2000-01-25,0.2970898449420929
2000-01-26,0.30776017904281616
2000-01-27,0.3063138723373413
2000-01-28,0.31463050842285156
2000-01-29,0.2999981641769409
2000-01-30,0.2784290909767151
2000-01-31,0.2708178758621216
2000-02-01,0.2801941931247711
2000-02-02,0.28465384244918823
2000-02-03,0.2803468704223633
2000-02-04,0.27050599455833435
2000-02-05,0.26370298862457275
2000-02-06,0.271196573972702
2000-02-07,0.27735182642936707
2000-02-08,0.27785414457321167
2000-02-09,0.2921263873577118
2000-02-10,0.27147236466407776
2000-02-11,0.2610573470592499
2000-02-12,0.2474283128976822
2000-02-13,0.25288909673690796
2000-02-14,0.2417983114719391
2000-02-15,0.24815991520881653
2000-02-16,0.2669766843318939
2000-02-17,0.26249924302101135
2000-02-18,0.2583945095539093
2000-02-19,0.2300269603729248
2000-02-20,0.22693681716918945
2000-02-21,0.23092514276504517
2000-02-22,0.21612456440925598
2000-02-23,0.22001037001609802
2000-02-24,0.22176501154899597
2000-02-25,0.20810522139072418
2000-02-26,0.2284134179353714
2000-02-27,0.20964574813842773
2000-02-28,0.2068592756986618
2000-02-29,0.19722586870193481
2000-03-01,0.19406530261039734
2000-03-02,0.21342697739601135
2000-03-03,0.2170955240726471
2000-03-04,0.21635562181472778
2000-03-05,0.23475326597690582
2000-03-06,0.23154836893081665
2000-03-07,0.21912524104118347
2000-03-08,0.24340052902698517
2000-03-09,0.24282561242580414
2000-03-10,0.2333444505929947
2000-03-11,0.2245214879512787
2000-03-12,0.23234272003173828
2000-03-13,0.22560535371303558
2000-03-14,0.20997777581214905
2000-03-15,0.2118850201368332
2000-03-16,0.2053416669368744
2000-03-17,0.19472749531269073
2000-03-18,0.2248513549566269
2000-03-19,0.23492857813835144
2000-03-20,0.252899706363678
2000-03-21,0.24640636146068573
2000-03-22,0.24018239974975586
2000-03-23,0.2201407104730606
2000-03-24,0.20682190358638763
2000-03-25,0.2040952444076538
2000-03-26,0.22466759383678436
2000-03-27,0.21993011236190796
2000-03-28,0.23237425088882446
2000-03-29,0.23730388283729553
2000-03-30,0.24765028059482574
2000-03-31,0.23901402950286865
2000-04-01,0.22734549641609192
2000-04-02,0.22709286212921143
2000-04-03,0.22936977446079254
2000-04-04,0.2384355068206787
2000-04-05,0.23747971653938293
2000-04-06,0.2162221521139145
2000-04-07,0.21662594377994537
2000-04-08,0.2346155196428299
2000-04-09,0.23368209600448608
2000-04-10,0.23311302065849304
2000-04-11,0.25780245661735535
2000-04-12,0.24843928217887878
2000-04-13,0.23519212007522583
2000-04-14,0.2232854813337326
2000-04-15,0.20557473599910736
2000-04-16,0.20315603911876678
2000-04-17,0.20660291612148285
2000-04-18,0.20081929862499237
2000-04-19,0.19968920946121216
2000-04-20,0.17054501175880432
2000-04-21,0.17421965301036835
2000-04-22,0.1390831172466278
2000-04-23,0.13105370104312897
2000-04-24,0.12578579783439636
2000-04-25,0.054152198135852814
2000-04-26,0.054756395518779755
2000-04-27,0.07788724452257156
2000-04-28,0.08069697767496109
2000-04-29,0.12760129570960999
2000-04-30,0.13381335139274597
2000-05-01,0.14354266226291656
2000-05-02,0.14255069196224213
2000-05-03,0.13595305383205414
2000-05-04,0.14517782628536224
2000-05-05,0.14717021584510803
2000-05-06,0.14804810285568237
2000-05-07,0.17130325734615326
2000-05-08,0.176895409822464
2000-05-09,0.1725451797246933
2000-05-10,0.18058393895626068
2000-05-11,0.18184171617031097
2000-05-12,0.18289364874362946
2000-05-13,0.20874150097370148
2000-05-14,0.21820829808712006
2000-05-15,0.23002934455871582
2000-05-16,0.23363366723060608
2000-05-17,0.24482038617134094
2000-05-18,0.24622474610805511
2000-05-19,0.2479655146598816
2000-05-20,0.2445870339870453
2000-05-21,0.24510158598423004
2000-05-22,0.2514277994632721
2000-05-23,0.24393685162067413
2000-05-24,0.24135778844356537
2000-05-25,0.24221283197402954
2000-05-26,0.23828871548175812
2000-05-27,0.2214406430721283
2000-05-28,0.22963778674602509
2000-05-29,0.22838057577610016
2000-05-30,0.22449730336666107
2000-05-31,0.21670909225940704
2000-06-01,0.2131083756685257
2000-06-02,0.21801812946796417
2000-06-03,0.21118083596229553
2000-06-04,0.22885315120220184
2000-06-05,0.23250244557857513
2000-06-06,0.22452454268932343
2000-06-07,0.23725776374340057
2000-06-08,0.23604054749011993
2000-06-09,0.2285841852426529
2000-06-10,0.23642155528068542
2000-06-11,0.23816102743148804
2000-06-12,0.24322864413261414
2000-06-13,0.250375896692276
2000-06-14,0.24784301221370697
2000-06-15,0.2605694830417633
2000-06-16,0.2539203464984894
2000-06-17,0.24819287657737732
2000-06-18,0.26143988966941833
2000-06-19,0.2656950354576111
2000-06-20,0.257026344537735
2000-06-21,0.24139061570167542
2000-06-22,0.21031248569488525
2000-06-23,0.20234671235084534
2000-06-24,0.20159173011779785
2000-06-25,0.21244606375694275
2000-06-26,0.21799392998218536
2000-06-27,0.21283923089504242
2000-06-28,0.21525780856609344
2000-06-29,0.2109457552433014
2000-06-30,0.2075396031141281
2000-07-01,0.1893773227930069
2000-07-02,0.20574848353862762
2000-07-03,0.227690652012825
2000-07-04,0.20401982963085175
2000-07-05,0.21742382645606995
2000-07-06,0.2053687572479248
2000-07-07,0.20031246542930603
2000-07-08,0.20459145307540894
2000-07-09,0.21035552024841309
2000-07-10,0.22358758747577667
2000-07-11,0.22963672876358032
2000-07-12,0.2337481826543808
2000-07-13,0.24953392148017883
2000-07-14,0.24321039021015167
2000-07-15,0.2504873275756836
2000-07-16,0.250581830739975
2000-07-17,0.2631693482398987
2000-07-18,0.27858391404151917
2000-07-19,0.2717064321041107
2000-07-20,0.2562137544155121
2000-07-21,0.2508918046951294
2000-07-22,0.23919083178043365
2000-07-23,0.2554285228252411
2000-07-24,0.24730990827083588
2000-07-25,0.24829985201358795
2000-07-26,0.2545512020587921
2000-07-27,0.23488837480545044
2000-07-28,0.2383211851119995
2000-07-29,0.23811841011047363
2000-07-30,0.24220161139965057
2000-07-31,0.24731487035751343
2000-08-01,0.2620115578174591
2000-08-02,0.2735827565193176
2000-08-03,0.2777259647846222
2000-08-04,0.2690315246582031
2000-08-05,0.3097996115684509
2000-08-06,0.3007659912109375
2000-08-07,0.2933006286621094
2000-08-08,0.2938251793384552
2000-08-09,0.2927806079387665
2000-08-10,0.3005404472351074
2000-08-11,0.29934248328208923
2000-08-12,0.29897618293762207
2000-08-13,0.32996493577957153
2000-08-14,0.3317381739616394
2000-08-15,0.33372431993484497
2000-08-16,0.3341103792190552
2000-08-17,0.328304648399353
2000-08-18,0.32631081342697144
2000-08-19,0.2965179979801178
2000-08-20,0.3081371784210205
2000-08-21,0.3003014028072357
2000-08-22,0.3050394058227539
2000-08-23,0.3106746971607208
2000-08-24,0.30794385075569153
2000-08-25,0.28458264470100403
2000-08-26,0.2762455344200134
2000-08-27,0.28711822628974915
2000-08-28,0.2780524492263794
2000-08-29,0.2892043888568878
2000-08-30,0.27560552954673767
2000-08-31,0.2649714946746826
2000-09-01,0.25844165682792664
2000-09-02,0.2476150542497635
2000-09-03,0.25672000646591187
2000-09-04,0.292853444814682
2000-09-05,0.291292279958725
2000-09-06,0.2903655767440796
2000-09-07,0.2938520312309265
2000-09-08,0.2592642605304718
2000-09-09,0.21462282538414001
2000-09-10,0.22571799159049988
2000-09-11,0.2438318282365799
2000-09-12,0.2576158344745636
2000-09-13,0.2704397439956665
2000-09-14,0.24321238696575165
2000-09-15,0.2385244518518448
2000-09-16,0.25712499022483826
2000-09-17,0.2521675229072571
2000-09-18,0.2382178157567978
2000-09-19,0.21443645656108856
2000-09-20,0.21224111318588257
2000-09-21,0.19175703823566437
2000-09-22,0.19154903292655945
2000-09-23,0.181407168507576
2000-09-24,0.1877354085445404
2000-09-25,0.20670698583126068
2000-09-26,0.18873511254787445
2000-09-27,0.19046030938625336
2000-09-28,0.19831526279449463
2000-09-29,0.1929980218410492
2000-09-30,0.18264234066009521
2000-10-01,0.17871904373168945
2000-10-02,0.19423678517341614
2000-10-03,0.1795615702867508
2000-10-04,0.18103332817554474
2000-10-05,0.1755881905555725
2000-10-06,0.15095798671245575
2000-10-07,0.10342327505350113
2000-10-08,0.11492028832435608
2000-10-09,0.1246921569108963
2000-10-10,0.1446581333875656
2000-10-11,0.16543199121952057
2000-10-12,0.16556380689144135
2000-10-13,0.1551370471715927
2000-10-14,0.1290740966796875
2000-10-15,0.1463756561279297
2000-10-16,0.14514420926570892
2000-10-17,0.15095151960849762
2000-10-18,0.14998742938041687
2000-10-19,0.16216875612735748
2000-10-20,0.170518696308136
2000-10-21,0.18904434144496918
2000-10-22,0.19183151423931122
2000-10-23,0.2065146565437317
2000-10-24,0.22529572248458862
2000-10-25,0.2296713888645172
2000-10-26,0.22487448155879974
2000-10-27,0.21990369260311127
2000-10-28,0.23651324212551117
2000-10-29,0.22809326648712158
2000-10-30,0.2307438850402832
2000-10-31,0.22558321058750153
2000-11-01,0.23910805583000183
2000-11-02,0.23530517518520355
2000-11-03,0.25525790452957153
2000-11-04,0.2921942174434662
2000-11-05,0.2795584797859192
2000-11-06,0.2799273133277893
2000-11-07,0.26461726427078247
2000-11-08,0.27114543318748474
2000-11-09,0.27224376797676086
2000-11-10,0.23438382148742676
2000-11-11,0.2368864268064499
2000-11-12,0.2036542147397995
2000-11-13,0.19789735972881317
2000-11-14,0.17514824867248535
2000-11-15,0.17287124693393707
2000-11-16,0.1829763501882553
2000-11-17,0.1766839623451233
2000-11-18,0.11047229170799255
2000-11-19,0.1426013559103012
2000-11-20,0.15736894309520721
2000-11-21,0.1501809060573578
2000-11-22,0.13620121777057648
2000-11-23,0.12471932172775269
2000-11-24,0.1529901921749115
2000-11-25,0.15910162031650543
2000-11-26,0.17628119885921478
2000-11-27,0.17687924206256866
2000-11-28,0.16755889356136322
2000-11-29,0.17644347250461578
2000-11-30,0.1651153415441513
2000-12-01,0.1580125242471695
2000-12-02,0.13159219920635223
2000-12-03,0.14583401381969452
2000-12-04,0.1547606885433197
2000-12-05,0.15767839550971985
2000-12-06,0.15653856098651886
2000-12-07,0.1512249857187271
2000-12-08,0.1348094642162323
2000-12-09,0.10651017725467682
2000-12-10,0.14179900288581848
2000-12-11,0.11697134375572205
2000-12-12,0.13137587904930115
2000-12-13,0.16385480761528015
2000-12-14,0.1608283817768097
2000-12-15,0.15635056793689728
2000-12-16,0.17456741631031036
2000-12-17,0.15689776837825775
2000-12-18,0.1670941710472107
2000-12-19,0.1605537235736847
2000-12-20,0.1382860392332077
2000-12-21,0.15384313464164734
2000-12-22,0.1423189342021942
2000-12-23,0.1059601753950119
2000-12-24,0.11549155414104462
2000-12-25,0.15329572558403015
2000-12-26,0.1572778970003128
2000-12-27,0.17428027093410492
2000-12-28,0.17066213488578796
2000-12-29,0.1639023721218109
2000-12-30,0.14068149030208588
2000-12-31,0.14751407504081726
2001-01-01,0.14800846576690674
2001-01-02,0.14989835023880005
2001-01-03,0.1295432597398758
2001-01-04,0.13560156524181366
2001-01-05,0.11996515840291977
2001-01-06,0.08465985208749771
2001-01-07,0.08460494875907898
2001-01-08,0.09189993888139725
2001-01-09,0.11034757643938065
2001-01-10,0.10924399644136429
2001-01-11,0.12105315923690796
2001-01-12,0.111495740711689
2001-01-13,0.10057520121335983
2001-01-14,0.09331711381673813
2001-01-15,0.1073843464255333
2001-01-16,0.09701071679592133
2001-01-17,0.0876425951719284
2001-01-18,0.09274555742740631
2001-01-19,0.09967438876628876
2001-01-20,0.08278310298919678
2001-01-21,0.09023072570562363
2001-01-22,0.08533105999231339
2001-01-23,0.08781291544437408
2001-01-24,0.08457057923078537
2001-01-25,0.09791862964630127
2001-01-26,0.09469759464263916
2001-01-27,0.11777067184448242
2001-01-28,0.10875220596790314
2001-01-29,0.1101258173584938
2001-01-30,0.10354399681091309
2001-01-31,0.11053736507892609
2001-02-01,0.10498087853193283
2001-02-02,0.10928761959075928
2001-02-03,0.07934500277042389
2001-02-04,0.07811319082975388
2001-02-05,0.08385278284549713
2001-02-06,0.10069592297077179
2001-02-07,0.10871980339288712
2001-02-08,0.11383432149887085
2001-02-09,0.11000306159257889
2001-02-10,0.12323615700006485
2001-02-11,0.13525055348873138
2001-02-12,0.11223015189170837
2001-02-13,0.1269398033618927
2001-02-14,0.12381106615066528
2001-02-15,0.12083137780427933
2001-02-16,0.11503148823976517
2001-02-17,0.09185589849948883
2001-02-18,0.10091391205787659
2001-02-19,0.11872586607933044
2001-02-20,0.12123210728168488
2001-02-21,0.12701398134231567
2001-02-22,0.11504565924406052
2001-02-23,0.10264895111322403
2001-02-24,0.08830714970827103
2001-02-25,0.08743736892938614
2001-02-26,0.08884088695049286
2001-02-27,0.09243256598711014
2001-02-28,0.09154785424470901
2001-03-01,0.08970418572425842
2001-03-02,0.0710766389966011
2001-03-03,0.04480886086821556
2001-03-04,0.059769660234451294
2001-03-05,0.05877760797739029
2001-03-06,0.05569174513220787
2001-03-07,0.05971063673496246
2001-03-08,0.057437729090452194
2001-03-09,0.04873195290565491
2001-03-10,0.021791961044073105
2001-03-11,0.03517002984881401
2001-03-12,0.04050738736987114
2001-03-13,0.022717244923114777
2001-03-14,-0.007648575119674206
2001-03-15,-0.01365472748875618
2001-03-16,-0.044566959142684937
2001-03-17,-0.0735788643360138
2001-03-18,-0.06323561072349548
2001-03-19,-0.0718672126531601
2001-03-20,-0.06997707486152649
2001-03-21,-0.07069437950849533
2001-03-22,-0.07115045189857483
2001-03-23,-0.07749216258525848
2001-03-24,-0.04714535176753998
2001-03-25,-0.01043821033090353
2001-03-26,-0.0039542666636407375
2001-03-27,-0.00900059100240469
2001-03-28,0.014949244447052479
2001-03-29,0.029233846813440323
2001-03-30,0.03465355932712555
2001-03-31,0.07228901982307434
2001-04-01,0.1253763884305954
2001-04-02,0.12412628531455994
2001-04-03,0.10772828012704849
2001-04-04,0.10396389663219452
2001-04-05,0.0934579074382782
2001-04-06,0.06222512573003769
2001-04-07,0.03891586884856224
2001-04-08,0.05810314416885376
2001-04-09,0.061662524938583374
2001-04-10,0.06429234147071838
2001-04-11,0.08685377240180969
2001-04-12,0.0813814327120781
2001-04-13,0.06592937558889389
2001-04-14,0.08288433402776718
2001-04-15,0.10026651620864868
2001-04-16,0.11621808260679245
2001-04-17,0.10981268435716629
2001-04-18,0.10060114413499832
2001-04-19,0.10050088912248611
2001-04-20,0.09719233214855194
2001-04-21,0.07771401852369308
2001-04-22,0.10239733010530472
2001-04-23,0.11314968764781952
2001-04-24,0.11332922428846359
2001-04-25,0.1196955218911171
2001-04-26,0.126869797706604
2001-04-27,0.12891466915607452
2001-04-28,0.12372128665447235
2001-04-29,0.1449197381734848
2001-04-30,0.14723172783851624
2001-05-01,0.14182549715042114
2001-05-02,0.16526135802268982
2001-05-03,0.15239472687244415
2001-05-04,0.1378840059041977
2001-05-05,0.092621810734272
2001-05-06,0.11335057765245438
2001-05-07,0.11195240169763565
2001-05-08,0.10866465419530869
2001-05-09,0.12453791499137878
2001-05-10,0.1322149932384491
2001-05-11,0.13005231320858002
2001-05-12,0.14530903100967407
2001-05-13,0.168060764670372
2001-05-14,0.171109139919281
2001-05-15,0.15841305255889893
2001-05-16,0.145965114235878
2001-05-17,0.1574048101902008
2001-05-18,0.16067621111869812
2001-05-19,0.157770037651062
2001-05-20,0.16764862835407257
2001-05-21,0.16912060976028442
2001-05-22,0.16617563366889954
2001-05-23,0.16533613204956055
2001-05-24,0.17073862254619598
2001-05-25,0.14997674524784088
2001-05-26,0.16189776360988617
2001-05-27,0.16323262453079224
2001-05-28,0.16769559681415558
2001-05-29,0.15279540419578552
2001-05-30,0.16171081364154816
2001-05-31,0.16635636985301971
2001-06-01,0.1301051527261734
2001-06-02,0.1108003556728363
2001-06-03,0.12178859859704971
2001-06-04,0.13656197488307953
2001-06-05,0.13365335762500763
2001-06-06,0.13882970809936523
2001-06-07,0.12244369089603424
2001-06-08,0.10385875403881073
2001-06-09,0.09961046278476715
2001-06-10,0.12380873411893845
2001-06-11,0.13966919481754303
2001-06-12,0.14494480192661285
2001-06-13,0.13022522628307343
2001-06-14,0.11788352578878403
2001-06-15,0.09563504904508591
2001-06-16,0.07356885820627213
2001-06-17,0.07267113775014877
2001-06-18,0.0627373531460762
2001-06-19,0.064116932451725
2001-06-20,0.07115867733955383
2001-06-21,0.08025984466075897
2001-06-22,0.0750410333275795
2001-06-23,0.06537747383117676
2001-06-24,0.07780823856592178
2001-06-25,0.06748933345079422
2001-06-26,0.06512759625911713
2001-06-27,0.06259782612323761
2001-06-28,0.05547088757157326
2001-06-29,0.044831812381744385
2001-06-30,0.04591052979230881
2001-07-01,0.058391451835632324
2001-07-02,0.07455983757972717
2001-07-03,0.08759462088346481
2001-07-04,0.10233089327812195
2001-07-05,0.12106099724769592
2001-07-06,0.09755206108093262
2001-07-07,0.06393937021493912
2001-07-08,0.07142811268568039
2001-07-09,0.07324513792991638
2001-07-10,0.054045166820287704
2001-07-11,0.051411714404821396
2001-07-12,0.056833453476428986
2001-07-13,0.043480098247528076
2001-07-14,0.03935924544930458
2001-07-15,0.07116040587425232
2001-07-16,0.07802940160036087
2001-07-17,0.06943689286708832
2001-07-18,0.05258835479617119
2001-07-19,0.04303921014070511
2001-07-20,0.032077357172966
2001-07-21,0.026646044105291367
2001-07-22,0.037393465638160706
2001-07-23,0.0227674413472414
2001-07-24,0.03275006636977196
2001-07-25,0.03414945304393768
2001-07-26,0.04928388446569443
2001-07-27,0.045690640807151794
2001-07-28,0.019399208948016167
2001-07-29,0.028917619958519936
2001-07-30,0.029968323186039925
2001-07-31,0.022935818880796432
2001-08-01,0.020885329693555832
2001-08-02,0.034747712314128876
2001-08-03,0.020594321191310883
2001-08-04,0.010305390693247318
2001-08-05,0.017755145207047462
2001-08-06,0.024157095700502396
2001-08-07,0.030341822654008865
2001-08-08,0.027746178209781647
2001-08-09,0.02757854573428631
2001-08-10,0.019446471706032753
2001-08-11,0.0008803303353488445
2001-08-12,0.03388727828860283
2001-08-13,0.04235873371362686
2001-08-14,0.04964208975434303
2001-08-15,0.07103636115789413
2001-08-16,0.06856827437877655
2001-08-17,0.055170897394418716
2001-08-18,0.02309422940015793
2001-08-19,0.020313063636422157
2001-08-20,0.023405469954013824
2001-08-21,0.007636208552867174
2001-08-22,-0.005169892217963934
2001-08-23,0.004034853540360928
2001-08-24,-0.011591111309826374
2001-08-25,-0.012903216294944286
2001-08-26,-0.020490115508437157
2001-08-27,-0.02248566783964634
2001-08-28,-0.026065953075885773
2001-08-29,-0.013887172564864159
2001-08-30,-0.01386262197047472
2001-08-31,-0.01724349707365036
2001-09-01,-0.005482889711856842
2001-09-02,-0.006591380573809147
2001-09-03,0.035131145268678665
2001-09-04,0.04433872178196907
2001-09-05,0.059896115213632584
2001-09-06,0.05624564737081528
2001-09-07,0.03973978012800217
2001-09-08,-0.012451943941414356
2001-09-09,0.004700272809714079
2001-09-10,0.002717134542763233
2001-09-11,0.0015026468317955732
2001-09-12,-0.054066672921180725
2001-09-13,-0.08995526283979416
2001-09-14,-0.1282070279121399
2001-09-15,-0.14381521940231323
2001-09-16,-0.15545479953289032
2001-09-17,-0.17450687289237976
2001-09-18,-0.19836048781871796
2001-09-19,-0.22162356972694397
2001-09-20,-0.2503665089607239
2001-09-21,-0.28555795550346375
2001-09-22,-0.2993265986442566
2001-09-23,-0.3000444173812866
2001-09-24,-0.31107476353645325
2001-09-25,-0.31470781564712524
2001-09-26,-0.32126760482788086
2001-09-27,-0.32066991925239563
2001-09-28,-0.3172031044960022
2001-09-29,-0.3277015686035156
2001-09-30,-0.3016454577445984
2001-10-01,-0.31831884384155273
2001-10-02,-0.3275162875652313
2001-10-03,-0.32388636469841003
2001-10-04,-0.30387285351753235
2001-10-05,-0.32140734791755676
2001-10-06,-0.30659276247024536
2001-10-07,-0.3127191960811615
2001-10-08,-0.317240446805954
2001-10-09,-0.3226041793823242
2001-10-10,-0.33374863862991333
2001-10-11,-0.33246907591819763
2001-10-12,-0.33675244450569153
2001-10-13,-0.35152819752693176
2001-10-14,-0.34134551882743835
2001-10-15,-0.3223188817501068
2001-10-16,-0.3284703493118286
2001-10-17,-0.339769184589386
2001-10-18,-0.3502531349658966
2001-10-19,-0.38520196080207825
2001-10-20,-0.3801017701625824
2001-10-21,-0.395089715719223
2001-10-22,-0.39097267389297485
2001-10-23,-0.38429078459739685
2001-10-24,-0.37724173069000244
2001-10-25,-0.3488006591796875
2001-10-26,-0.3387160897254944
2001-10-27,-0.3263760805130005
2001-10-28,-0.30333635210990906
2001-10-29,-0.2874193489551544
2001-10-30,-0.2928297221660614
2001-10-31,-0.2978193163871765
2001-11-01,-0.2873997092247009
2001-11-02,-0.29887551069259644
2001-11-03,-0.3165784180164337
2001-11-04,-0.2869506776332855
2001-11-05,-0.26623860001564026
2001-11-06,-0.26365935802459717
2001-11-07,-0.26164042949676514
2001-11-08,-0.24926064908504486
2001-11-09,-0.23969514667987823
2001-11-10,-0.2667940557003021
2001-11-11,-0.24104443192481995
2001-11-12,-0.2323608249425888
2001-11-13,-0.23673996329307556
2001-11-14,-0.23478105664253235
2001-11-15,-0.24186015129089355
2001-11-16,-0.25466686487197876
2001-11-17,-0.24457795917987823
2001-11-18,-0.23452818393707275
2001-11-19,-0.2015092968940735
2001-11-20,-0.17876122891902924
2001-11-21,-0.18714290857315063
2001-11-22,-0.16562877595424652
2001-11-23,-0.15644870698451996
2001-11-24,-0.16691353917121887
2001-11-25,-0.1642741858959198
2001-11-26,-0.15132467448711395
2001-11-27,-0.164498969912529
2001-11-28,-0.1621117889881134
2001-11-29,-0.15271611511707306
2001-11-30,-0.1577284336090088
2001-12-01,-0.16843856871128082
2001-12-02,-0.1586722731590271
2001-12-03,-0.13886338472366333
2001-12-04,-0.14749887585639954
2001-12-05,-0.14978180825710297
2001-12-06,-0.1475411355495453
2001-12-07,-0.15281476080417633
2001-12-08,-0.18951338529586792
2001-12-09,-0.17985688149929047
2001-12-10,-0.17081144452095032
2001-12-11,-0.17135010659694672
2001-12-12,-0.18137536942958832
2001-12-13,-0.1816931813955307
2001-12-14,-0.19168466329574585
2001-12-15,-0.19517183303833008
2001-12-16,-0.1904532015323639
2001-12-17,-0.18355253338813782
2001-12-18,-0.17993789911270142
2001-12-19,-0.1811843067407608
2001-12-20,-0.17797568440437317
2001-12-21,-0.18783412873744965
2001-12-22,-0.20210281014442444
2001-12-23,-0.19539040327072144
2001-12-24,-0.19465596973896027
2001-12-25,-0.16366584599018097
2001-12-26,-0.1731461137533188
2001-12-27,-0.16550575196743011
2001-12-28,-0.13786692917346954
2001-12-29,-0.12255141139030457
2001-12-30,-0.09609024971723557
2001-12-31,-0.08000307530164719
2002-01-01,-0.08379185199737549
2002-01-02,-0.08278950303792953
2002-01-03,-0.08111244440078735
2002-01-04,-0.08880172669887543
2002-01-05,-0.1262037605047226
2002-01-06,-0.12509103119373322
2002-01-07,-0.12208332121372223
2002-01-08,-0.13500024378299713
2002-01-09,-0.13626451790332794
2002-01-10,-0.13630756735801697
2002-01-11,-0.14069661498069763
2002-01-12,-0.14240896701812744
2002-01-13,-0.13426628708839417
2002-01-14,-0.1255110204219818
2002-01-15,-0.11951213330030441
2002-01-16,-0.11668864637613297
2002-01-17,-0.1138235405087471
2002-01-18,-0.11257528513669968
2002-01-19,-0.12117476761341095
2002-01-20,-0.11810452491044998
2002-01-21,-0.10702041536569595
2002-01-22,-0.08849606662988663
2002-01-23,-0.08188935369253159
2002-01-24,-0.0930076614022255
2002-01-25,-0.102144755423069
2002-01-26,-0.11190204322338104
2002-01-27,-0.10007890313863754
2002-01-28,-0.08219769597053528
2002-01-29,-0.08133461326360703
2002-01-30,-0.09019392728805542
2002-01-31,-0.08042719960212708
2002-02-01,-0.08431437611579895
2002-02-02,-0.09253470599651337
2002-02-03,-0.09444663673639297
2002-02-04,-0.0939188152551651
2002-02-05,-0.09693906456232071
2002-02-06,-0.09133446961641312
2002-02-07,-0.09346308559179306
2002-02-08,-0.10518651455640793
2002-02-09,-0.1165623888373375
2002-02-10,-0.10226676613092422
2002-02-11,-0.11021159589290619
2002-02-12,-0.11937147378921509
2002-02-13,-0.12265512347221375
2002-02-14,-0.11200059950351715
2002-02-15,-0.1184539794921875
2002-02-16,-0.13214744627475739
2002-02-17,-0.11245335638523102
2002-02-18,-0.08947095274925232
2002-02-19,-0.08200518041849136
2002-02-20,-0.08785776048898697
2002-02-21,-0.08449171483516693
2002-02-22,-0.08889418095350266
2002-02-23,-0.08740030974149704
2002-02-24,-0.07776492834091187
2002-02-25,-0.06872112303972244
2002-02-26,-0.07138755172491074
2002-02-27,-0.062218278646469116
2002-02-28,-0.07126209884881973
2002-03-01,-0.07572520524263382
2002-03-02,-0.03800676763057709
2002-03-03,-0.017610441893339157
2002-03-04,-0.00951862707734108
2002-03-05,-0.015950269997119904
2002-03-06,-0.018419040367007256
2002-03-07,-0.01587839424610138
2002-03-08,-0.02842937596142292
2002-03-09,-0.036417074501514435
2002-03-10,-0.022458866238594055
2002-03-11,-0.01249286625534296
2002-03-12,-0.02770555578172207
2002-03-13,-0.041903093457221985
2002-03-14,-0.03784204646945
2002-03-15,-0.04772648960351944
2002-03-16,-0.059586845338344574
2002-03-17,-0.04241423308849335
2002-03-18,-0.029686111956834793
2002-03-19,-0.029869604855775833
2002-03-20,-0.025952106341719627
2002-03-21,-0.02336246706545353
2002-03-22,-0.031902678310871124
2002-03-23,-0.04687127843499184
2002-03-24,-0.03382366895675659
2002-03-25,-0.020437221974134445
2002-03-26,-0.03336557745933533
2002-03-27,-0.01660727895796299
2002-03-28,-0.0022598193027079105
2002-03-29,-0.0029913284815847874
2002-03-30,0.0013574545737355947
2002-03-31,-0.006058891769498587
2002-04-01,-0.010156453587114811
2002-04-02,-0.01849980838596821
2002-04-03,-0.03158308193087578
2002-04-04,-0.041055385023355484
2002-04-05,-0.05046519264578819
2002-04-06,-0.04735039174556732
2002-04-07,-0.029809217900037766
2002-04-08,-0.014941849745810032
2002-04-09,-0.023255372419953346
2002-04-10,-0.03007221221923828
2002-04-11,-0.025626109912991524
2002-04-12,-0.04276785999536514
2002-04-13,-0.060950759798288345
2002-04-14,-0.0632147267460823
2002-04-15,-0.05392710492014885
2002-04-16,-0.07123800367116928
2002-04-17,-0.06621314585208893
2002-04-18,-0.05903594568371773
2002-04-19,-0.06794038414955139
2002-04-20,-0.08019446581602097
2002-04-21,-0.06532838195562363
2002-04-22,-0.0713442787528038
2002-04-23,-0.08473477512598038
2002-04-24,-0.09563031047582626
2002-04-25,-0.08893001079559326
2002-04-26,-0.10179463028907776
2002-04-27,-0.1114816665649414
2002-04-28,-0.09743234515190125
2002-04-29,-0.08020514994859695
2002-04-30,-0.07460358738899231
2002-05-01,-0.08248770982027054
2002-05-02,-0.0832551047205925
2002-05-03,-0.08963267505168915
2002-05-04,-0.09653394669294357
2002-05-05,-0.06285697966814041
2002-05-06,-0.058389320969581604
2002-05-07,-0.04850097373127937
2002-05-08,-0.04508397355675697
2002-05-09,-0.04529038071632385
2002-05-10,-0.05833597853779793
2002-05-11,-0.06797194480895996
2002-05-12,-0.06493572890758514
2002-05-13,-0.05498882383108139
2002-05-14,-0.04665624350309372
2002-05-15,-0.04904880374670029
2002-05-16,-0.05384393036365509
2002-05-17,-0.05862186476588249
2002-05-18,-0.08456713706254959
2002-05-19,-0.07926741987466812
2002-05-20,-0.08114359527826309
2002-05-21,-0.07433885335922241
2002-05-22,-0.07150035351514816
2002-05-23,-0.06787090003490448
2002-05-24,-0.06600289791822433
2002-05-25,-0.07126070559024811
2002-05-26,-0.05938292294740677
2002-05-27,-0.048944346606731415
2002-05-28,-0.05722473934292793
2002-05-29,-0.05941018834710121
2002-05-30,-0.04920924827456474
2002-05-31,-0.05260346457362175
2002-06-01,-0.05977427959442139
2002-06-02,-0.042494870722293854
2002-06-03,-0.03760089725255966
2002-06-04,-0.0390864796936512
2002-06-05,-0.05010535567998886
2002-06-06,-0.042152293026447296
2002-06-07,-0.05491441860795021
2002-06-08,-0.06628689914941788
2002-06-09,-0.053412992507219315
2002-06-10,-0.03833850473165512
2002-06-11,-0.054461684077978134
2002-06-12,-0.06290041655302048
2002-06-13,-0.07738064974546432
2002-06-14,-0.07645925879478455
2002-06-15,-0.08105657994747162
2002-06-16,-0.07078365236520767
2002-06-17,-0.07907813042402267
2002-06-18,-0.09093961119651794
2002-06-19,-0.09592606872320175
2002-06-20,-0.09097705036401749
2002-06-21,-0.10483986884355545
2002-06-22,-0.11448071897029877
2002-06-23,-0.11155811697244644
2002-06-24,-0.11040569096803665
2002-06-25,-0.12109164893627167
2002-06-26,-0.11708961427211761
2002-06-27,-0.12210968136787415
2002-06-28,-0.13479991257190704
2002-06-29,-0.14396369457244873
2002-06-30,-0.13437336683273315
2002-07-01,-0.13337410986423492
2002-07-02,-0.13537371158599854
2002-07-03,-0.14697502553462982
2002-07-04,-0.1470704972743988
2002-07-05,-0.1291555017232895
2002-07-06,-0.14628328382968903
2002-07-07,-0.14989490807056427
2002-07-08,-0.1474885642528534
2002-07-09,-0.14275510609149933
2002-07-10,-0.15497802197933197
2002-07-11,-0.140437051653862
2002-07-12,-0.1579059362411499
2002-07-13,-0.19018810987472534
2002-07-14,-0.18362993001937866
2002-07-15,-0.19364653527736664
2002-07-16,-0.18376903235912323
2002-07-17,-0.18094709515571594
2002-07-18,-0.17212417721748352
2002-07-19,-0.17587514221668243
2002-07-20,-0.17830795049667358
2002-07-21,-0.17171286046504974
2002-07-22,-0.18125605583190918
2002-07-23,-0.17936328053474426
2002-07-24,-0.1723833978176117
2002-07-25,-0.17769211530685425
2002-07-26,-0.17607730627059937
2002-07-27,-0.18385039269924164
2002-07-28,-0.17558850347995758
2002-07-29,-0.16444934904575348
2002-07-30,-0.14934727549552917
2002-07-31,-0.14262981712818146
2002-08-01,-0.13066469132900238
2002-08-02,-0.14402303099632263
2002-08-03,-0.15110863745212555
2002-08-04,-0.14983299374580383
2002-08-05,-0.13152851164340973
2002-08-06,-0.12228395789861679
2002-08-07,-0.10532965511083603
2002-08-08,-0.1005505919456482
2002-08-09,-0.09878943860530853
2002-08-10,-0.08973415940999985
2002-08-11,-0.07101362198591232
2002-08-12,-0.0713772252202034
2002-08-13,-0.08194654434919357
2002-08-14,-0.08237379789352417
2002-08-15,-0.056735627353191376
2002-08-16,-0.05668773129582405
2002-08-17,-0.06736351549625397
2002-08-18,-0.05635989084839821
2002-08-19,-0.048331450670957565
2002-08-20,-0.04415178671479225
2002-08-21,-0.0702671930193901
2002-08-22,-0.06271679699420929
2002-08-23,-0.07239486277103424
2002-08-24,-0.08617725968360901
2002-08-25,-0.07374418526887894
2002-08-26,-0.07003699988126755
2002-08-27,-0.07487812638282776
2002-08-28,-0.08626571297645569
2002-08-29,-0.0821712389588356
2002-08-30,-0.09322749823331833
2002-08-31,-0.09632836282253265
2002-09-01,-0.0795566588640213
2002-09-02,-0.07554396986961365
2002-09-03,-0.08177320659160614
2002-09-04,-0.09723889082670212
2002-09-05,-0.09080351144075394
2002-09-06,-0.10370594263076782
2002-09-07,-0.11528228223323822
2002-09-08,-0.11384234577417374
2002-09-09,-0.11490598320960999
2002-09-10,-0.12341616302728653
2002-09-11,-0.13432186841964722
2002-09-12,-0.12009689956903458
2002-09-13,-0.13444000482559204
2002-09-14,-0.14626309275627136
2002-09-15,-0.11749757826328278
2002-09-16,-0.11288869380950928
2002-09-17,-0.12499037384986877
2002-09-18,-0.1264624148607254
2002-09-19,-0.12159881740808487
2002-09-20,-0.13172662258148193
2002-09-21,-0.14832523465156555
2002-09-22,-0.14090275764465332
2002-09-23,-0.13142788410186768
2002-09-24,-0.15134257078170776
2002-09-25,-0.17259357869625092
2002-09-26,-0.1653597503900528
2002-09-27,-0.16940373182296753
2002-09-28,-0.18382085859775543
2002-09-29,-0.19095148146152496
2002-09-30,-0.19353005290031433
2002-10-01,-0.2004777491092682
2002-10-02,-0.1997532993555069
2002-10-03,-0.20044003427028656
2002-10-04,-0.21186217665672302
2002-10-05,-0.22262823581695557
2002-10-06,-0.21727296710014343
2002-10-07,-0.21416768431663513
2002-10-08,-0.21877893805503845
2002-10-09,-0.22571349143981934
2002-10-10,-0.21577677130699158
2002-10-11,-0.21555006504058838
2002-10-12,-0.22244374454021454
2002-10-13,-0.20945671200752258
2002-10-14,-0.19327476620674133
2002-10-15,-0.1951470822095871
2002-10-16,-0.18442706763744354
2002-10-17,-0.16919998824596405
2002-10-18,-0.17315295338630676
2002-10-19,-0.1635812669992447
2002-10-20,-0.14086870849132538
2002-10-21,-0.12943486869335175
2002-10-22,-0.12828321754932404
2002-10-23,-0.12835347652435303
2002-10-24,-0.11219266802072525
2002-10-25,-0.13373081386089325
2002-10-26,-0.1343919187784195
2002-10-27,-0.10715209692716599
2002-10-28,-0.09558086842298508
2002-10-29,-0.08454422652721405
2002-10-30,-0.08703460544347763
2002-10-31,-0.07532049715518951
2002-11-01,-0.08234371989965439
2002-11-02,-0.099395252764225
2002-11-03,-0.09195727854967117
2002-11-04,-0.07978369295597076
2002-11-05,-0.0903904065489769
2002-11-06,-0.0931963175535202
2002-11-07,-0.0889120101928711
2002-11-08,-0.08218515664339066
2002-11-09,-0.08557348698377609
2002-11-10,-0.06719812750816345
2002-11-11,-0.07407232373952866
2002-11-12,-0.06922882795333862
2002-11-13,-0.07682996988296509
2002-11-14,-0.07372646033763885
2002-11-15,-0.07405295968055725
2002-11-16,-0.06588248908519745
2002-11-17,-0.05619579926133156
2002-11-18,-0.05902985483407974
2002-11-19,-0.05970781669020653
2002-11-20,-0.054750800132751465
2002-11-21,-0.03895535320043564
2002-11-22,-0.0454784594476223
2002-11-23,-0.052058372646570206
2002-11-24,-0.049131691455841064
2002-11-25,-0.031113101169466972
2002-11-26,-0.035175424069166183
2002-11-27,-0.03264731541275978
2002-11-28,0.004234324675053358
2002-11-29,-0.014895548112690449
2002-11-30,-0.023948611691594124
2002-12-01,-0.002721815137192607
2002-12-02,0.0017015087651088834
2002-12-03,0.004447584040462971
2002-12-04,0.0015536159044131637
2002-12-05,0.001756965764798224
2002-12-06,-0.013843572698533535
2002-12-07,-0.02150936797261238
2002-12-08,-0.03061225824058056
2002-12-09,-0.03230051323771477
2002-12-10,-0.023616287857294083
2002-12-11,-0.028573310002684593
2002-12-12,-0.023104054853320122
2002-12-13,-0.03369952738285065
2002-12-14,-0.044175080955028534
2002-12-15,-0.035047419369220734
2002-12-16,-0.027068305760622025
2002-12-17,-0.030747227370738983
2002-12-18,-0.05027313530445099
2002-12-19,-0.04910047724843025
2002-12-20,-0.05703112110495567
2002-12-21,-0.07333923131227493
2002-12-22,-0.06367030739784241
2002-12-23,-0.059147756546735764
2002-12-24,-0.06246831640601158
2002-12-25,-0.07772921025753021
2002-12-26,-0.05289653316140175
2002-12-27,-0.06336907297372818
2002-12-28,-0.09139519184827805
2002-12-29,-0.09110933542251587
2002-12-30,-0.07346298545598984
2002-12-31,-0.078914113342762
2003-01-01,-0.0934102013707161
2003-01-02,-0.09179995208978653
2003-01-03,-0.0791386067867279
2003-01-04,-0.06868617236614227
2003-01-05,-0.04911944642663002
2003-01-06,-0.04411788657307625
2003-01-07,-0.02675090730190277
2003-01-08,-0.019822802394628525
2003-01-09,-0.017438719049096107
2003-01-10,-0.023075388744473457
2003-01-11,-0.05028826743364334
2003-01-12,-0.04833757132291794
2003-01-13,-0.03518787771463394
2003-01-14,-0.03559241071343422
2003-01-15,-0.03240552544593811
2003-01-16,-0.03587447851896286
2003-01-17,-0.04201170429587364
2003-01-18,-0.06891641765832901
2003-01-19,-0.04949605464935303
2003-01-20,-0.047197289764881134
2003-01-21,-0.04503974691033363
2003-01-22,-0.04800371825695038
2003-01-23,-0.044903628528118134
2003-01-24,-0.04082472622394562
2003-01-25,-0.04873925447463989
2003-01-26,-0.03809764236211777
2003-01-27,-0.033672891557216644
2003-01-28,-0.058317627757787704
2003-01-29,-0.05706511065363884
2003-01-30,-0.06572514027357101
2003-01-31,-0.06663114577531815
2003-02-01,-0.06927244365215302
2003-02-02,-0.05748194456100464
2003-02-03,-0.056230414658784866
2003-02-04,-0.06090915948152542
2003-02-05,-0.07646242529153824
2003-02-06,-0.07465045154094696
2003-02-07,-0.08411314338445663
2003-02-08,-0.09554532170295715
2003-02-09,-0.08412031829357147
2003-02-10,-0.06676403433084488
2003-02-11,-0.0673767626285553
2003-02-12,-0.07584819942712784
2003-02-13,-0.07854080200195312
2003-02-14,-0.08868201076984406
2003-02-15,-0.09131070226430893
2003-02-16,-0.07249675691127777
2003-02-17,-0.06979916244745255
2003-02-18,-0.05766468495130539
2003-02-19,-0.06259544938802719
2003-02-20,-0.06313212960958481
2003-02-21,-0.07421403378248215
2003-02-22,-0.07940485328435898
2003-02-23,-0.07406774908304214
2003-02-24,-0.06758039444684982
2003-02-25,-0.07353898882865906
2003-02-26,-0.06830080598592758
2003-02-27,-0.07373286783695221
2003-02-28,-0.08461179584264755
2003-03-01,-0.09568604826927185
2003-03-02,-0.09479361027479172
2003-03-03,-0.09097689390182495
2003-03-04,-0.10297010093927383
2003-03-05,-0.1023433655500412
2003-03-06,-0.10523968189954758
2003-03-07,-0.11515846103429794
2003-03-08,-0.14088179171085358
2003-03-09,-0.1334032565355301
2003-03-10,-0.15474949777126312
2003-03-11,-0.1642918437719345
2003-03-12,-0.175204798579216
2003-03-13,-0.16276519000530243
2003-03-14,-0.18114899098873138
2003-03-15,-0.19167615473270416
2003-03-16,-0.1849324256181717
2003-03-17,-0.18995976448059082
2003-03-18,-0.20194274187088013
2003-03-19,-0.21324791014194489
2003-03-20,-0.2183249592781067
2003-03-21,-0.2273111343383789
2003-03-22,-0.22917407751083374
2003-03-23,-0.22387129068374634
2003-03-24,-0.2197112888097763
2003-03-25,-0.23712307214736938
2003-03-26,-0.241627037525177
2003-03-27,-0.23720645904541016
2003-03-28,-0.24038873612880707
2003-03-29,-0.22668418288230896
2003-03-30,-0.21956336498260498
2003-03-31,-0.20600126683712006
2003-04-01,-0.21473948657512665
2003-04-02,-0.2185594141483307
2003-04-03,-0.21187756955623627
2003-04-04,-0.23211148381233215
2003-04-05,-0.24463051557540894
2003-04-06,-0.22570890188217163
2003-04-07,-0.22377833724021912
2003-04-08,-0.23893287777900696
2003-04-09,-0.2273489385843277
2003-04-10,-0.22289793193340302
2003-04-11,-0.23988835513591766
2003-04-12,-0.24295704066753387
2003-04-13,-0.21612145006656647
2003-04-14,-0.1991948038339615
2003-04-15,-0.19938385486602783
2003-04-16,-0.1989750862121582
2003-04-17,-0.19766508042812347
2003-04-18,-0.1946529597043991
2003-04-19,-0.1788516491651535
2003-04-20,-0.16008085012435913
2003-04-21,-0.1494177281856537
2003-04-22,-0.15194469690322876
2003-04-23,-0.14703918993473053
2003-04-24,-0.14330342411994934
2003-04-25,-0.15187373757362366
2003-04-26,-0.15214990079402924
2003-04-27,-0.1389961838722229
2003-04-28,-0.13699208199977875
2003-04-29,-0.13021200895309448
2003-04-30,-0.1258685141801834
2003-05-01,-0.11913598328828812
2003-05-02,-0.11656641960144043
2003-05-03,-0.11073285341262817
2003-05-04,-0.10480580478906631
2003-05-05,-0.10128545016050339
2003-05-06,-0.08752255141735077
2003-05-07,-0.09568116813898087
2003-05-08,-0.09065413475036621
2003-05-09,-0.09993293136358261
2003-05-10,-0.10569815337657928
2003-05-11,-0.09665101766586304
2003-05-12,-0.10213961452245712
2003-05-13,-0.1087140142917633
2003-05-14,-0.11048326641321182
2003-05-15,-0.098671555519104
2003-05-16,-0.11465389281511307
2003-05-17,-0.11675389111042023
2003-05-18,-0.10906805843114853
2003-05-19,-0.09463958442211151
2003-05-20,-0.09675123542547226
2003-05-21,-0.10282523930072784
2003-05-22,-0.09663411229848862
2003-05-23,-0.09048769623041153
2003-05-24,-0.08143237978219986
2003-05-25,-0.06226205453276634
2003-05-26,-0.06937634944915771
2003-05-27,-0.04972803592681885
2003-05-28,-0.06989775598049164
2003-05-29,-0.06170216202735901
2003-05-30,-0.06066212058067322
2003-05-31,-0.055848680436611176
2003-06-01,-0.044455721974372864
2003-06-02,-0.049966320395469666
2003-06-03,-0.046229008585214615
2003-06-04,-0.03630506992340088
2003-06-05,-0.01840989664196968
2003-06-06,-0.02448800392448902
2003-06-07,-0.024727104231715202
2003-06-08,-0.022257432341575623
2003-06-09,0.009242712520062923
2003-06-10,0.009235817939043045
2003-06-11,0.023231420665979385
2003-06-12,0.019974032416939735
2003-06-13,0.015316108241677284
2003-06-14,0.020878057926893234
2003-06-15,0.028775053098797798
2003-06-16,0.013061213307082653
2003-06-17,0.013157042674720287
2003-06-18,0.012208129279315472
2003-06-19,0.021359460428357124
2003-06-20,0.011829553171992302
2003-06-21,0.003922318574041128
2003-06-22,-0.011441712267696857
2003-06-23,-0.014805440790951252
2003-06-24,-0.022910989820957184
2003-06-25,-0.023017708212137222
2003-06-26,-0.02083617076277733
2003-06-27,-0.028259987011551857
2003-06-28,-0.026108410209417343
2003-06-29,-0.017305010929703712
2003-06-30,-0.007641875650733709
2003-07-01,-0.010228144004940987
2003-07-02,-0.0030206290539354086
2003-07-03,-0.006363347172737122
2003-07-04,-0.01634649932384491
2003-07-05,-0.040929436683654785
2003-07-06,-0.017255404964089394
2003-07-07,-0.003370609600096941
2003-07-08,0.01826050691306591
2003-07-09,0.03039008192718029
2003-07-10,0.04212811589241028
2003-07-11,0.02356160245835781
2003-07-12,0.021183820441365242
2003-07-13,0.029605118557810783
2003-07-14,0.023129764944314957
2003-07-15,0.0054298993200063705
2003-07-16,-0.014053363353013992
2003-07-17,-0.0069803898222744465
2003-07-18,-0.01258876919746399
2003-07-19,-0.007440345827490091
2003-07-20,-0.0023328037932515144
2003-07-21,0.013306895270943642
2003-07-22,0.030244767665863037
2003-07-23,0.02522186189889908
2003-07-24,0.02625088021159172
2003-07-25,0.032486073672771454
2003-07-26,0.025437554344534874
2003-07-27,0.04738383740186691
2003-07-28,0.06846779584884644
2003-07-29,0.07619381695985794
2003-07-30,0.0744808092713356
2003-07-31,0.06996913999319077
2003-08-01,0.08306818455457687
2003-08-02,0.08047746121883392
2003-08-03,0.09888340532779694
2003-08-04,0.09503111988306046
2003-08-05,0.08955717086791992
2003-08-06,0.09352997690439224
2003-08-07,0.09176158159971237
2003-08-08,0.11047282814979553
2003-08-09,0.08799499273300171
2003-08-10,0.08173815160989761
2003-08-11,0.09688747674226761
2003-08-12,0.09331783652305603
2003-08-13,0.09364384412765503
2003-08-14,0.107790507376194
2003-08-15,0.10748274624347687
2003-08-16,0.1200612485408783
2003-08-17,0.12814770638942719
2003-08-18,0.12538297474384308
2003-08-19,0.12032843381166458
2003-08-20,0.1279127299785614
2003-08-21,0.12726427614688873
2003-08-22,0.13256537914276123
2003-08-23,0.1607719510793686
2003-08-24,0.18327511847019196
2003-08-25,0.17110109329223633
2003-08-26,0.17694471776485443
2003-08-27,0.16758574545383453
2003-08-28,0.16262736916542053
2003-08-29,0.15869231522083282
2003-08-30,0.17574962973594666
2003-08-31,0.18252182006835938
2003-09-01,0.1815902143716812
2003-09-02,0.19046849012374878
2003-09-03,0.187277689576149
2003-09-04,0.19300103187561035
2003-09-05,0.18645954132080078
2003-09-06,0.16773051023483276
2003-09-07,0.17718049883842468
2003-09-08,0.1626739352941513
2003-09-09,0.16024918854236603
2003-09-10,0.14698848128318787
2003-09-11,0.13208362460136414
2003-09-12,0.13473080098628998
2003-09-13,0.1300797164440155
2003-09-14,0.1363476812839508
2003-09-15,0.126646488904953
2003-09-16,0.12092209607362747
2003-09-17,0.11838540434837341
2003-09-18,0.12262082099914551
2003-09-19,0.11850005388259888
2003-09-20,0.12306045740842819
2003-09-21,0.13493198156356812
2003-09-22,0.1356782764196396
2003-09-23,0.12509819865226746
2003-09-24,0.14697209000587463
2003-09-25,0.14068277180194855
2003-09-26,0.13594338297843933
2003-09-27,0.11852439492940903
2003-09-28,0.12443459033966064
2003-09-29,0.1379045695066452
2003-09-30,0.13750144839286804
2003-10-01,0.12420494854450226
2003-10-02,0.12519937753677368
2003-10-03,0.10852749645709991
2003-10-04,0.11504368484020233
2003-10-05,0.13725316524505615
2003-10-06,0.1454407423734665
2003-10-07,0.14632512629032135
2003-10-08,0.13493239879608154
2003-10-09,0.13879159092903137
2003-10-10,0.13393783569335938
2003-10-11,0.12292417883872986
2003-10-12,0.12632466852664948
2003-10-13,0.1491636484861374
2003-10-14,0.16242912411689758
2003-10-15,0.15606474876403809
2003-10-16,0.17481060326099396
2003-10-17,0.18171283602714539
2003-10-18,0.19453199207782745
2003-10-19,0.19166257977485657
2003-10-20,0.1938353031873703
2003-10-21,0.200962096452713
2003-10-22,0.19965605437755585
2003-10-23,0.19894662499427795
2003-10-24,0.19771838188171387
2003-10-25,0.21722784638404846
2003-10-26,0.2275339961051941
2003-10-27,0.23323847353458405
2003-10-28,0.23491396009922028
2003-10-29,0.2388545423746109
2003-10-30,0.24316518008708954
2003-10-31,0.24673961102962494
2003-11-01,0.26156407594680786
2003-11-02,0.2757715880870819
2003-11-03,0.2788527011871338
2003-11-04,0.2900182604789734
2003-11-05,0.28627392649650574
2003-11-06,0.29307740926742554
2003-11-07,0.2992846667766571
2003-11-08,0.3096786141395569
2003-11-09,0.30984434485435486
2003-11-10,0.3212989270687103
2003-11-11,0.294718474149704
2003-11-12,0.28009018301963806
2003-11-13,0.28220897912979126
2003-11-14,0.28586533665657043
2003-11-15,0.26386791467666626
2003-11-16,0.2689889967441559
2003-11-17,0.26754030585289
2003-11-18,0.26637569069862366
2003-11-19,0.2572385370731354
2003-11-20,0.27046674489974976
2003-11-21,0.2518571615219116
2003-11-22,0.2570219933986664
2003-11-23,0.2636142373085022
2003-11-24,0.2637476623058319
2003-11-25,0.2560691833496094
2003-11-26,0.262314110994339
2003-11-27,0.26624810695648193
2003-11-28,0.2689760625362396
2003-11-29,0.26216229796409607
2003-11-30,0.2731434404850006
2003-12-01,0.283562034368515
2003-12-02,0.30958735942840576
2003-12-03,0.30437830090522766
2003-12-04,0.29669174551963806
2003-12-05,0.27739110589027405
2003-12-06,0.28159403800964355
2003-12-07,0.28137022256851196
2003-12-08,0.2873513400554657
2003-12-09,0.28067776560783386
2003-12-10,0.2718374729156494
2003-12-11,0.26586681604385376
2003-12-12,0.26936280727386475
2003-12-13,0.2574438452720642
2003-12-14,0.2641020715236664
2003-12-15,0.2626529633998871
2003-12-16,0.2755890488624573
2003-12-17,0.27468955516815186
2003-12-18,0.2786593437194824
2003-12-19,0.27399301528930664
2003-12-20,0.2723880708217621
2003-12-21,0.28087523579597473
2003-12-22,0.263904333114624
2003-12-23,0.2561742067337036
2003-12-24,0.242839053273201
2003-12-25,0.2461186647415161
2003-12-26,0.23820027709007263
2003-12-27,0.2584535479545593
2003-12-28,0.26685240864753723
2003-12-29,0.2577136754989624
2003-12-30,0.24679386615753174
2003-12-31,0.24106045067310333
2004-01-01,0.2589702010154724
2004-01-02,0.24454525113105774
2004-01-03,0.2455732375383377
2004-01-04,0.23121288418769836
2004-01-05,0.2118261605501175
2004-01-06,0.2198091745376587
2004-01-07,0.21274514496326447
2004-01-08,0.19968701899051666
2004-01-09,0.20374183356761932
2004-01-10,0.1992124766111374
2004-01-11,0.20854444801807404
2004-01-12,0.19670386612415314
2004-01-13,0.19354230165481567
2004-01-14,0.18622076511383057
2004-01-15,0.2068096250295639
2004-01-16,0.20210891962051392
2004-01-17,0.21242989599704742
2004-01-18,0.2092686891555786
2004-01-19,0.24074865877628326
2004-01-20,0.2352735549211502
2004-01-21,0.2340601086616516
2004-01-22,0.23747798800468445
2004-01-23,0.2439161241054535
2004-01-24,0.2446220964193344
2004-01-25,0.248195618391037
2004-01-26,0.2371501475572586
2004-01-27,0.22160425782203674
2004-01-28,0.21943619847297668
2004-01-29,0.22350051999092102
2004-01-30,0.227434903383255
2004-01-31,0.23295657336711884
2004-02-01,0.23347803950309753
2004-02-02,0.22853323817253113
2004-02-03,0.22156131267547607
2004-02-04,0.21225062012672424
2004-02-05,0.22588656842708588
2004-02-06,0.21428360044956207
2004-02-07,0.21945637464523315
2004-02-08,0.20900465548038483
2004-02-09,0.211761012673378
2004-02-10,0.21752239763736725
2004-02-11,0.21108172833919525
2004-02-12,0.20502708852291107
2004-02-13,0.1996573507785797
2004-02-14,0.16291528940200806
2004-02-15,0.17888599634170532
2004-02-16,0.18552500009536743
2004-02-17,0.1909005343914032
2004-02-18,0.19733411073684692
2004-02-19,0.20329663157463074
2004-02-20,0.19070535898208618
2004-02-21,0.20177164673805237
2004-02-22,0.22145076096057892
2004-02-23,0.2326553910970688
2004-02-24,0.22215251624584198
2004-02-25,0.20920953154563904
2004-02-26,0.2161751240491867
2004-02-27,0.20057690143585205
2004-02-28,0.19305500388145447
2004-02-29,0.2107751965522766
2004-03-01,0.21614482998847961
2004-03-02,0.2135273665189743
2004-03-03,0.21286922693252563
2004-03-04,0.21511971950531006
2004-03-05,0.19141885638237
2004-03-06,0.1830524206161499
2004-03-07,0.20155690610408783
2004-03-08,0.1817994862794876
2004-03-09,0.17026424407958984
2004-03-10,0.15561936795711517
2004-03-11,0.1419258862733841
2004-03-12,0.13630461692810059
2004-03-13,0.13253508508205414
2004-03-14,0.13479630649089813
2004-03-15,0.13186240196228027
2004-03-16,0.1424560844898224
2004-03-17,0.12801915407180786
2004-03-18,0.12947043776512146
2004-03-19,0.13328872621059418
2004-03-20,0.12189622968435287
2004-03-21,0.1427403688430786
2004-03-22,0.1361474245786667
2004-03-23,0.10937541723251343
2004-03-24,0.10438594222068787
2004-03-25,0.0982000008225441
2004-03-26,0.09227579087018967
2004-03-27,0.09843777120113373
2004-03-28,0.10742794722318649
2004-03-29,0.10916907340288162
2004-03-30,0.09377535432577133
2004-03-31,0.1000092476606369
2004-04-01,0.11121959984302521
2004-04-02,0.11721991747617722
2004-04-03,0.1349959522485733
2004-04-04,0.14862391352653503
2004-04-05,0.15854552388191223
2004-04-06,0.1539188176393509
2004-04-07,0.14617088437080383
2004-04-08,0.14449432492256165
2004-04-09,0.14531517028808594
2004-04-10,0.14485783874988556
2004-04-11,0.16491204500198364
2004-04-12,0.15659019351005554
2004-04-13,0.1597733050584793
2004-04-14,0.17285887897014618
2004-04-15,0.1713743656873703
2004-04-16,0.17223292589187622
2004-04-17,0.17787429690361023
2004-04-18,0.1894974410533905
2004-04-19,0.18949668109416962
2004-04-20,0.2054789513349533
2004-04-21,0.2009444236755371
2004-04-22,0.20968733727931976
2004-04-23,0.21734970808029175
2004-04-24,0.23591041564941406
2004-04-25,0.2434285581111908
2004-04-26,0.2570721507072449
2004-04-27,0.2506057918071747
2004-04-28,0.25837481021881104
2004-04-29,0.2586144208908081
2004-04-30,0.2598787248134613
2004-05-01,0.2494177669286728
2004-05-02,0.2621353268623352
2004-05-03,0.2756407558917999
2004-05-04,0.2901533842086792
2004-05-05,0.2805593013763428
2004-05-06,0.27251702547073364
2004-05-07,0.26793766021728516
2004-05-08,0.29579421877861023
2004-05-09,0.3128235340118408
2004-05-10,0.3069528639316559
2004-05-11,0.28740188479423523
2004-05-12,0.2802294194698334
2004-05-13,0.2804211974143982
2004-05-14,0.2746175527572632
2004-05-15,0.2813262641429901
2004-05-16,0.28628453612327576
2004-05-17,0.28279486298561096
2004-05-18,0.2730097770690918
2004-05-19,0.27479037642478943
2004-05-20,0.2724117934703827
2004-05-21,0.2693219780921936
2004-05-22,0.27699023485183716
2004-05-23,0.29135456681251526
2004-05-24,0.2731989324092865
2004-05-25,0.2845280170440674
2004-05-26,0.2796916961669922
2004-05-27,0.27356278896331787
2004-05-28,0.28362545371055603
2004-05-29,0.3306639790534973
2004-05-30,0.35039228200912476
2004-05-31,0.3693503439426422
2004-06-01,0.35512468218803406
2004-06-02,0.36018458008766174
2004-06-03,0.35960882902145386
2004-06-04,0.3521929979324341
2004-06-05,0.3706527054309845
2004-06-06,0.36341360211372375
2004-06-07,0.37198951840400696
2004-06-08,0.3804265856742859
2004-06-09,0.369284451007843
2004-06-10,0.3652355968952179
2004-06-11,0.34750062227249146
2004-06-12,0.36458930373191833
2004-06-13,0.3571698069572449
2004-06-14,0.3763308823108673
2004-06-15,0.3767385482788086
2004-06-16,0.3716198801994324
2004-06-17,0.3714144229888916
2004-06-18,0.3476136326789856
2004-06-19,0.3536534607410431
2004-06-20,0.3470735251903534
2004-06-21,0.3439503312110901
2004-06-22,0.3443663716316223
2004-06-23,0.3246651589870453
2004-06-24,0.3250814378261566
2004-06-25,0.3162497878074646
2004-06-26,0.3140673339366913
2004-06-27,0.29397451877593994
2004-06-28,0.3033442199230194
2004-06-29,0.3080271780490875
2004-06-30,0.3071570098400116
2004-07-01,0.3048081398010254
2004-07-02,0.30004507303237915
2004-07-03,0.30330026149749756
2004-07-04,0.3049452304840088
2004-07-05,0.3095645308494568
2004-07-06,0.30917584896087646
2004-07-07,0.3083862364292145
2004-07-08,0.309233158826828
2004-07-09,0.30099985003471375
2004-07-10,0.3084949254989624
2004-07-11,0.3171382546424866
2004-07-12,0.3004026412963867
2004-07-13,0.3213655650615692
2004-07-14,0.3070791959762573
2004-07-15,0.3015385866165161
2004-07-16,0.2919106185436249
2004-07-17,0.30166637897491455
2004-07-18,0.3073860704898834
2004-07-19,0.3139946162700653
2004-07-20,0.31355857849121094
2004-07-21,0.3136627972126007
2004-07-22,0.30380940437316895
2004-07-23,0.297434002161026
2004-07-24,0.28842893242836
2004-07-25,0.2738902270793915
2004-07-26,0.27146583795547485
2004-07-27,0.2725342810153961
2004-07-28,0.2764786183834076
2004-07-29,0.2809251844882965
2004-07-30,0.2660183906555176
2004-07-31,0.24987557530403137
2004-08-01,0.23877699673175812
2004-08-02,0.23930026590824127
2004-08-03,0.23085367679595947
2004-08-04,0.23616258800029755
2004-08-05,0.2544825077056885
2004-08-06,0.24770231544971466
2004-08-07,0.23220230638980865
2004-08-08,0.22256025671958923
2004-08-09,0.2206905633211136
2004-08-10,0.21731707453727722
2004-08-11,0.22448104619979858
2004-08-12,0.22451944649219513
2004-08-13,0.20190082490444183
2004-08-14,0.20315884053707123
2004-08-15,0.21402357518672943
2004-08-16,0.19692778587341309
2004-08-17,0.19668816030025482
2004-08-18,0.20829153060913086
2004-08-19,0.20297256112098694
2004-08-20,0.19545847177505493
2004-08-21,0.16459228098392487
2004-08-22,0.16410590708255768
2004-08-23,0.16893436014652252
2004-08-24,0.15770688652992249
2004-08-25,0.16809624433517456
2004-08-26,0.17797258496284485
2004-08-27,0.16287685930728912
2004-08-28,0.1699848771095276
2004-08-29,0.17933133244514465
2004-08-30,0.18339835107326508
2004-08-31,0.1946786344051361
2004-09-01,0.1871272325515747
2004-09-02,0.19255299866199493
2004-09-03,0.19172486662864685
2004-09-04,0.1972440928220749
2004-09-05,0.19741018116474152
2004-09-06,0.2031485140323639
2004-09-07,0.20777329802513123
2004-09-08,0.21006889641284943
2004-09-09,0.21213948726654053
2004-09-10,0.20957043766975403
2004-09-11,0.19252070784568787
2004-09-12,0.20067618787288666
2004-09-13,0.20223189890384674
2004-09-14,0.2034509927034378
2004-09-15,0.1985531747341156
2004-09-16,0.19560644030570984
2004-09-17,0.1920698583126068
2004-09-18,0.20426946878433228
2004-09-19,0.19705988466739655
2004-09-20,0.2086123377084732
2004-09-21,0.21054333448410034
2004-09-22,0.23084324598312378
2004-09-23,0.21988306939601898
2004-09-24,0.20515698194503784
2004-09-25,0.18673396110534668
2004-09-26,0.18385368585586548
2004-09-27,0.18618935346603394
2004-09-28,0.17750504612922668
2004-09-29,0.16618488729000092
2004-09-30,0.17160017788410187
2004-10-01,0.16174252331256866
2004-10-02,0.1628568321466446
2004-10-03,0.16683079302310944
2004-10-04,0.1554107815027237
2004-10-05,0.14969325065612793
2004-10-06,0.1568785309791565
2004-10-07,0.14829398691654205
2004-10-08,0.1391032338142395
2004-10-09,0.12739892303943634
2004-10-10,0.1413916051387787
2004-10-11,0.15183192491531372
2004-10-12,0.16109788417816162
2004-10-13,0.16471244394779205
2004-10-14,0.16748039424419403
2004-10-15,0.1527152955532074
2004-10-16,0.1558717042207718
2004-10-17,0.16765308380126953
2004-10-18,0.16848625242710114
2004-10-19,0.16642777621746063
2004-10-20,0.16151733696460724
2004-10-21,0.16578374803066254
2004-10-22,0.15921224653720856
2004-10-23,0.1602286994457245
2004-10-24,0.16985106468200684
2004-10-25,0.1701154261827469
2004-10-26,0.1588774174451828
2004-10-27,0.14544354379177094
2004-10-28,0.14054830372333527
2004-10-29,0.1379615068435669
2004-10-30,0.1652001142501831
2004-10-31,0.18281616270542145
2004-11-01,0.18008551001548767
2004-11-02,0.18196554481983185
2004-11-03,0.1868995726108551
2004-11-04,0.18775294721126556
2004-11-05,0.2100897878408432
2004-11-06,0.2156197875738144
2004-11-07,0.2295256406068802
2004-11-08,0.2344653606414795
2004-11-09,0.22797273099422455
2004-11-10,0.2240973263978958
2004-11-11,0.2357139140367508
2004-11-12,0.23389965295791626
2004-11-13,0.24048320949077606
2004-11-14,0.23818156123161316
2004-11-15,0.2402382642030716
2004-11-16,0.22599036991596222
2004-11-17,0.22939874231815338
2004-11-18,0.2225753366947174
2004-11-19,0.20242777466773987
2004-11-20,0.1993502527475357
2004-11-21,0.19540700316429138
2004-11-22,0.19865037500858307
2004-11-23,0.18767085671424866
2004-11-24,0.1875852346420288
2004-11-25,0.1871415227651596
2004-11-26,0.20027919113636017
2004-11-27,0.1938394457101822
2004-11-28,0.19589632749557495
2004-11-29,0.20873090624809265
2004-11-30,0.22146178781986237
2004-12-01,0.22448496520519257
2004-12-02,0.2215048372745514
2004-12-03,0.2278294861316681
2004-12-04,0.22846736013889313
2004-12-05,0.22853058576583862
2004-12-06,0.2426413744688034
2004-12-07,0.23950737714767456
2004-12-08,0.23687370121479034
2004-12-09,0.23037105798721313
2004-12-10,0.22338856756687164
2004-12-11,0.2596655786037445
2004-12-12,0.2522375285625458
2004-12-13,0.2595686912536621
2004-12-14,0.27130070328712463
2004-12-15,0.26899388432502747
2004-12-16,0.264904648065567
2004-12-17,0.26800721883773804
2004-12-18,0.2610148787498474
2004-12-19,0.26935258507728577
2004-12-20,0.2803499698638916
2004-12-21,0.2786630094051361
2004-12-22,0.2803635895252228
2004-12-23,0.2872372269630432
2004-12-24,0.29115042090415955
2004-12-25,0.2997530996799469
2004-12-26,0.3022562861442566
2004-12-27,0.29860734939575195
2004-12-28,0.30843257904052734
2004-12-29,0.3265672028064728
2004-12-30,0.33317992091178894
2004-12-31,0.32257944345474243
2005-01-01,0.34632545709609985
2005-01-02,0.353993684053421
2005-01-03,0.35409480333328247
2005-01-04,0.3534534275531769
2005-01-05,0.35936155915260315
2005-01-06,0.35557371377944946
2005-01-07,0.36125966906547546
2005-01-08,0.37041130661964417
2005-01-09,0.36476126313209534
2005-01-10,0.36334720253944397
2005-01-11,0.3547811210155487
2005-01-12,0.3497196137905121
2005-01-13,0.3341064453125
2005-01-14,0.32596293091773987
2005-01-15,0.32225069403648376
2005-01-16,0.317009299993515
2005-01-17,0.31831076741218567
2005-01-18,0.3207515478134155
2005-01-19,0.3282935619354248
2005-01-20,0.3308141827583313
2005-01-21,0.32247912883758545
2005-01-22,0.341503769159317
2005-01-23,0.3347495496273041
2005-01-24,0.3528725802898407
2005-01-25,0.3488776981830597
2005-01-26,0.33018964529037476
2005-01-27,0.3166162669658661
2005-01-28,0.3128701448440552
2005-01-29,0.32558122277259827
2005-01-30,0.34239986538887024
2005-01-31,0.34400850534439087
2005-02-01,0.35873478651046753
2005-02-02,0.3568558096885681
2005-02-03,0.35736483335494995
2005-02-04,0.36357173323631287
2005-02-05,0.35541051626205444
2005-02-06,0.36837702989578247
2005-02-07,0.3582444190979004
2005-02-08,0.3384045362472534
2005-02-09,0.3284388482570648
2005-02-10,0.32198336720466614
2005-02-11,0.31049707531929016
2005-02-12,0.30024656653404236
2005-02-13,0.29918372631073
2005-02-14,0.3036145269870758
2005-02-15,0.2948026955127716
2005-02-16,0.3140585124492645
2005-02-17,0.3226158022880554
2005-02-18,0.3050268888473511
2005-02-19,0.309713214635849
2005-02-20,0.3097538948059082
2005-02-21,0.3217170834541321
2005-02-22,0.3294241428375244
2005-02-23,0.32319340109825134
2005-02-24,0.3226739764213562
2005-02-25,0.30675721168518066
2005-02-26,0.3457354009151459
2005-02-27,0.35299745202064514
2005-02-28,0.360710471868515
2005-03-01,0.345795601606369
2005-03-02,0.33614417910575867
2005-03-03,0.32515066862106323
2005-03-04,0.3276040256023407
2005-03-05,0.3323833644390106
2005-03-06,0.33309873938560486
2005-03-07,0.3197987675666809
2005-03-08,0.32171544432640076
2005-03-09,0.3149702548980713
2005-03-10,0.31251904368400574
2005-03-11,0.2948252558708191
2005-03-12,0.26947709918022156
2005-03-13,0.2701796591281891
2005-03-14,0.26812177896499634
2005-03-15,0.2528277635574341
2005-03-16,0.2461405098438263
2005-03-17,0.23154011368751526
2005-03-18,0.2356322705745697
2005-03-19,0.23399680852890015
2005-03-20,0.23007947206497192
2005-03-21,0.2404654622077942
2005-03-22,0.23761020600795746
2005-03-23,0.22935739159584045
2005-03-24,0.22995315492153168
2005-03-25,0.24898968636989594
2005-03-26,0.2568109333515167
2005-03-27,0.26113614439964294
2005-03-28,0.24974817037582397
2005-03-29,0.2371656745672226
2005-03-30,0.22992990911006927
2005-03-31,0.231872096657753
2005-04-01,0.2253105193376541
2005-04-02,0.22297732532024384
2005-04-03,0.20619718730449677
2005-04-04,0.21881744265556335
2005-04-05,0.20300540328025818
2005-04-06,0.1808149516582489
2005-04-07,0.17168843746185303
2005-04-08,0.1644880324602127
2005-04-09,0.15217657387256622
2005-04-10,0.16845174133777618
2005-04-11,0.1591225415468216
2005-04-12,0.14673085510730743
2005-04-13,0.1401379108428955
2005-04-14,0.13430342078208923
2005-04-15,0.1315961331129074
2005-04-16,0.13865360617637634
2005-04-17,0.15505406260490417
2005-04-18,0.15480495989322662
2005-04-19,0.15588250756263733
2005-04-20,0.16312406957149506
2005-04-21,0.17229455709457397
2005-04-22,0.1578584760427475
2005-04-23,0.15254345536231995
2005-04-24,0.1580876111984253
2005-04-25,0.14581285417079926
2005-04-26,0.1595364362001419
2005-04-27,0.167096346616745
2005-04-28,0.16764892637729645
2005-04-29,0.14915898442268372
2005-04-30,0.1663055121898651
2005-05-01,0.15456892549991608
2005-05-02,0.16053569316864014
2005-05-03,0.16276238858699799
2005-05-04,0.1660085767507553
2005-05-05,0.17021918296813965
2005-05-06,0.18186399340629578
2005-05-07,0.19404706358909607
2005-05-08,0.20562118291854858
2005-05-09,0.20804868638515472
2005-05-10,0.2044690102338791
2005-05-11,0.20400559902191162
2005-05-12,0.19683222472667694
2005-05-13,0.19260455667972565
2005-05-14,0.19903413951396942
2005-05-15,0.20224697887897491
2005-05-16,0.2146073579788208
2005-05-17,0.2099471092224121
2005-05-18,0.217855766415596
2005-05-19,0.2244742065668106
2005-05-20,0.2193554788827896
2005-05-21,0.2245115488767624
2005-05-22,0.2334762066602707
2005-05-23,0.23969043791294098
2005-05-24,0.2205566018819809
2005-05-25,0.2155386060476303
2005-05-26,0.22188769280910492
2005-05-27,0.22028283774852753
2005-05-28,0.23436588048934937
2005-05-29,0.23855037987232208
2005-05-30,0.23571883141994476
2005-05-31,0.22444964945316315
2005-06-01,0.20198632776737213
2005-06-02,0.2096812129020691
2005-06-03,0.20828060805797577
2005-06-04,0.20884160697460175
2005-06-05,0.20303522050380707
2005-06-06,0.1903543919324875
2005-06-07,0.18484605848789215
2005-06-08,0.1855664998292923
2005-06-09,0.19178470969200134
2005-06-10,0.1904454529285431
2005-06-11,0.18571576476097107
2005-06-12,0.18387390673160553
2005-06-13,0.1820041984319687
2005-06-14,0.18286755681037903
2005-06-15,0.18485502898693085
2005-06-16,0.17948362231254578
2005-06-17,0.17394527792930603
2005-06-18,0.19436362385749817
2005-06-19,0.19030675292015076
2005-06-20,0.1982804536819458
2005-06-21,0.184931218624115
2005-06-22,0.19769372045993805
2005-06-23,0.2160867601633072
2005-06-24,0.204705148935318
2005-06-25,0.19735944271087646
2005-06-26,0.21102337539196014
2005-06-27,0.2185039222240448
2005-06-28,0.19673585891723633
2005-06-29,0.19358712434768677
2005-06-30,0.18615441024303436
2005-07-01,0.19169670343399048
2005-07-02,0.19596892595291138
2005-07-03,0.18107864260673523
2005-07-04,0.20628656446933746
2005-07-05,0.21553193032741547
2005-07-06,0.21826957166194916
2005-07-07,0.21564695239067078
2005-07-08,0.21567542850971222
2005-07-09,0.21440920233726501
2005-07-10,0.22531500458717346
2005-07-11,0.21057508885860443
2005-07-12,0.21005171537399292
2005-07-13,0.21198557317256927
2005-07-14,0.21673966944217682
2005-07-15,0.2203216254711151
2005-07-16,0.22569669783115387
2005-07-17,0.22050337493419647
2005-07-18,0.22012408077716827
2005-07-19,0.219298854470253
2005-07-20,0.2274150550365448
2005-07-21,0.24501019716262817
2005-07-22,0.24240189790725708
2005-07-23,0.2540522515773773
2005-07-24,0.2621155083179474
2005-07-25,0.25602301955223083
2005-07-26,0.25497084856033325
2005-07-27,0.25326013565063477
2005-07-28,0.2662244439125061
2005-07-29,0.27341002225875854
2005-07-30,0.28200095891952515
2005-07-31,0.27732664346694946
2005-08-01,0.2939193844795227
2005-08-02,0.2877773642539978
2005-08-03,0.29248204827308655
2005-08-04,0.2918117046356201
2005-08-05,0.3015372157096863
2005-08-06,0.3424486815929413
2005-08-07,0.3409016728401184
2005-08-08,0.3551313281059265
2005-08-09,0.35738104581832886
2005-08-10,0.35632383823394775
2005-08-11,0.3537435531616211
2005-08-12,0.3386154770851135
2005-08-13,0.34370991587638855
2005-08-14,0.3360925018787384
2005-08-15,0.3400229215621948
2005-08-16,0.33805760741233826
2005-08-17,0.33120501041412354
2005-08-18,0.34189674258232117
2005-08-19,0.336105614900589
2005-08-20,0.3232613801956177
2005-08-21,0.32519954442977905
2005-08-22,0.33279651403427124
2005-08-23,0.32896730303764343
2005-08-24,0.32683059573173523
2005-08-25,0.3252686858177185
2005-08-26,0.3211842179298401
2005-08-27,0.3120722770690918
2005-08-28,0.2945720851421356
2005-08-29,0.28160718083381653
2005-08-30,0.23361647129058838
2005-08-31,0.213104248046875
2005-09-01,0.19928672909736633
2005-09-02,0.20078639686107635
2005-09-03,0.19274792075157166
2005-09-04,0.17619037628173828
2005-09-05,0.18152649700641632
2005-09-06,0.1531192511320114
2005-09-07,0.13363218307495117
2005-09-08,0.11510489135980606
2005-09-09,0.08704143762588501
2005-09-10,0.0833614245057106
2005-09-11,0.07753410935401917
2005-09-12,0.06611647456884384
2005-09-13,0.06353519856929779
2005-09-14,0.06556765735149384
2005-09-15,0.06632119417190552
2005-09-16,0.05722200497984886
2005-09-17,0.04848463088274002
2005-09-18,0.047143783420324326
2005-09-19,0.0693935751914978
2005-09-20,0.06448870897293091
2005-09-21,0.05738605558872223
2005-09-22,0.053837571293115616
2005-09-23,0.05233488604426384
2005-09-24,0.05968927964568138
2005-09-25,0.07612051069736481
2005-09-26,0.0931980162858963
2005-09-27,0.09170595556497574
2005-09-28,0.09914617240428925
2005-09-29,0.10541335493326187
2005-09-30,0.09490253776311874
2005-10-01,0.08713148534297943
2005-10-02,0.07611778378486633
2005-10-03,0.0758897140622139
2005-10-04,0.07974399626255035
2005-10-05,0.0809708759188652
2005-10-06,0.07342375069856644
2005-10-07,0.05569557845592499
2005-10-08,0.05152813345193863
2005-10-09,0.0724044218659401
2005-10-10,0.0804445669054985
2005-10-11,0.07706452906131744
2005-10-12,0.09137800335884094
2005-10-13,0.09331900626420975
2005-10-14,0.08762598037719727
2005-10-15,0.06489362567663193
2005-10-16,0.08376245945692062
2005-10-17,0.08045990020036697
2005-10-18,0.08084927499294281
2005-10-19,0.08212248980998993
2005-10-20,0.084615059196949
2005-10-21,0.08659325540065765
2005-10-22,0.10791900753974915
2005-10-23,0.12197751551866531
2005-10-24,0.12282318621873856
2005-10-25,0.13215550780296326
2005-10-26,0.14109599590301514
2005-10-27,0.15459616482257843
2005-10-28,0.15389804542064667
2005-10-29,0.16463406383991241
2005-10-30,0.1755145639181137
2005-10-31,0.16978999972343445
2005-11-01,0.18385744094848633
2005-11-02,0.19219635426998138
2005-11-03,0.19633828103542328
2005-11-04,0.21201194822788239
2005-11-05,0.22543063759803772
2005-11-06,0.2251122146844864
2005-11-07,0.22883906960487366
2005-11-08,0.21253666281700134
2005-11-09,0.21315160393714905
2005-11-10,0.21392585337162018
2005-11-11,0.20081456005573273
2005-11-12,0.2093503773212433
2005-11-13,0.21796207129955292
2005-11-14,0.24194273352622986
2005-11-15,0.23793630301952362
2005-11-16,0.25034669041633606
2005-11-17,0.25028133392333984
2005-11-18,0.24183443188667297
2005-11-19,0.23406478762626648
2005-11-20,0.23119086027145386
2005-11-21,0.2524903416633606
2005-11-22,0.2757803201675415
2005-11-23,0.2729000151157379
2005-11-24,0.2744826674461365
2005-11-25,0.2921958267688751
2005-11-26,0.2962377667427063
2005-11-27,0.2983573377132416
2005-11-28,0.3006554841995239
2005-11-29,0.3145335018634796
2005-11-30,0.3067772388458252
2005-12-01,0.31387048959732056
2005-12-02,0.3154389560222626
2005-12-03,0.3144718408584595
2005-12-04,0.3158358931541443
2005-12-05,0.32581576704978943
2005-12-06,0.32050254940986633
2005-12-07,0.31814324855804443
2005-12-08,0.3218216598033905
2005-12-09,0.3167516887187958
2005-12-10,0.3257904350757599
2005-12-11,0.336497962474823
2005-12-12,0.33080634474754333
2005-12-13,0.3242698013782501
2005-12-14,0.31817683577537537
2005-12-15,0.30621472001075745
2005-12-16,0.31902414560317993
2005-12-17,0.30988338589668274
2005-12-18,0.31312069296836853
2005-12-19,0.30500489473342896
2005-12-20,0.2974112629890442
2005-12-21,0.2999383509159088
2005-12-22,0.29772359132766724
2005-12-23,0.31372570991516113
2005-12-24,0.3484426736831665
2005-12-25,0.3820655643939972
2005-12-26,0.3853221833705902
2005-12-27,0.4066714942455292
2005-12-28,0.3942181468009949
2005-12-29,0.39238283038139343
2005-12-30,0.39327389001846313
2005-12-31,0.3815643787384033
2006-01-01,0.37974855303764343
2006-01-02,0.3884831666946411
2006-01-03,0.3887944221496582
2006-01-04,0.3852561414241791
2006-01-05,0.37907087802886963
2006-01-06,0.3859708905220032
2006-01-07,0.39971014857292175
2006-01-08,0.3931553065776825
2006-01-09,0.39294013381004333
2006-01-10,0.39429160952568054
2006-01-11,0.38042595982551575
2006-01-12,0.38532736897468567
2006-01-13,0.3711874783039093
2006-01-14,0.3726477324962616
2006-01-15,0.3844139277935028
2006-01-16,0.4012616276741028
2006-01-17,0.40177014470100403
2006-01-18,0.4118075668811798
2006-01-19,0.4081294536590576
2006-01-20,0.3989626169204712
2006-01-21,0.4097251892089844
2006-01-22,0.4019278883934021
2006-01-23,0.41883641481399536
2006-01-24,0.4049791693687439
2006-01-25,0.39852175116539
2006-01-26,0.3734053671360016
2006-01-27,0.35670748353004456
2006-01-28,0.35549548268318176
2006-01-29,0.3563118875026703
2006-01-30,0.3461553752422333
2006-01-31,0.34370502829551697
2006-02-01,0.34551844000816345
2006-02-02,0.3480931520462036
2006-02-03,0.3431386649608612
2006-02-04,0.34058505296707153
2006-02-05,0.35153093934059143
2006-02-06,0.34855860471725464
2006-02-07,0.33496081829071045
2006-02-08,0.3226606845855713
2006-02-09,0.32730191946029663
2006-02-10,0.32724708318710327
2006-02-11,0.31402549147605896
2006-02-12,0.32636144757270813
2006-02-13,0.33788001537323
2006-02-14,0.3140060007572174
2006-02-15,0.30712705850601196
2006-02-16,0.30133309960365295
2006-02-17,0.30942532420158386
2006-02-18,0.29788485169410706
2006-02-19,0.31039324402809143
2006-02-20,0.30791032314300537
2006-02-21,0.2975226044654846
2006-02-22,0.3036629259586334
2006-02-23,0.2950380742549896
2006-02-24,0.27452996373176575
2006-02-25,0.2690548896789551
2006-02-26,0.2676614820957184
2006-02-27,0.26286593079566956
2006-02-28,0.2647132873535156
2006-03-01,0.2608693242073059
2006-03-02,0.2760802209377289
2006-03-03,0.27281108498573303
2006-03-04,0.2863968312740326
2006-03-05,0.29065296053886414
2006-03-06,0.3064832389354706
2006-03-07,0.3001137971878052
2006-03-08,0.29471248388290405
2006-03-09,0.29038792848587036
2006-03-10,0.28111669421195984
2006-03-11,0.2930021286010742
2006-03-12,0.3067496120929718
2006-03-13,0.29583069682121277
2006-03-14,0.2906736731529236
2006-03-15,0.28270426392555237
2006-03-16,0.27448755502700806
2006-03-17,0.26467928290367126
2006-03-18,0.2684255838394165
2006-03-19,0.2823755145072937
2006-03-20,0.26558539271354675
2006-03-21,0.26301339268684387
2006-03-22,0.25848808884620667
2006-03-23,0.26086002588272095
2006-03-24,0.2573676109313965
2006-03-25,0.25712063908576965
2006-03-26,0.2870675325393677
2006-03-27,0.2767936885356903
2006-03-28,0.2665022611618042
2006-03-29,0.28420746326446533
2006-03-30,0.2872603237628937
2006-03-31,0.2611851096153259
2006-04-01,0.2644658088684082
2006-04-02,0.27368277311325073
2006-04-03,0.27324172854423523
2006-04-04,0.27132222056388855
2006-04-05,0.27208295464515686
2006-04-06,0.2905347943305969
2006-04-07,0.27902451157569885
2006-04-08,0.28795334696769714
2006-04-09,0.2840398848056793
2006-04-10,0.27059221267700195
2006-04-11,0.2703591287136078
2006-04-12,0.2684135138988495
2006-04-13,0.251871258020401
2006-04-14,0.24216024577617645
2006-04-15,0.2521785795688629
2006-04-16,0.2583101689815521
2006-04-17,0.274140328168869
2006-04-18,0.28154513239860535
2006-04-19,0.2772083580493927
2006-04-20,0.2663765549659729
2006-04-21,0.2653873860836029
2006-04-22,0.26262468099594116
2006-04-23,0.2685214579105377
2006-04-24,0.2458994835615158
2006-04-25,0.2364789992570877
2006-04-26,0.2501319944858551
2006-04-27,0.25270456075668335
2006-04-28,0.2494959831237793
2006-04-29,0.23983772099018097
2006-04-30,0.24248768389225006
2006-05-01,0.2497619390487671
2006-05-02,0.2571221590042114
2006-05-03,0.2560628652572632
2006-05-04,0.25981980562210083
2006-05-05,0.27458882331848145
2006-05-06,0.2832880914211273
2006-05-07,0.30637088418006897
2006-05-08,0.3177141547203064
2006-05-09,0.3115846514701843
2006-05-10,0.3051965832710266
2006-05-11,0.30899766087532043
2006-05-12,0.3090076148509979
2006-05-13,0.303058922290802
2006-05-14,0.31335684657096863
2006-05-15,0.3254369795322418
2006-05-16,0.31371843814849854
2006-05-17,0.3032172620296478
2006-05-18,0.2930510342121124
2006-05-19,0.2824724018573761
2006-05-20,0.2966442108154297
2006-05-21,0.3010696768760681
2006-05-22,0.3013584017753601
2006-05-23,0.28903093934059143
2006-05-24,0.2702640891075134
2006-05-25,0.26292774081230164
2006-05-26,0.2719728648662567
2006-05-27,0.2828005850315094
2006-05-28,0.28717416524887085
2006-05-29,0.2939285635948181
2006-05-30,0.2798933684825897
2006-05-31,0.27991214394569397
2006-06-01,0.2860530614852905
2006-06-02,0.28334879875183105
2006-06-03,0.2639564275741577
2006-06-04,0.2839718461036682
2006-06-05,0.2762700021266937
2006-06-06,0.2684546411037445
2006-06-07,0.2678627371788025
2006-06-08,0.2626989781856537
2006-06-09,0.246979221701622
2006-06-10,0.23218582570552826
2006-06-11,0.21344248950481415
2006-06-12,0.20039275288581848
2006-06-13,0.2054440826177597
2006-06-14,0.19725202023983002
2006-06-15,0.193777397274971
2006-06-16,0.18881456553936005
2006-06-17,0.1807461529970169
2006-06-18,0.18425995111465454
2006-06-19,0.20786820352077484
2006-06-20,0.20116916298866272
2006-06-21,0.2106429934501648
2006-06-22,0.21723315119743347
2006-06-23,0.2196609228849411
2006-06-24,0.2126392275094986
2006-06-25,0.23923787474632263
2006-06-26,0.2572503089904785
2006-06-27,0.24912706017494202
2006-06-28,0.2438855916261673
2006-06-29,0.24630500376224518
2006-06-30,0.25004059076309204
2006-07-01,0.24436770379543304
2006-07-02,0.23967795073986053
2006-07-03,0.23933199048042297
2006-07-04,0.21559549868106842
2006-07-05,0.21405360102653503
2006-07-06,0.2135183960199356
2006-07-07,0.21901829540729523
2006-07-08,0.2212258279323578
2006-07-09,0.2185799926519394
2006-07-10,0.22239568829536438
2006-07-11,0.22416159510612488
2006-07-12,0.2143452912569046
2006-07-13,0.20614713430404663
2006-07-14,0.20187485218048096
2006-07-15,0.195999875664711
2006-07-16,0.20799551904201508
2006-07-17,0.19776588678359985
2006-07-18,0.2055845409631729
2006-07-19,0.21556970477104187
2006-07-20,0.20601344108581543
2006-07-21,0.19836825132369995
2006-07-22,0.18548865616321564
2006-07-23,0.19578775763511658
2006-07-24,0.18410730361938477
2006-07-25,0.16555249691009521
2006-07-26,0.16221432387828827
2006-07-27,0.15522129833698273
2006-07-28,0.1528814285993576
2006-07-29,0.17035484313964844
2006-07-30,0.18292778730392456
2006-07-31,0.16327565908432007
2006-08-01,0.17012540996074677
2006-08-02,0.1645957976579666
2006-08-03,0.17771731317043304
2006-08-04,0.18085257709026337
2006-08-05,0.17214010655879974
2006-08-06,0.18144188821315765
2006-08-07,0.1982935220003128
2006-08-08,0.19039125740528107
2006-08-09,0.19936122000217438
2006-08-10,0.2061217725276947
2006-08-11,0.17366553843021393
2006-08-12,0.18336179852485657
2006-08-13,0.1836114078760147
2006-08-14,0.16944807767868042
2006-08-15,0.18029853701591492
2006-08-16,0.1837761104106903
2006-08-17,0.19547192752361298
2006-08-18,0.17983216047286987
2006-08-19,0.17595605552196503
2006-08-20,0.20144261419773102
2006-08-21,0.19157366454601288
2006-08-22,0.1726355105638504
2006-08-23,0.16757459938526154
2006-08-24,0.17075945436954498
2006-08-25,0.17238828539848328
2006-08-26,0.16479834914207458
2006-08-27,0.15500839054584503
2006-08-28,0.14175331592559814
2006-08-29,0.11782924085855484
2006-08-30,0.11505886167287827
2006-08-31,0.14187705516815186
2006-09-01,0.15172256529331207
2006-09-02,0.1542118638753891
2006-09-03,0.15408998727798462
2006-09-04,0.1810394525527954
2006-09-05,0.197903111577034
2006-09-06,0.20991599559783936
2006-09-07,0.21525335311889648
2006-09-08,0.202872171998024
2006-09-09,0.1871425211429596
2006-09-10,0.19311799108982086
2006-09-11,0.18821462988853455
2006-09-12,0.17857545614242554
2006-09-13,0.16613009572029114
2006-09-14,0.1511213779449463
2006-09-15,0.13329730927944183
2006-09-16,0.14282023906707764
2006-09-17,0.14698989689350128
2006-09-18,0.14912956953048706
2006-09-19,0.15172705054283142
2006-09-20,0.12143001705408096
2006-09-21,0.12700121104717255
2006-09-22,0.12320718914270401
2006-09-23,0.12142761051654816
2006-09-24,0.1408032327890396
2006-09-25,0.12436177581548691
2006-09-26,0.11231642961502075
2006-09-27,0.12018071860074997
2006-09-28,0.11483386904001236
2006-09-29,0.1289346069097519
2006-09-30,0.12048041820526123
2006-10-01,0.12531901895999908
2006-10-02,0.12704604864120483
2006-10-03,0.12583878636360168
2006-10-04,0.1232159286737442
2006-10-05,0.12646900117397308
2006-10-06,0.12797954678535461
2006-10-07,0.13954037427902222
2006-10-08,0.17032822966575623
2006-10-09,0.16671599447727203
2006-10-10,0.20091432332992554
2006-10-11,0.21273674070835114
2006-10-12,0.20831164717674255
2006-10-13,0.1935575306415558
2006-10-14,0.20710454881191254
2006-10-15,0.22072848677635193
2006-10-16,0.22971557080745697
2006-10-17,0.23154103755950928
2006-10-18,0.2199261486530304
2006-10-19,0.22260820865631104
2006-10-20,0.2396164834499359
2006-10-21,0.26111429929733276
2006-10-22,0.2623377740383148
2006-10-23,0.250044047832489
2006-10-24,0.24527591466903687
2006-10-25,0.24864889681339264
2006-10-26,0.25447091460227966
2006-10-27,0.24525173008441925
2006-10-28,0.24227915704250336
2006-10-29,0.23688381910324097
2006-10-30,0.21253405511379242
2006-10-31,0.22775952517986298
2006-11-01,0.23675796389579773
2006-11-02,0.23493137955665588
2006-11-03,0.24314464628696442
2006-11-04,0.21013234555721283
2006-11-05,0.20579302310943604
2006-11-06,0.1989893764257431
2006-11-07,0.2045656144618988
2006-11-08,0.21241675317287445
2006-11-09,0.21736106276512146
2006-11-10,0.22554460167884827
2006-11-11,0.2207474410533905
2006-11-12,0.24336157739162445
2006-11-13,0.24661754071712494
2006-11-14,0.2573091983795166
2006-11-15,0.25906434655189514
2006-11-16,0.2601930499076843
2006-11-17,0.2557823359966278
2006-11-18,0.2632829546928406
2006-11-19,0.28978922963142395
2006-11-20,0.30689626932144165
2006-11-21,0.30667567253112793
2006-11-22,0.2973075807094574
2006-11-23,0.2875027358531952
2006-11-24,0.2661551833152771
2006-11-25,0.2387649416923523
2006-11-26,0.26459771394729614
2006-11-27,0.25652414560317993
2006-11-28,0.26472151279449463
2006-11-29,0.2591075897216797
2006-11-30,0.27597466111183167
2006-12-01,0.2659054100513458
2006-12-02,0.2430827021598816
2006-12-03,0.2527695894241333
2006-12-04,0.24468964338302612
2006-12-05,0.2546820640563965
2006-12-06,0.2510243356227875
2006-12-07,0.24481594562530518
2006-12-08,0.23888376355171204
2006-12-09,0.23139703273773193
2006-12-10,0.24422767758369446
2006-12-11,0.248546302318573
2006-12-12,0.2366969734430313
2006-12-13,0.22695563733577728
2006-12-14,0.23571957647800446
2006-12-15,0.24391530454158783
2006-12-16,0.25731346011161804
2006-12-17,0.2781490981578827
2006-12-18,0.2707640528678894
2006-12-19,0.26044154167175293
2006-12-20,0.2520863711833954
2006-12-21,0.24834394454956055
2006-12-22,0.22701440751552582
2006-12-23,0.24768976867198944
2006-12-24,0.2337687611579895
2006-12-25,0.28184881806373596
2006-12-26,0.27715638279914856
2006-12-27,0.27299317717552185
2006-12-28,0.26777383685112
2006-12-29,0.2786581516265869
2006-12-30,0.29511478543281555
2006-12-31,0.28967049717903137
2007-01-01,0.29434919357299805
2007-01-02,0.2943727970123291
2007-01-03,0.30079731345176697
2007-01-04,0.29034361243247986
2007-01-05,0.2854376435279846
2007-01-06,0.2836831510066986
2007-01-07,0.2921062707901001
2007-01-08,0.2891891896724701
2007-01-09,0.2940467298030853
2007-01-10,0.2883283197879791
2007-01-11,0.28105276823043823
2007-01-12,0.2913258969783783
2007-01-13,0.30193647742271423
2007-01-14,0.3024190664291382
2007-01-15,0.266874760389328
2007-01-16,0.286435067653656
2007-01-17,0.28387919068336487
2007-01-18,0.28845739364624023
2007-01-19,0.26569077372550964
2007-01-20,0.27677980065345764
2007-01-21,0.28989773988723755
2007-01-22,0.29494529962539673
2007-01-23,0.2985639274120331
2007-01-24,0.29744529724121094
2007-01-25,0.2912796437740326
2007-01-26,0.2878974974155426
2007-01-27,0.2835381329059601
2007-01-28,0.287880003452301
2007-01-29,0.29323774576187134
2007-01-30,0.28700849413871765
2007-01-31,0.2935401499271393
2007-02-01,0.30614903569221497
2007-02-02,0.29099953174591064
2007-02-03,0.2934165894985199
2007-02-04,0.29589396715164185
2007-02-05,0.2897210717201233
2007-02-06,0.28166332840919495
2007-02-07,0.29498186707496643
2007-02-08,0.30523866415023804
2007-02-09,0.28896892070770264
2007-02-10,0.29044169187545776
2007-02-11,0.2936103045940399
2007-02-12,0.3095359206199646
2007-02-13,0.30360519886016846
2007-02-14,0.29673081636428833
2007-02-15,0.28791821002960205
2007-02-16,0.29045605659484863
2007-02-17,0.2770891487598419
2007-02-18,0.2782502770423889
2007-02-19,0.2874497175216675
2007-02-20,0.285393089056015
2007-02-21,0.2875177562236786
2007-02-22,0.2886837124824524
2007-02-23,0.29215168952941895
2007-02-24,0.27957308292388916
2007-02-25,0.267714262008667
2007-02-26,0.25835201144218445
2007-02-27,0.25828659534454346
2007-02-28,0.24955448508262634
2007-03-01,0.24670712649822235
2007-03-02,0.23818497359752655
2007-03-03,0.23661790788173676
2007-03-04,0.2364671230316162
2007-03-05,0.2179485261440277
2007-03-06,0.2026398926973343
2007-03-07,0.18750342726707458
2007-03-08,0.19350311160087585
2007-03-09,0.18804067373275757
2007-03-10,0.17444375157356262
2007-03-11,0.17467379570007324
2007-03-12,0.165678933262825
2007-03-13,0.15601232647895813
2007-03-14,0.14393794536590576
2007-03-15,0.14495648443698883
2007-03-16,0.12047913670539856
2007-03-17,0.12058018893003464
2007-03-18,0.11972356587648392
2007-03-19,0.0990297943353653
2007-03-20,0.08801623433828354
2007-03-21,0.08298682421445847
2007-03-22,0.07920441776514053
2007-03-23,0.057771310210227966
2007-03-24,0.05490089952945709
2007-03-25,0.07206647098064423
2007-03-26,0.0803140252828598
2007-03-27,0.07339337468147278
2007-03-28,0.0810849592089653
2007-03-29,0.07701211422681808
2007-03-30,0.06591309607028961
2007-03-31,0.06844009459018707
2007-04-01,0.06914999336004257
2007-04-02,0.06126879155635834
2007-04-03,0.056160904467105865
2007-04-04,0.06680956482887268
2007-04-05,0.07014434784650803
2007-04-06,0.07491756975650787
2007-04-07,0.0782419815659523
2007-04-08,0.0907931849360466
2007-04-09,0.09582488238811493
2007-04-10,0.08036142587661743
2007-04-11,0.07953628152608871
2007-04-12,0.07040305435657501
2007-04-13,0.07040372490882874
2007-04-14,0.0840197280049324
2007-04-15,0.10240212082862854
2007-04-16,0.1257200539112091
2007-04-17,0.12390007823705673
2007-04-18,0.12440415471792221
2007-04-19,0.13372589647769928
2007-04-20,0.1108085960149765
2007-04-21,0.12463267892599106
2007-04-22,0.12629885971546173
2007-04-23,0.1490635871887207
2007-04-24,0.1391882300376892
2007-04-25,0.12800347805023193
2007-04-26,0.12786360085010529
2007-04-27,0.12417363375425339
2007-04-28,0.13337787985801697
2007-04-29,0.13394999504089355
2007-04-30,0.15312665700912476
2007-05-01,0.14274054765701294
2007-05-02,0.13072969019412994
2007-05-03,0.12367800623178482
2007-05-04,0.11876416951417923
2007-05-05,0.11548833549022675
2007-05-06,0.12498457729816437
2007-05-07,0.11941128224134445
2007-05-08,0.10722114145755768
2007-05-09,0.11465489864349365
2007-05-10,0.10856442153453827
2007-05-11,0.09627706557512283
2007-05-12,0.08527465909719467
2007-05-13,0.09999183565378189
2007-05-14,0.08906062692403793
2007-05-15,0.09894295781850815
2007-05-16,0.09927690774202347
2007-05-17,0.09805912524461746
2007-05-18,0.08515626192092896
2007-05-19,0.10014048963785172
2007-05-20,0.09241854399442673
2007-05-21,0.09837518632411957
2007-05-22,0.09474992007017136
2007-05-23,0.0899374857544899
2007-05-24,0.10223808139562607
2007-05-25,0.11015740782022476
2007-05-26,0.099378801882267
2007-05-27,0.10576759278774261
2007-05-28,0.11228381097316742
2007-05-29,0.10027799755334854
2007-05-30,0.12049321830272675
2007-05-31,0.12364054471254349
2007-06-01,0.12473835796117783
2007-06-02,0.14920532703399658
2007-06-03,0.14398938417434692
2007-06-04,0.12556590139865875
2007-06-05,0.12175710499286652
2007-06-06,0.112004354596138
2007-06-07,0.10584021359682083
2007-06-08,0.11029502749443054
2007-06-09,0.10523457825183868
2007-06-10,0.12437223643064499
2007-06-11,0.15379153192043304
2007-06-12,0.15012098848819733
2007-06-13,0.149543896317482
2007-06-14,0.15939390659332275
2007-06-15,0.1553007811307907
2007-06-16,0.16170740127563477
2007-06-17,0.16535063087940216
2007-06-18,0.15929120779037476
2007-06-19,0.1585204005241394
2007-06-20,0.1566246896982193
2007-06-21,0.1586471050977707
2007-06-22,0.15799324214458466
2007-06-23,0.16110758483409882
2007-06-24,0.1606806516647339
2007-06-25,0.133273184299469
2007-06-26,0.10705482214689255
2007-06-27,0.09105536341667175
2007-06-28,0.09936101734638214
2007-06-29,0.08555953949689865
2007-06-30,0.08059635013341904
2007-07-01,0.08507847785949707
2007-07-02,0.08408619463443756
2007-07-03,0.10018569976091385
2007-07-04,0.10085704922676086
2007-07-05,0.09864570200443268
2007-07-06,0.11240210384130478
2007-07-07,0.11853999644517899
2007-07-08,0.1292884349822998
2007-07-09,0.12142574042081833
2007-07-10,0.12463641911745071
2007-07-11,0.11431203037500381
2007-07-12,0.0970708355307579
2007-07-13,0.09837309271097183
2007-07-14,0.09842763841152191
2007-07-15,0.10139594972133636
2007-07-16,0.04666545242071152
2007-07-17,0.0469820462167263
2007-07-18,0.04639670252799988
2007-07-19,0.034380435943603516
2007-07-20,0.01607133075594902
2007-07-21,0.014871780760586262
2007-07-22,0.02506454475224018
2007-07-23,0.009099571034312248
2007-07-24,0.0015254146419465542
2007-07-25,0.01092088595032692
2007-07-26,0.016809919849038124
2007-07-27,0.014746335335075855
2007-07-28,0.026661181822419167
2007-07-29,0.03890378028154373
2007-07-30,0.030515171587467194
2007-07-31,0.03390411287546158
2007-08-01,0.07142546027898788
2007-08-02,0.06693890690803528
2007-08-03,0.05619017407298088
2007-08-04,0.043235525488853455
2007-08-05,0.048918839544057846
2007-08-06,0.03102477267384529
2007-08-07,0.005831452086567879
2007-08-08,0.009577451273798943
2007-08-09,0.012642443180084229
2007-08-10,0.0020938795059919357
2007-08-11,-0.015836302191019058
2007-08-12,-0.03387999162077904
2007-08-13,-0.035567756742239
2007-08-14,-0.05450530722737312
2007-08-15,-0.058117322623729706
2007-08-16,-0.05891675129532814
2007-08-17,-0.06365282833576202
2007-08-18,-0.08419110625982285
2007-08-19,-0.08338335901498795
2007-08-20,-0.08395634591579437
2007-08-21,-0.0894889160990715
2007-08-22,-0.0992143303155899
2007-08-23,-0.09120368212461472
2007-08-24,-0.08869364857673645
2007-08-25,-0.046251267194747925
2007-08-26,-0.05477225035429001
2007-08-27,-0.08678970485925674
2007-08-28,-0.09682527929544449
2007-08-29,-0.11858302354812622
2007-08-30,-0.10987196862697601
2007-08-31,-0.11052403599023819
2007-09-01,-0.11419849097728729
2007-09-02,-0.09795507043600082
2007-09-03,-0.0929216742515564
2007-09-04,-0.09834263473749161
2007-09-05,-0.11286142468452454
2007-09-06,-0.1166110411286354
2007-09-07,-0.1237952932715416
2007-09-08,-0.17203128337860107
2007-09-09,-0.16946667432785034
2007-09-10,-0.17451806366443634
2007-09-11,-0.19173067808151245
2007-09-12,-0.1942111998796463
2007-09-13,-0.20144851505756378
2007-09-14,-0.2058679759502411
2007-09-15,-0.22984679043293
2007-09-16,-0.22410987317562103
2007-09-17,-0.23401851952075958
2007-09-18,-0.229154571890831
2007-09-19,-0.22318147122859955
2007-09-20,-0.21906666457653046
2007-09-21,-0.22807088494300842
2007-09-22,-0.2112162560224533
2007-09-23,-0.2211778163909912
2007-09-24,-0.20650766789913177
2007-09-25,-0.2070688009262085
2007-09-26,-0.2050153911113739
2007-09-27,-0.18069732189178467
2007-09-28,-0.19429881870746613
2007-09-29,-0.1889999657869339
2007-09-30,-0.17449219524860382
2007-10-01,-0.18531906604766846
2007-10-02,-0.1940314918756485
2007-10-03,-0.17786557972431183
2007-10-04,-0.16114184260368347
2007-10-05,-0.1755063384771347
2007-10-06,-0.16512027382850647
2007-10-07,-0.14327017962932587
2007-10-08,-0.13436351716518402
2007-10-09,-0.11098311841487885
2007-10-10,-0.09080471098423004
2007-10-11,-0.09067468345165253
2007-10-12,-0.09138389676809311
2007-10-13,-0.08503527194261551
2007-10-14,-0.07685429602861404
2007-10-15,-0.07207359373569489
2007-10-16,-0.08700647205114365
2007-10-17,-0.10362505912780762
2007-10-18,-0.10822086781263351
2007-10-19,-0.11238037049770355
2007-10-20,-0.10001115500926971
2007-10-21,-0.10108478367328644
2007-10-22,-0.09598591923713684
2007-10-23,-0.08789198845624924
2007-10-24,-0.08847283571958542
2007-10-25,-0.09369751811027527
2007-10-26,-0.09021619707345963
2007-10-27,-0.1008731797337532
2007-10-28,-0.08989628404378891
2007-10-29,-0.07647202163934708
2007-10-30,-0.08632111549377441
2007-10-31,-0.08534511923789978
2007-11-01,-0.08722653239965439
2007-11-02,-0.09846644103527069
2007-11-03,-0.09418270736932755
2007-11-04,-0.09351082891225815
2007-11-05,-0.10197517275810242
2007-11-06,-0.11696680635213852
2007-11-07,-0.11429902911186218
2007-11-08,-0.10386449843645096
2007-11-09,-0.11426413059234619
2007-11-10,-0.12931092083454132
2007-11-11,-0.12009882926940918
2007-11-12,-0.10694636404514313
2007-11-13,-0.1147509515285492
2007-11-14,-0.12263672798871994
2007-11-15,-0.11689302325248718
2007-11-16,-0.1175713911652565
2007-11-17,-0.11558264493942261
2007-11-18,-0.0947176143527031
2007-11-19,-0.07730097323656082
2007-11-20,-0.06530855596065521
2007-11-21,-0.09570438414812088
2007-11-22,-0.0992547795176506
2007-11-23,-0.09753429889678955
2007-11-24,-0.08964461833238602
2007-11-25,-0.09417283535003662
2007-11-26,-0.07417924702167511
2007-11-27,-0.08577729761600494
2007-11-28,-0.10692059993743896
2007-11-29,-0.12523169815540314
2007-11-30,-0.12991055846214294
2007-12-01,-0.14423061907291412
2007-12-02,-0.14626416563987732
2007-12-03,-0.15903255343437195
2007-12-04,-0.16711780428886414
2007-12-05,-0.15995445847511292
2007-12-06,-0.15936245024204254
2007-12-07,-0.15692558884620667
2007-12-08,-0.14060339331626892
2007-12-09,-0.11650743335485458
2007-12-10,-0.11291186511516571
2007-12-11,-0.11018975079059601
2007-12-12,-0.121046282351017
2007-12-13,-0.12989972531795502
2007-12-14,-0.12960058450698853
2007-12-15,-0.14137881994247437
2007-12-16,-0.1171254813671112
2007-12-17,-0.0965329259634018
2007-12-18,-0.10779334604740143
2007-12-19,-0.12397155165672302
2007-12-20,-0.13280652463436127
2007-12-21,-0.14730265736579895
2007-12-22,-0.14139167964458466
2007-12-23,-0.1385946273803711
2007-12-24,-0.12370778620243073
2007-12-25,-0.09844415634870529
2007-12-26,-0.08089771121740341
2007-12-27,-0.08266784250736237
2007-12-28,-0.0906592458486557
2007-12-29,-0.11731206625699997
2007-12-30,-0.1615951806306839
2007-12-31,-0.14223678410053253
2008-01-01,-0.12788867950439453
2008-01-02,-0.1458766609430313
2008-01-03,-0.15603233873844147
2008-01-04,-0.1643534153699875
2008-01-05,-0.21170154213905334
2008-01-06,-0.18857456743717194
2008-01-07,-0.19145946204662323
2008-01-08,-0.20797812938690186
2008-01-09,-0.19252237677574158
2008-01-10,-0.18216219544410706
2008-01-11,-0.20169766247272491
2008-01-12,-0.21841581165790558
2008-01-13,-0.22821339964866638
2008-01-14,-0.2638537585735321
2008-01-15,-0.25830918550491333
2008-01-16,-0.2787517011165619
2008-01-17,-0.2821912169456482
2008-01-18,-0.2693544924259186
2008-01-19,-0.2639884054660797
2008-01-20,-0.2332337647676468
2008-01-21,-0.25653281807899475
2008-01-22,-0.27517014741897583
2008-01-23,-0.2900773286819458
2008-01-24,-0.29429057240486145
2008-01-25,-0.2970503568649292
2008-01-26,-0.28959760069847107
2008-01-27,-0.28560349345207214
2008-01-28,-0.28833672404289246
2008-01-29,-0.2908165156841278
2008-01-30,-0.2855464816093445
2008-01-31,-0.2830052375793457
2008-02-01,-0.2777447998523712
2008-02-02,-0.2978362739086151
2008-02-03,-0.29942062497138977
2008-02-04,-0.290664404630661
2008-02-05,-0.2796686887741089
2008-02-06,-0.2772846519947052
2008-02-07,-0.2802521884441376
2008-02-08,-0.2848304510116577
2008-02-09,-0.2658376395702362
2008-02-10,-0.2431521862745285
2008-02-11,-0.25099000334739685
2008-02-12,-0.2335948646068573
2008-02-13,-0.2314734160900116
2008-02-14,-0.2212819755077362
2008-02-15,-0.2291480004787445
2008-02-16,-0.2264149934053421
2008-02-17,-0.22514279186725616
2008-02-18,-0.2206653356552124
2008-02-19,-0.21907766163349152
2008-02-20,-0.21036702394485474
2008-02-21,-0.21575382351875305
2008-02-22,-0.2280791699886322
2008-02-23,-0.24496911466121674
2008-02-24,-0.22714586555957794
2008-02-25,-0.21649400889873505
2008-02-26,-0.21325050294399261
2008-02-27,-0.2155851423740387
2008-02-28,-0.2190045267343521
2008-02-29,-0.2327333688735962
2008-03-01,-0.24266161024570465
2008-03-02,-0.2329445779323578
2008-03-03,-0.23318947851657867
2008-03-04,-0.24888545274734497
2008-03-05,-0.2474920004606247
2008-03-06,-0.25037166476249695
2008-03-07,-0.2654154598712921
2008-03-08,-0.2870870530605316
2008-03-09,-0.2740546464920044
2008-03-10,-0.3024803698062897
2008-03-11,-0.299559086561203
2008-03-12,-0.2911545932292938
2008-03-13,-0.29338338971138
2008-03-14,-0.29769524931907654
2008-03-15,-0.31325119733810425
2008-03-16,-0.31061694025993347
2008-03-17,-0.32420745491981506
2008-03-18,-0.32895487546920776
2008-03-19,-0.32561519742012024
2008-03-20,-0.31785979866981506
2008-03-21,-0.33860933780670166
2008-03-22,-0.32416731119155884
2008-03-23,-0.3071870505809784
2008-03-24,-0.2865856885910034
2008-03-25,-0.2711677551269531
2008-03-26,-0.2723155617713928
2008-03-27,-0.253479540348053
2008-03-28,-0.26342636346817017
2008-03-29,-0.27076151967048645
2008-03-30,-0.2501976788043976
2008-03-31,-0.25611016154289246
2008-04-01,-0.25676581263542175
2008-04-02,-0.2526560127735138
2008-04-03,-0.2526473104953766
2008-04-04,-0.26876217126846313
2008-04-05,-0.279039591550827
2008-04-06,-0.2712624669075012
2008-04-07,-0.2543643116950989
2008-04-08,-0.2475283145904541
2008-04-09,-0.2531167268753052
2008-04-10,-0.27148523926734924
2008-04-11,-0.2731262445449829
2008-04-12,-0.2750698924064636
2008-04-13,-0.27615785598754883
2008-04-14,-0.2763071358203888
2008-04-15,-0.27664852142333984
2008-04-16,-0.2734966576099396
2008-04-17,-0.28261399269104004
2008-04-18,-0.2812204658985138
2008-04-19,-0.27352914214134216
2008-04-20,-0.2513141930103302
2008-04-21,-0.23313501477241516
2008-04-22,-0.2191390097141266
2008-04-23,-0.20911860466003418
2008-04-24,-0.2089194357395172
2008-04-25,-0.21710507571697235
2008-04-26,-0.22103843092918396
2008-04-27,-0.21682630479335785
2008-04-28,-0.23246853053569794
2008-04-29,-0.2392333447933197
2008-04-30,-0.26483097672462463
2008-05-01,-0.26038312911987305
2008-05-02,-0.262462317943573
2008-05-03,-0.2590097188949585
2008-05-04,-0.2420101761817932
2008-05-05,-0.25389647483825684
2008-05-06,-0.2662559151649475
2008-05-07,-0.27194643020629883
2008-05-08,-0.25857269763946533
2008-05-09,-0.2512737214565277
2008-05-10,-0.26208141446113586
2008-05-11,-0.2573702931404114
2008-05-12,-0.2679120898246765
2008-05-13,-0.2593099772930145
2008-05-14,-0.27539217472076416
2008-05-15,-0.2613963186740875
2008-05-16,-0.2729105055332184
2008-05-17,-0.2696923017501831
2008-05-18,-0.2491510957479477
2008-05-19,-0.2388913780450821
2008-05-20,-0.21837905049324036
2008-05-21,-0.21463829278945923
2008-05-22,-0.2289905697107315
2008-05-23,-0.24140141904354095
2008-05-24,-0.24025312066078186
2008-05-25,-0.22049620747566223
2008-05-26,-0.20301498472690582
2008-05-27,-0.210425466299057
2008-05-28,-0.21724410355091095
2008-05-29,-0.20659467577934265
2008-05-30,-0.21362246572971344
2008-05-31,-0.21583563089370728
2008-06-01,-0.20915159583091736
2008-06-02,-0.2294161468744278
2008-06-03,-0.22855262458324432
2008-06-04,-0.23764823377132416
2008-06-05,-0.23546873033046722
2008-06-06,-0.2668599486351013
2008-06-07,-0.2920502722263336
2008-06-08,-0.2912489175796509
2008-06-09,-0.2751292884349823
2008-06-10,-0.2869917154312134
2008-06-11,-0.2907472252845764
2008-06-12,-0.28979358077049255
2008-06-13,-0.28877967596054077
2008-06-14,-0.30164384841918945
2008-06-15,-0.2781316041946411
2008-06-16,-0.28460046648979187
2008-06-17,-0.2868867814540863
2008-06-18,-0.2949666976928711
2008-06-19,-0.30225303769111633
2008-06-20,-0.30424532294273376
2008-06-21,-0.30596277117729187
2008-06-22,-0.3071645498275757
2008-06-23,-0.29407721757888794
2008-06-24,-0.3040359616279602
2008-06-25,-0.3066348731517792
2008-06-26,-0.30940738320350647
2008-06-27,-0.31949582695961
2008-06-28,-0.3164941370487213
2008-06-29,-0.30468472838401794
2008-06-30,-0.30745887756347656
2008-07-01,-0.3053002655506134
2008-07-02,-0.3104930818080902
2008-07-03,-0.31888237595558167
2008-07-04,-0.3351849913597107
2008-07-05,-0.33308324217796326
2008-07-06,-0.3257947266101837
2008-07-07,-0.3133799731731415
2008-07-08,-0.3165746033191681
2008-07-09,-0.31357356905937195
2008-07-10,-0.3138640820980072
2008-07-11,-0.3123707175254822
2008-07-12,-0.3343609571456909
2008-07-13,-0.34060779213905334
2008-07-14,-0.3515819311141968
2008-07-15,-0.3514195680618286
2008-07-16,-0.3649972975254059
2008-07-17,-0.3618656098842621
2008-07-18,-0.35747864842414856
2008-07-19,-0.3530820906162262
2008-07-20,-0.33659040927886963
2008-07-21,-0.3434552550315857
2008-07-22,-0.3216415047645569
2008-07-23,-0.314322292804718
2008-07-24,-0.31909969449043274
2008-07-25,-0.32664644718170166
2008-07-26,-0.33796048164367676
2008-07-27,-0.3311534821987152
2008-07-28,-0.3096909821033478
2008-07-29,-0.33288878202438354
2008-07-30,-0.3420275151729584
2008-07-31,-0.3436319828033447
2008-08-01,-0.3487294316291809
2008-08-02,-0.35314059257507324
2008-08-03,-0.3454464077949524
2008-08-04,-0.3307955265045166
2008-08-05,-0.33690693974494934
2008-08-06,-0.33839115500450134
2008-08-07,-0.34116461873054504
2008-08-08,-0.3313111364841461
2008-08-09,-0.3317655622959137
2008-08-10,-0.3201216459274292
2008-08-11,-0.3205180764198303
2008-08-12,-0.31911736726760864
2008-08-13,-0.33020007610321045
2008-08-14,-0.33093759417533875
2008-08-15,-0.3338843286037445
2008-08-16,-0.3222913146018982
2008-08-17,-0.31027695536613464
2008-08-18,-0.30150333046913147
2008-08-19,-0.3059750199317932
2008-08-20,-0.31171953678131104
2008-08-21,-0.32121872901916504
2008-08-22,-0.3350576162338257
2008-08-23,-0.3363945782184601
2008-08-24,-0.30896317958831787
2008-08-25,-0.3041030168533325
2008-08-26,-0.3191988170146942
2008-08-27,-0.31897208094596863
2008-08-28,-0.31537091732025146
2008-08-29,-0.28318241238594055
2008-08-30,-0.28567051887512207
2008-08-31,-0.2791001796722412
2008-09-01,-0.26250308752059937
2008-09-02,-0.2586246132850647
2008-09-03,-0.2714844346046448
2008-09-04,-0.28108593821525574
2008-09-05,-0.3034147024154663
2008-09-06,-0.34197014570236206
2008-09-07,-0.34064728021621704
2008-09-08,-0.33649635314941406
2008-09-09,-0.3304504156112671
2008-09-10,-0.32660603523254395
2008-09-11,-0.336573988199234
2008-09-12,-0.3486877977848053
2008-09-13,-0.3569985628128052
2008-09-14,-0.3647049367427826
2008-09-15,-0.3591599762439728
2008-09-16,-0.38360902667045593
2008-09-17,-0.39753109216690063
2008-09-18,-0.40145769715309143
2008-09-19,-0.40465256571769714
2008-09-20,-0.4219013750553131
2008-09-21,-0.4251134395599365
2008-09-22,-0.4171919524669647
2008-09-23,-0.4016414284706116
2008-09-24,-0.40150198340415955
2008-09-25,-0.4023684561252594
2008-09-26,-0.4191344678401947
2008-09-27,-0.42483413219451904
2008-09-28,-0.39508920907974243
2008-09-29,-0.41276106238365173
2008-09-30,-0.4434265196323395
2008-10-01,-0.4527367651462555
2008-10-02,-0.4426790773868561
2008-10-03,-0.4509870111942291
2008-10-04,-0.47178101539611816
2008-10-05,-0.4438644349575043
2008-10-06,-0.4440940320491791
2008-10-07,-0.4504794180393219
2008-10-08,-0.46031686663627625
2008-10-09,-0.46410125494003296
2008-10-10,-0.4720264971256256
2008-10-11,-0.4942660331726074
2008-10-12,-0.46651723980903625
2008-10-13,-0.4484427869319916
2008-10-14,-0.4443795084953308
2008-10-15,-0.4381692707538605
2008-10-16,-0.46342554688453674
2008-10-17,-0.4730813801288605
2008-10-18,-0.4569299817085266
2008-10-19,-0.4427296817302704
2008-10-20,-0.4344124495983124
2008-10-21,-0.4035866856575012
2008-10-22,-0.4052133858203888
2008-10-23,-0.41199031472206116
2008-10-24,-0.41908976435661316
2008-10-25,-0.4358716607093811
2008-10-26,-0.4231167733669281
2008-10-27,-0.4253978133201599
2008-10-28,-0.43160632252693176
2008-10-29,-0.4359307587146759
2008-10-30,-0.42041105031967163
2008-10-31,-0.413046270608902
2008-11-01,-0.415771484375
2008-11-02,-0.39810481667518616
2008-11-03,-0.3821814954280853
2008-11-04,-0.3903391659259796
2008-11-05,-0.38337400555610657
2008-11-06,-0.3734169602394104
2008-11-07,-0.3749196529388428
2008-11-08,-0.37291213870048523
2008-11-09,-0.37853220105171204
2008-11-10,-0.3706192076206207
2008-11-11,-0.35907575488090515
2008-11-12,-0.3727911412715912
2008-11-13,-0.373651385307312
2008-11-14,-0.38271576166152954
2008-11-15,-0.3917255699634552
2008-11-16,-0.39125052094459534
2008-11-17,-0.3990820646286011
2008-11-18,-0.4037001132965088
2008-11-19,-0.4157721698284149
2008-11-20,-0.4314391314983368
2008-11-21,-0.4587165117263794
2008-11-22,-0.4630138576030731
2008-11-23,-0.4677022695541382
2008-11-24,-0.44250985980033875
2008-11-25,-0.4455641806125641
2008-11-26,-0.4410083293914795
2008-11-27,-0.42569154500961304
2008-11-28,-0.40919029712677
2008-11-29,-0.41161152720451355
2008-11-30,-0.4133889973163605
2008-12-01,-0.409923255443573
2008-12-02,-0.4055449366569519
2008-12-03,-0.4034166932106018
2008-12-04,-0.40104222297668457
2008-12-05,-0.40428969264030457
2008-12-06,-0.4374167323112488
2008-12-07,-0.4273793697357178
2008-12-08,-0.4287009835243225
2008-12-09,-0.41190141439437866
2008-12-10,-0.41764310002326965
2008-12-11,-0.4223584830760956
2008-12-12,-0.4343292713165283
2008-12-13,-0.44016754627227783
2008-12-14,-0.42762067914009094
2008-12-15,-0.4351707994937897
2008-12-16,-0.44307491183280945
2008-12-17,-0.4491035044193268
2008-12-18,-0.44728392362594604
2008-12-19,-0.4289760887622833
2008-12-20,-0.4207862615585327
2008-12-21,-0.40189066529273987
2008-12-22,-0.40333041548728943
2008-12-23,-0.39869776368141174
2008-12-24,-0.3958834409713745
2008-12-25,-0.4047091603279114
2008-12-26,-0.4089817404747009
2008-12-27,-0.38850024342536926
2008-12-28,-0.3608265817165375
2008-12-29,-0.3437211215496063
2008-12-30,-0.33433911204338074
2008-12-31,-0.3381345570087433
2009-01-01,-0.3556240499019623
2009-01-02,-0.36680036783218384
2009-01-03,-0.34760814905166626
2009-01-04,-0.34213000535964966
2009-01-05,-0.33121469616889954
2009-01-06,-0.3407118022441864
2009-01-07,-0.34500452876091003
2009-01-08,-0.3504355549812317
2009-01-09,-0.35209882259368896
2009-01-10,-0.38775748014450073
2009-01-11,-0.37701237201690674
2009-01-12,-0.374843567609787
2009-01-13,-0.3711543679237366
2009-01-14,-0.37121644616127014
2009-01-15,-0.38186800479888916
2009-01-16,-0.40086930990219116
2009-01-17,-0.40520602464675903
2009-01-18,-0.39856067299842834
2009-01-19,-0.3963789939880371
2009-01-20,-0.37943390011787415
2009-01-21,-0.36797788739204407
2009-01-22,-0.3755304515361786
2009-01-23,-0.39516976475715637
2009-01-24,-0.391733318567276
2009-01-25,-0.3803485333919525
2009-01-26,-0.3814384937286377
2009-01-27,-0.37179064750671387
2009-01-28,-0.3817536532878876
2009-01-29,-0.3668511211872101
2009-01-30,-0.36988967657089233
2009-01-31,-0.37263819575309753
2009-02-01,-0.3595578968524933
2009-02-02,-0.34474822878837585
2009-02-03,-0.3405638337135315
2009-02-04,-0.346802681684494
2009-02-05,-0.3400135040283203
2009-02-06,-0.35563433170318604
2009-02-07,-0.37650391459465027
2009-02-08,-0.36875277757644653
2009-02-09,-0.368942528963089
2009-02-10,-0.35108599066734314
2009-02-11,-0.3574763238430023
2009-02-12,-0.35317403078079224
2009-02-13,-0.3560616970062256
2009-02-14,-0.34586337208747864
2009-02-15,-0.3450320363044739
2009-02-16,-0.3467414081096649
2009-02-17,-0.3257274031639099
2009-02-18,-0.33366450667381287
2009-02-19,-0.3453581929206848
2009-02-20,-0.35421985387802124
2009-02-21,-0.3466767966747284
2009-02-22,-0.336579829454422
2009-02-23,-0.32446250319480896
2009-02-24,-0.3325406014919281
2009-02-25,-0.31850966811180115
2009-02-26,-0.30973389744758606
2009-02-27,-0.30941247940063477
2009-02-28,-0.32785555720329285
2009-03-01,-0.30225732922554016
2009-03-02,-0.2978558838367462
2009-03-03,-0.3084256947040558
2009-03-04,-0.31337282061576843
2009-03-05,-0.31042638421058655
2009-03-06,-0.3322119414806366
2009-03-07,-0.3583008646965027
2009-03-08,-0.3463098108768463
2009-03-09,-0.3327804505825043
2009-03-10,-0.3299259543418884
2009-03-11,-0.3272119462490082
2009-03-12,-0.33165308833122253
2009-03-13,-0.33006003499031067
2009-03-14,-0.32680946588516235
2009-03-15,-0.32296884059906006
2009-03-16,-0.318488746881485
2009-03-17,-0.3203467130661011
2009-03-18,-0.3111634850502014
2009-03-19,-0.30231061577796936
2009-03-20,-0.3147774636745453
2009-03-21,-0.31276392936706543
2009-03-22,-0.30414465069770813
2009-03-23,-0.3032933175563812
2009-03-24,-0.26808926463127136
2009-03-25,-0.26120150089263916
2009-03-26,-0.2613748013973236
2009-03-27,-0.27904099225997925
2009-03-28,-0.280561625957489
2009-03-29,-0.28042224049568176
2009-03-30,-0.273937463760376
2009-03-31,-0.27613192796707153
2009-04-01,-0.27803295850753784
2009-04-02,-0.27065950632095337
2009-04-03,-0.273416131734848
2009-04-04,-0.2766188383102417
2009-04-05,-0.27178487181663513
2009-04-06,-0.25543972849845886
2009-04-07,-0.2301989197731018
2009-04-08,-0.2483132928609848
2009-04-09,-0.24140392243862152
2009-04-10,-0.22827506065368652
2009-04-11,-0.20999450981616974
2009-04-12,-0.21758998930454254
2009-04-13,-0.20385636389255524
2009-04-14,-0.20990264415740967
2009-04-15,-0.23252351582050323
2009-04-16,-0.23372532427310944
2009-04-17,-0.23753176629543304
2009-04-18,-0.24481870234012604
2009-04-19,-0.2499874234199524
2009-04-20,-0.2390156239271164
2009-04-21,-0.2286229282617569
2009-04-22,-0.23587676882743835
2009-04-23,-0.26253020763397217
2009-04-24,-0.2761503756046295
2009-04-25,-0.2841140627861023
2009-04-26,-0.2543356716632843
2009-04-27,-0.24829934537410736
2009-04-28,-0.26105403900146484
2009-04-29,-0.2275465726852417
2009-04-30,-0.22679632902145386
2009-05-01,-0.23880422115325928
2009-05-02,-0.23595665395259857
2009-05-03,-0.23085173964500427
2009-05-04,-0.2289533019065857
2009-05-05,-0.24542081356048584
2009-05-06,-0.24187009036540985
2009-05-07,-0.2388772815465927
2009-05-08,-0.23960810899734497
2009-05-09,-0.24513499438762665
2009-05-10,-0.25186842679977417
2009-05-11,-0.2693979740142822
2009-05-12,-0.2842918038368225
2009-05-13,-0.29569485783576965
2009-05-14,-0.30332762002944946
2009-05-15,-0.32133904099464417
2009-05-16,-0.30805960297584534
2009-05-17,-0.2954195737838745
2009-05-18,-0.29235756397247314
2009-05-19,-0.2870592176914215
2009-05-20,-0.28914177417755127
2009-05-21,-0.30342912673950195
2009-05-22,-0.31792426109313965
2009-05-23,-0.31984105706214905
2009-05-24,-0.29359427094459534
2009-05-25,-0.2732362151145935
2009-05-26,-0.26436588168144226
2009-05-27,-0.26030999422073364
2009-05-28,-0.27137255668640137
2009-05-29,-0.2847338020801544
2009-05-30,-0.277288556098938
2009-05-31,-0.2777581810951233
2009-06-01,-0.28777649998664856
2009-06-02,-0.2815259099006653
2009-06-03,-0.28819119930267334
2009-06-04,-0.2961728274822235
2009-06-05,-0.3091004490852356
2009-06-06,-0.33346110582351685
2009-06-07,-0.3358933925628662
2009-06-08,-0.3249356150627136
2009-06-09,-0.34913477301597595
2009-06-10,-0.3645019233226776
2009-06-11,-0.37435105443000793
2009-06-12,-0.37993958592414856
2009-06-13,-0.3784540891647339
2009-06-14,-0.36005234718322754
2009-06-15,-0.3127741515636444
2009-06-16,-0.31291377544403076
2009-06-17,-0.3300839364528656
2009-06-18,-0.33177781105041504
2009-06-19,-0.34111300110816956
2009-06-20,-0.3382594883441925
2009-06-21,-0.3328559398651123
2009-06-22,-0.34768736362457275
2009-06-23,-0.31620439887046814
2009-06-24,-0.3249933421611786
2009-06-25,-0.3214957118034363
2009-06-26,-0.33570051193237305
2009-06-27,-0.33155006170272827
2009-06-28,-0.3318161070346832
2009-06-29,-0.342481791973114
2009-06-30,-0.3312476575374603
2009-07-01,-0.33448338508605957
2009-07-02,-0.3365726172924042
2009-07-03,-0.34899425506591797
2009-07-04,-0.334080308675766
2009-07-05,-0.32250088453292847
2009-07-06,-0.3019487261772156
2009-07-07,-0.2905194163322449
2009-07-08,-0.2805556356906891
2009-07-09,-0.27808845043182373
2009-07-10,-0.2861963212490082
2009-07-11,-0.30806764960289
2009-07-12,-0.31570592522621155
2009-07-13,-0.3118606209754944
2009-07-14,-0.31950807571411133
2009-07-15,-0.3158271014690399
2009-07-16,-0.31435900926589966
2009-07-17,-0.30889540910720825
2009-07-18,-0.32095181941986084
2009-07-19,-0.343558669090271
2009-07-20,-0.31619271636009216
2009-07-21,-0.30400875210762024
2009-07-22,-0.3175191283226013
2009-07-23,-0.3090936243534088
2009-07-24,-0.30234256386756897
2009-07-25,-0.3005017638206482
2009-07-26,-0.2914394438266754
2009-07-27,-0.2737584710121155
2009-07-28,-0.2777981758117676
2009-07-29,-0.2562495172023773
2009-07-30,-0.26925206184387207
2009-07-31,-0.2609262764453888
2009-08-01,-0.27388831973075867
2009-08-02,-0.26310721039772034
2009-08-03,-0.2574969232082367
2009-08-04,-0.2476797103881836
2009-08-05,-0.241567000746727
2009-08-06,-0.24576058983802795
2009-08-07,-0.2531156539916992
2009-08-08,-0.25749441981315613
2009-08-09,-0.24550631642341614
2009-08-10,-0.2273092269897461
2009-08-11,-0.23092392086982727
2009-08-12,-0.22411267459392548
2009-08-13,-0.22272497415542603
2009-08-14,-0.20410685241222382
2009-08-15,-0.21391063928604126
2009-08-16,-0.22153964638710022
2009-08-17,-0.21846546232700348
2009-08-18,-0.2085493803024292
2009-08-19,-0.19971872866153717
2009-08-20,-0.20687896013259888
2009-08-21,-0.23700587451457977
2009-08-22,-0.2294369786977768
2009-08-23,-0.22497178614139557
2009-08-24,-0.19674034416675568
2009-08-25,-0.204755499958992
2009-08-26,-0.1898106038570404
2009-08-27,-0.18263350427150726
2009-08-28,-0.1856701672077179
2009-08-29,-0.1916598081588745
2009-08-30,-0.18924580514431
2009-08-31,-0.16665412485599518
2009-09-01,-0.16951504349708557
2009-09-02,-0.16172876954078674
2009-09-03,-0.13639859855175018
2009-09-04,-0.13595937192440033
2009-09-05,-0.16461235284805298
2009-09-06,-0.15638156235218048
2009-09-07,-0.1553558111190796
2009-09-08,-0.1638646125793457
2009-09-09,-0.15180768072605133
2009-09-10,-0.15135511755943298
2009-09-11,-0.15586331486701965
2009-09-12,-0.15231028199195862
2009-09-13,-0.1344604790210724
2009-09-14,-0.15248526632785797
2009-09-15,-0.14952075481414795
2009-09-16,-0.1426790952682495
2009-09-17,-0.1368371695280075
2009-09-18,-0.1434919685125351
2009-09-19,-0.14659513533115387
2009-09-20,-0.13607928156852722
2009-09-21,-0.11552312970161438
2009-09-22,-0.11817086488008499
2009-09-23,-0.10978538542985916
2009-09-24,-0.10470839589834213
2009-09-25,-0.10660571604967117
2009-09-26,-0.1057111844420433
2009-09-27,-0.09042340517044067
2009-09-28,-0.06598550081253052
2009-09-29,-0.048341166228055954
2009-09-30,-0.04355344548821449
2009-10-01,-0.035583287477493286
2009-10-02,-0.04958956688642502
2009-10-03,-0.08249866217374802
2009-10-04,-0.0836562067270279
2009-10-05,-0.07171432673931122
2009-10-06,-0.07753769308328629
2009-10-07,-0.09084627777338028
2009-10-08,-0.08341273665428162
2009-10-09,-0.08762091398239136
2009-10-10,-0.10558146983385086
2009-10-11,-0.09094752371311188
2009-10-12,-0.10001450031995773
2009-10-13,-0.08729437738656998
2009-10-14,-0.07879983633756638
2009-10-15,-0.07799198478460312
2009-10-16,-0.08121718466281891
2009-10-17,-0.07170188426971436
2009-10-18,-0.08448672294616699
2009-10-19,-0.06460822373628616
2009-10-20,-0.07794370502233505
2009-10-21,-0.07669615745544434
2009-10-22,-0.06901919096708298
2009-10-23,-0.07318086177110672
2009-10-24,-0.0693526566028595
2009-10-25,-0.0717836320400238
2009-10-26,-0.07330375909805298
2009-10-27,-0.06396298110485077
2009-10-28,-0.06942659616470337
2009-10-29,-0.04772492125630379
2009-10-30,-0.04332488775253296
2009-10-31,-0.04983281344175339
2009-11-01,-0.03529401123523712
2009-11-02,-0.023662634193897247
2009-11-03,-0.011699734255671501
2009-11-04,0.006350735668092966
2009-11-05,0.008602307178080082
2009-11-06,0.007838677614927292
2009-11-07,-0.019753793254494667
2009-11-08,-0.0013907330576330423
2009-11-09,0.016013918444514275
2009-11-10,0.018393060192465782
2009-11-11,0.014993738383054733
2009-11-12,0.004213374108076096
2009-11-13,0.00740298256278038
2009-11-14,0.02029210329055786
2009-11-15,0.04560845345258713
2009-11-16,0.039944734424352646
2009-11-17,0.04563237726688385
2009-11-18,0.03296713903546333
2009-11-19,0.02097373828291893
2009-11-20,-0.005814279429614544
2009-11-21,-0.009863012470304966
2009-11-22,-0.00039891578489914536
2009-11-23,-0.010491720400750637
2009-11-24,-0.004099673125892878
2009-11-25,-0.0007133020553737879
2009-11-26,0.026696590706706047
2009-11-27,0.03383636102080345
2009-11-28,0.03191310912370682
2009-11-29,0.04202858358621597
2009-11-30,0.03308343142271042
2009-12-01,0.029888957738876343
2009-12-02,0.020034287124872208
2009-12-03,0.02295595221221447
2009-12-04,0.019122883677482605
2009-12-05,0.029442906379699707
2009-12-06,0.0394011028110981
2009-12-07,0.05286918208003044
2009-12-08,0.04852328449487686
2009-12-09,0.0227168258279562
2009-12-10,0.02135413885116577
2009-12-11,0.01786004938185215
2009-12-12,0.024092845618724823
2009-12-13,0.035428136587142944
2009-12-14,0.04337869584560394
2009-12-15,0.03625568374991417
2009-12-16,0.030594943091273308
2009-12-17,0.038525912910699844
2009-12-18,0.04860437661409378
2009-12-19,0.04993561655282974
2009-12-20,0.07085107266902924
2009-12-21,0.0851602852344513
2009-12-22,0.0940566137433052
2009-12-23,0.1133495643734932
2009-12-24,0.10950164496898651
2009-12-25,0.12281043082475662
2009-12-26,0.13544856011867523
2009-12-27,0.15689268708229065
2009-12-28,0.16601230204105377
2009-12-29,0.1754692792892456
2009-12-30,0.17290924489498138
2009-12-31,0.15788699686527252
2010-01-01,0.135087788105011
2010-01-02,0.12982133030891418
2010-01-03,0.13565698266029358
2010-01-04,0.11030874401330948
2010-01-05,0.11437921971082687
2010-01-06,0.1170591190457344
2010-01-07,0.10022737085819244
2010-01-08,0.08384436368942261
2010-01-09,0.05733785778284073
2010-01-10,0.060036882758140564
2010-01-11,0.05179267004132271
2010-01-12,0.03410648554563522
2010-01-13,0.014977376908063889
2010-01-14,0.010861845687031746
2010-01-15,0.007276985794305801
2010-01-16,-0.003284872742369771
2010-01-17,-0.01817494072020054
2010-01-18,-0.031749214977025986
2010-01-19,-0.04151762276887894
2010-01-20,-0.04039215296506882
2010-01-21,-0.04893015697598457
2010-01-22,-0.08965509384870529
2010-01-23,-0.08888472616672516
2010-01-24,-0.07712496072053909
2010-01-25,-0.08501911908388138
2010-01-26,-0.07706822454929352
2010-01-27,-0.08055678009986877
2010-01-28,-0.09465537965297699
2010-01-29,-0.07192599773406982
2010-01-30,-0.05628454312682152
2010-01-31,-0.03074529953300953
2010-02-01,-0.019132152199745178
2010-02-02,-0.012792018242180347
2010-02-03,-0.010569751262664795
2010-02-04,-0.002850314835086465
2010-02-05,-0.019281042739748955
2010-02-06,-0.041350334882736206
2010-02-07,-0.052612170577049255
2010-02-08,-0.04601548612117767
2010-02-09,-0.05510105937719345
2010-02-10,-0.06788298487663269
2010-02-11,-0.07355652004480362
2010-02-12,-0.0856635794043541
2010-02-13,-0.0910930186510086
2010-02-14,-0.08807527273893356
2010-02-15,-0.0848822295665741
2010-02-16,-0.0817902460694313
2010-02-17,-0.08495588600635529
2010-02-18,-0.08083521574735641
2010-02-19,-0.09082140028476715
2010-02-20,-0.09168935567140579
2010-02-21,-0.0877859964966774
2010-02-22,-0.08837650716304779
2010-02-23,-0.08236690610647202
2010-02-24,-0.072796531021595
2010-02-25,-0.06859323382377625
2010-02-26,-0.10460542142391205
2010-02-27,-0.10015098750591278
2010-02-28,-0.09203600883483887
2010-03-01,-0.10693489015102386
2010-03-02,-0.11167676001787186
2010-03-03,-0.12342558056116104
2010-03-04,-0.12607304751873016
2010-03-05,-0.12493263185024261
2010-03-06,-0.11586134880781174
2010-03-07,-0.12463971227407455
2010-03-08,-0.11850634217262268
2010-03-09,-0.10821463912725449
2010-03-10,-0.11545839160680771
2010-03-11,-0.11227940768003464
2010-03-12,-0.11610814183950424
2010-03-13,-0.09496366232633591
2010-03-14,-0.09162654727697372
2010-03-15,-0.0929303988814354
2010-03-16,-0.08386587351560593
2010-03-17,-0.08941184729337692
2010-03-18,-0.07503748685121536
2010-03-19,-0.07954387366771698
2010-03-20,-0.07130084931850433
2010-03-21,-0.06238815560936928
2010-03-22,-0.06220531836152077
2010-03-23,-0.03429734706878662
2010-03-24,-0.03595101088285446
2010-03-25,-0.04461900517344475
2010-03-26,-0.04525471478700638
2010-03-27,-0.04111996665596962
2010-03-28,-0.0501684732735157
2010-03-29,-0.047634877264499664
2010-03-30,-0.026613522320985794
2010-03-31,-0.013096265494823456
2010-04-01,-0.01199185848236084
2010-04-02,-0.009491808712482452
2010-04-03,-0.0007831513648852706
2010-04-04,0.0008831187151372433
2010-04-05,0.014084124937653542
2010-04-06,0.008705602027475834
2010-04-07,0.0007140334346331656
2010-04-08,-0.031593821942806244
2010-04-09,-0.056775424629449844
2010-04-10,-0.04966552555561066
2010-04-11,-0.058366723358631134
2010-04-12,-0.08756037801504135
2010-04-13,-0.1099516749382019
2010-04-14,-0.10474460572004318
2010-04-15,-0.09165647625923157
2010-04-16,-0.10820084065198898
2010-04-17,-0.11868490278720856
2010-04-18,-0.12795181572437286
2010-04-19,-0.13271211087703705
2010-04-20,-0.12462026625871658
2010-04-21,-0.11459440737962723
2010-04-22,-0.11267057806253433
2010-04-23,-0.11207498610019684
2010-04-24,-0.08793704211711884
2010-04-25,-0.09049883484840393
2010-04-26,-0.08837391436100006
2010-04-27,-0.11388498544692993
2010-04-28,-0.13241471350193024
2010-04-29,-0.13747650384902954
2010-04-30,-0.15325947105884552
2010-05-01,-0.14746567606925964
2010-05-02,-0.13796687126159668
2010-05-03,-0.12845459580421448
2010-05-04,-0.12628428637981415
2010-05-05,-0.14214067161083221
2010-05-06,-0.1477276086807251
2010-05-07,-0.17385992407798767
2010-05-08,-0.1831302046775818
2010-05-09,-0.19594597816467285
2010-05-10,-0.20316310226917267
2010-05-11,-0.21440549194812775
2010-05-12,-0.22125329077243805
2010-05-13,-0.2186104655265808
2010-05-14,-0.22878512740135193
2010-05-15,-0.23326857388019562
2010-05-16,-0.22131478786468506
2010-05-17,-0.21850425004959106
2010-05-18,-0.23074756562709808
2010-05-19,-0.23110483586788177
2010-05-20,-0.25128212571144104
2010-05-21,-0.2740512490272522
2010-05-22,-0.27542734146118164
2010-05-23,-0.2607474625110626
2010-05-24,-0.24947713315486908
2010-05-25,-0.24812249839305878
2010-05-26,-0.252579003572464
2010-05-27,-0.2656470835208893
2010-05-28,-0.269287645816803
2010-05-29,-0.2651218771934509
2010-05-30,-0.26926878094673157
2010-05-31,-0.25664928555488586
2010-06-01,-0.261755108833313
2010-06-02,-0.2570134699344635
2010-06-03,-0.24916401505470276
2010-06-04,-0.23691242933273315
2010-06-05,-0.24263788759708405
2010-06-06,-0.23379309475421906
2010-06-07,-0.2350783348083496
2010-06-08,-0.2610243856906891
2010-06-09,-0.25447985529899597
2010-06-10,-0.2590668201446533
2010-06-11,-0.24896109104156494
2010-06-12,-0.2289460301399231
2010-06-13,-0.23343001306056976
2010-06-14,-0.2147388905286789
2010-06-15,-0.21499210596084595
2010-06-16,-0.21511341631412506
2010-06-17,-0.20870675146579742
2010-06-18,-0.21685710549354553
2010-06-19,-0.22313222289085388
2010-06-20,-0.1934504210948944
2010-06-21,-0.19073070585727692
2010-06-22,-0.17448484897613525
2010-06-23,-0.17167870700359344
2010-06-24,-0.17785435914993286
2010-06-25,-0.18360303342342377
2010-06-26,-0.18586385250091553
2010-06-27,-0.1712670475244522
2010-06-28,-0.17726430296897888
2010-06-29,-0.18560154736042023
2010-06-30,-0.17292188107967377
2010-07-01,-0.178852379322052
2010-07-02,-0.1960757076740265
2010-07-03,-0.1995118409395218
2010-07-04,-0.19669093191623688
2010-07-05,-0.21716859936714172
2010-07-06,-0.20047728717327118
2010-07-07,-0.20121362805366516
2010-07-08,-0.18862660229206085
2010-07-09,-0.1922336220741272
2010-07-10,-0.1961352676153183
2010-07-11,-0.1895216554403305
2010-07-12,-0.1892089992761612
2010-07-13,-0.20532086491584778
2010-07-14,-0.1994844675064087
2010-07-15,-0.19305329024791718
2010-07-16,-0.2086263746023178
2010-07-17,-0.21089768409729004
2010-07-18,-0.21383146941661835
2010-07-19,-0.2252781093120575
2010-07-20,-0.22699424624443054
2010-07-21,-0.23022612929344177
2010-07-22,-0.22125044465065002
2010-07-23,-0.21290472149848938
2010-07-24,-0.21304842829704285
2010-07-25,-0.20521385967731476
2010-07-26,-0.21472463011741638
2010-07-27,-0.1971232146024704
2010-07-28,-0.1857561469078064
2010-07-29,-0.18204365670681
2010-07-30,-0.18297915160655975
2010-07-31,-0.1809956431388855
2010-08-01,-0.18342144787311554
2010-08-02,-0.16100949048995972
2010-08-03,-0.1403299868106842
2010-08-04,-0.11155632138252258
2010-08-05,-0.11211803555488586
2010-08-06,-0.12297109514474869
2010-08-07,-0.13698655366897583
2010-08-08,-0.11834035813808441
2010-08-09,-0.09133637696504593
2010-08-10,-0.0883074551820755
2010-08-11,-0.08834565430879593
2010-08-12,-0.10242997109889984
2010-08-13,-0.09832075238227844
2010-08-14,-0.0896475687623024
2010-08-15,-0.0886334553360939
2010-08-16,-0.0944322869181633
2010-08-17,-0.09709469228982925
2010-08-18,-0.10407177358865738
2010-08-19,-0.10737811028957367
2010-08-20,-0.13154412806034088
2010-08-21,-0.14115001261234283
2010-08-22,-0.13060010969638824
2010-08-23,-0.13301461935043335
2010-08-24,-0.15802280604839325
2010-08-25,-0.16689009964466095
2010-08-26,-0.16213902831077576
2010-08-27,-0.2078271359205246
2010-08-28,-0.19898635149002075
2010-08-29,-0.19007383286952972
2010-08-30,-0.1787651926279068
2010-08-31,-0.16739414632320404
2010-09-01,-0.14742884039878845
2010-09-02,-0.14559388160705566
2010-09-03,-0.13500936329364777
2010-09-04,-0.14475402235984802
2010-09-05,-0.1349753737449646
2010-09-06,-0.1369403600692749
2010-09-07,-0.12442926317453384
2010-09-08,-0.09649927169084549
2010-09-09,-0.09673348069190979
2010-09-10,-0.09513014554977417
2010-09-11,-0.08474773168563843
2010-09-12,-0.08061522990465164
2010-09-13,-0.08839283883571625
2010-09-14,-0.08637600392103195
2010-09-15,-0.07894428819417953
2010-09-16,-0.08901695907115936
2010-09-17,-0.10292254388332367
2010-09-18,-0.1009017750620842
2010-09-19,-0.09561098366975784
2010-09-20,-0.09246514737606049
2010-09-21,-0.10406161844730377
2010-09-22,-0.11867237836122513
2010-09-23,-0.11830074340105057
2010-09-24,-0.14650921523571014
2010-09-25,-0.1314101219177246
2010-09-26,-0.1300577074289322
2010-09-27,-0.13544055819511414
2010-09-28,-0.13686497509479523
2010-09-29,-0.14262862503528595
2010-09-30,-0.1403007209300995
2010-10-01,-0.14808186888694763
2010-10-02,-0.1240072026848793
2010-10-03,-0.1236540898680687
2010-10-04,-0.12369749695062637
2010-10-05,-0.1223994642496109
2010-10-06,-0.0965418592095375
2010-10-07,-0.09974971413612366
2010-10-08,-0.10976270586252213
2010-10-09,-0.14050531387329102
2010-10-10,-0.11920525133609772
2010-10-11,-0.12295793741941452
2010-10-12,-0.12321685999631882
2010-10-13,-0.0974823459982872
2010-10-14,-0.11784715205430984
2010-10-15,-0.13860543072223663
2010-10-16,-0.15189898014068604
2010-10-17,-0.13630880415439606
2010-10-18,-0.13381649553775787
2010-10-19,-0.13235965371131897
2010-10-20,-0.13638946413993835
2010-10-21,-0.14545360207557678
2010-10-22,-0.15557263791561127
2010-10-23,-0.16960959136486053
2010-10-24,-0.16325245797634125
2010-10-25,-0.1559535562992096
2010-10-26,-0.16765086352825165
2010-10-27,-0.16265806555747986
2010-10-28,-0.1615193784236908
2010-10-29,-0.15553824603557587
2010-10-30,-0.14920786023139954
2010-10-31,-0.14101703464984894
2010-11-01,-0.14891919493675232
2010-11-02,-0.13507552444934845
2010-11-03,-0.13661210238933563
2010-11-04,-0.13056902587413788
2010-11-05,-0.12312102317810059
2010-11-06,-0.11970935016870499
2010-11-07,-0.1186097040772438
2010-11-08,-0.11918188631534576
2010-11-09,-0.12902109324932098
2010-11-10,-0.11500998586416245
2010-11-11,-0.10924987494945526
2010-11-12,-0.1114756390452385
2010-11-13,-0.09361201524734497
2010-11-14,-0.06875958293676376
2010-11-15,-0.05123564973473549
2010-11-16,-0.05828843638300896
2010-11-17,-0.07201504707336426
2010-11-18,-0.07556409388780594
2010-11-19,-0.09835358709096909
2010-11-20,-0.10587763786315918
2010-11-21,-0.08782294392585754
2010-11-22,-0.07145002484321594
2010-11-23,-0.06389287114143372
2010-11-24,-0.08236830681562424
2010-11-25,-0.09056597203016281
2010-11-26,-0.09043809026479721
2010-11-27,-0.09052743762731552
2010-11-28,-0.06335312128067017
2010-11-29,-0.0528874397277832
2010-11-30,-0.07424228638410568
2010-12-01,-0.07788652926683426
2010-12-02,-0.0652584359049797
2010-12-03,-0.0719364807009697
2010-12-04,-0.07999046891927719
2010-12-05,-0.09584346413612366
2010-12-06,-0.1164700835943222
2010-12-07,-0.11416245251893997
2010-12-08,-0.08732593059539795
2010-12-09,-0.08914662897586823
2010-12-10,-0.08519554883241653
2010-12-11,-0.0702434778213501
2010-12-12,-0.06547635048627853
2010-12-13,-0.052787475287914276
2010-12-14,-0.054707977920770645
2010-12-15,-0.04286086931824684
2010-12-16,-0.040980782359838486
2010-12-17,-0.04622071981430054
2010-12-18,-0.043608419597148895
2010-12-19,-0.043648503720760345
2010-12-20,-0.028119076043367386
2010-12-21,-0.044690389186143875
2010-12-22,-0.059967368841171265
2010-12-23,-0.0580437108874321
2010-12-24,-0.04324974864721298
2010-12-25,-0.028962327167391777
2010-12-26,-0.021979985758662224
2010-12-27,-0.019486254081130028
2010-12-28,-0.024300985038280487
2010-12-29,-0.004949986003339291
2010-12-30,0.009743552654981613
2010-12-31,0.012713131494820118
2011-01-01,0.021574579179286957
2011-01-02,0.04437757283449173
2011-01-03,0.030507544055581093
2011-01-04,0.03150488808751106
2011-01-05,0.04847203940153122
2011-01-06,0.0467076450586319
2011-01-07,0.021185558289289474
2011-01-08,0.0019924221560359
2011-01-09,0.0038135338108986616
2011-01-10,0.007619963958859444
2011-01-11,-0.010659702122211456
2011-01-12,-0.01564716175198555
2011-01-13,-0.004878637846559286
2011-01-14,-0.014979391358792782
2011-01-15,-0.005328726954758167
2011-01-16,-0.003037603572010994
2011-01-17,-0.013801580294966698
2011-01-18,-0.020221801474690437
2011-01-19,-0.023204250261187553
2011-01-20,-0.019773321226239204
2011-01-21,-0.028482478111982346
2011-01-22,-0.02775101736187935
2011-01-23,-0.020354503765702248
2011-01-24,-0.0008944271830841899
2011-01-25,-0.0032092281617224216
2011-01-26,-0.004142437595874071
2011-01-27,-0.01023741066455841
2011-01-28,-0.02882615104317665
2011-01-29,-0.011637525632977486
2011-01-30,-0.009121117182075977
2011-01-31,-0.020305471494793892
2011-02-01,-0.011876186355948448
2011-02-02,0.008980603888630867
2011-02-03,0.009702373296022415
2011-02-04,0.011811904609203339
2011-02-05,-0.005897666327655315
2011-02-06,0.004437373485416174
2011-02-07,0.007418028544634581
2011-02-08,0.018794819712638855
2011-02-09,0.010851786471903324
2011-02-10,0.007111396640539169
2011-02-11,-0.010030042380094528
2011-02-12,-0.007645619101822376
2011-02-13,0.002652714028954506
2011-02-14,-0.0038588084280490875
2011-02-15,-0.009757429361343384
2011-02-16,-0.014629803597927094
2011-02-17,-0.023580534383654594
2011-02-18,-0.045620694756507874
2011-02-19,-0.04985182732343674
2011-02-20,-0.034329771995544434
2011-02-21,-0.04648328572511673
2011-02-22,-0.06064051389694214
2011-02-23,-0.05552911385893822
2011-02-24,-0.05009761080145836
2011-02-25,-0.05435184761881828
2011-02-26,-0.050277840346097946
2011-02-27,-0.04864905774593353
2011-02-28,-0.05729396268725395
2011-03-01,-0.0530177541077137
2011-03-02,-0.05913778021931648
2011-03-03,-0.061178743839263916
2011-03-04,-0.06285813450813293
2011-03-05,-0.0647607073187828
2011-03-06,-0.06099783629179001
2011-03-07,-0.06816767901182175
2011-03-08,-0.0795644074678421
2011-03-09,-0.07781698554754257
2011-03-10,-0.08081209659576416
2011-03-11,-0.09549407660961151
2011-03-12,-0.10614129155874252
2011-03-13,-0.08953269571065903
2011-03-14,-0.08127667009830475
2011-03-15,-0.1078382283449173
2011-03-16,-0.12125341594219208
2011-03-17,-0.13794219493865967
2011-03-18,-0.14001835882663727
2011-03-19,-0.14231541752815247
2011-03-20,-0.13801638782024384
2011-03-21,-0.11507023870944977
2011-03-22,-0.12151932716369629
2011-03-23,-0.1284281611442566
2011-03-24,-0.12952184677124023
2011-03-25,-0.13844725489616394
2011-03-26,-0.13542123138904572
2011-03-27,-0.12649394571781158
2011-03-28,-0.13531120121479034
2011-03-29,-0.14479848742485046
2011-03-30,-0.15723374485969543
2011-03-31,-0.14756478369235992
2011-04-01,-0.1589779406785965
2011-04-02,-0.14888109266757965
2011-04-03,-0.13376234471797943
2011-04-04,-0.12289101630449295
2011-04-05,-0.12068289518356323
2011-04-06,-0.1245206668972969
2011-04-07,-0.11178252846002579
2011-04-08,-0.1184990331530571
2011-04-09,-0.1280275285243988
2011-04-10,-0.12511427700519562
2011-04-11,-0.11614257842302322
2011-04-12,-0.12744957208633423
2011-04-13,-0.12885402143001556
2011-04-14,-0.13812018930912018
2011-04-15,-0.1529187262058258
2011-04-16,-0.14878882467746735
2011-04-17,-0.13881997764110565
2011-04-18,-0.14417323470115662
2011-04-19,-0.1619407832622528
2011-04-20,-0.15386570990085602
2011-04-21,-0.13888025283813477
2011-04-22,-0.13413479924201965
2011-04-23,-0.13980786502361298
2011-04-24,-0.10558640211820602
2011-04-25,-0.09959308058023453
2011-04-26,-0.09251085668802261
2011-04-27,-0.09222540259361267
2011-04-28,-0.08125760406255722
2011-04-29,-0.07929208129644394
2011-04-30,-0.06281458586454391
2011-05-01,-0.045266758650541306
2011-05-02,-0.02511347085237503
2011-05-03,-0.031388964504003525
2011-05-04,-0.04610266536474228
2011-05-05,-0.0561683252453804
2011-05-06,-0.08076517283916473
2011-05-07,-0.09606117755174637
2011-05-08,-0.08658874034881592
2011-05-09,-0.07730451226234436
2011-05-10,-0.09067215770483017
2011-05-11,-0.08660370111465454
2011-05-12,-0.10237377136945724
2011-05-13,-0.09925969690084457
2011-05-14,-0.10021164268255234
2011-05-15,-0.12502065300941467
2011-05-16,-0.13689354062080383
2011-05-17,-0.12610727548599243
2011-05-18,-0.13409847021102905
2011-05-19,-0.14569906890392303
2011-05-20,-0.15906493365764618
2011-05-21,-0.17787224054336548
2011-05-22,-0.15996824204921722
2011-05-23,-0.17244382202625275
2011-05-24,-0.197359099984169
2011-05-25,-0.2064608484506607
2011-05-26,-0.19118714332580566
2011-05-27,-0.20351597666740417
2011-05-28,-0.2059607356786728
2011-05-29,-0.18969620764255524
2011-05-30,-0.19096210598945618
2011-05-31,-0.17861308157444
2011-06-01,-0.1843821257352829
2011-06-02,-0.18203429877758026
2011-06-03,-0.1872597485780716
2011-06-04,-0.19471174478530884
2011-06-05,-0.20868860185146332
2011-06-06,-0.2122037261724472
2011-06-07,-0.2065826952457428
2011-06-08,-0.20736758410930634
2011-06-09,-0.19533458352088928
2011-06-10,-0.20936165750026703
2011-06-11,-0.21811987459659576
2011-06-12,-0.21342997252941132
2011-06-13,-0.19205746054649353
2011-06-14,-0.20285163819789886
2011-06-15,-0.20541326701641083
2011-06-16,-0.22126242518424988
2011-06-17,-0.22476163506507874
2011-06-18,-0.22674639523029327
2011-06-19,-0.2322847545146942
2011-06-20,-0.23783281445503235
2011-06-21,-0.2551032304763794
2011-06-22,-0.2584075629711151
2011-06-23,-0.2563849985599518
2011-06-24,-0.26267462968826294
2011-06-25,-0.25365129113197327
2011-06-26,-0.24408605694770813
2011-06-27,-0.2441795915365219
2011-06-28,-0.24116253852844238
2011-06-29,-0.24358238279819489
2011-06-30,-0.24348467588424683
2011-07-01,-0.25934919714927673
2011-07-02,-0.2588776648044586
2011-07-03,-0.2566419243812561
2011-07-04,-0.2766076922416687
2011-07-05,-0.289698988199234
2011-07-06,-0.28846195340156555
2011-07-07,-0.29482361674308777
2011-07-08,-0.2865537106990814
2011-07-09,-0.30138304829597473
2011-07-10,-0.28639400005340576
2011-07-11,-0.27754855155944824
2011-07-12,-0.29064178466796875
2011-07-13,-0.30004245042800903
2011-07-14,-0.3126782178878784
2011-07-15,-0.33720195293426514
2011-07-16,-0.34002166986465454
2011-07-17,-0.32624226808547974
2011-07-18,-0.34241947531700134
2011-07-19,-0.3806050717830658
2011-07-20,-0.36300891637802124
2011-07-21,-0.35567814111709595
2011-07-22,-0.3665141463279724
2011-07-23,-0.39089182019233704
2011-07-24,-0.36154064536094666
2011-07-25,-0.38070622086524963
2011-07-26,-0.40809181332588196
2011-07-27,-0.4153016209602356
2011-07-28,-0.4201764166355133
2011-07-29,-0.4286249279975891
2011-07-30,-0.44542980194091797
2011-07-31,-0.4285076856613159
2011-08-01,-0.42897477746009827
2011-08-02,-0.4321257472038269
2011-08-03,-0.44199737906455994
2011-08-04,-0.43119606375694275
2011-08-05,-0.4396169185638428
2011-08-06,-0.45294055342674255
2011-08-07,-0.4365043044090271
2011-08-08,-0.46584078669548035
2011-08-09,-0.48317229747772217
2011-08-10,-0.4711349904537201
2011-08-11,-0.4595873951911926
2011-08-12,-0.46600696444511414
2011-08-13,-0.4694068729877472
2011-08-14,-0.43289732933044434
2011-08-15,-0.41079846024513245
2011-08-16,-0.40178343653678894
2011-08-17,-0.38839709758758545
2011-08-18,-0.3728271722793579
2011-08-19,-0.37379390001296997
2011-08-20,-0.375436007976532
2011-08-21,-0.34707769751548767
2011-08-22,-0.3318037986755371
2011-08-23,-0.3436446487903595
2011-08-24,-0.3494296073913574
2011-08-25,-0.3486284613609314
2011-08-26,-0.343942791223526
2011-08-27,-0.3279420733451843
2011-08-28,-0.3001079261302948
2011-08-29,-0.28893616795539856
2011-08-30,-0.2640640139579773
2011-08-31,-0.26772063970565796
2011-09-01,-0.27172788977622986
2011-09-02,-0.276993066072464
2011-09-03,-0.3023882806301117
2011-09-04,-0.3008250296115875
2011-09-05,-0.2917596995830536
2011-09-06,-0.3077399432659149
2011-09-07,-0.3061729967594147
2011-09-08,-0.29403939843177795
2011-09-09,-0.2830347716808319
2011-09-10,-0.29259243607521057
2011-09-11,-0.27691444754600525
2011-09-12,-0.2767511308193207
2011-09-13,-0.28471168875694275
2011-09-14,-0.28493520617485046
2011-09-15,-0.3036612868309021
2011-09-16,-0.319374144077301
2011-09-17,-0.32626137137413025
2011-09-18,-0.30951932072639465
2011-09-19,-0.3142419159412384
2011-09-20,-0.3058571219444275
2011-09-21,-0.3128647208213806
2011-09-22,-0.3094804286956787
2011-09-23,-0.32130712270736694
2011-09-24,-0.31837987899780273
2011-09-25,-0.3057591915130615
2011-09-26,-0.3149700462818146
2011-09-27,-0.31634941697120667
2011-09-28,-0.30180174112319946
2011-09-29,-0.2931603193283081
2011-09-30,-0.29461365938186646
2011-10-01,-0.29604247212409973
2011-10-02,-0.2974418103694916
2011-10-03,-0.29369673132896423
2011-10-04,-0.2827128469944
2011-10-05,-0.2831467092037201
2011-10-06,-0.2601116895675659
2011-10-07,-0.2597147822380066
2011-10-08,-0.2664445638656616
2011-10-09,-0.26226118206977844
2011-10-10,-0.2753108739852905
2011-10-11,-0.26673129200935364
2011-10-12,-0.24947580695152283
2011-10-13,-0.2295299917459488
2011-10-14,-0.2190254181623459
2011-10-15,-0.2017972767353058
2011-10-16,-0.17665688693523407
2011-10-17,-0.17088879644870758
2011-10-18,-0.17098426818847656
2011-10-19,-0.17003825306892395
2011-10-20,-0.16266362369060516
2011-10-21,-0.16063545644283295
2011-10-22,-0.16606535017490387
2011-10-23,-0.1607104390859604
2011-10-24,-0.15420621633529663
2011-10-25,-0.13856001198291779
2011-10-26,-0.131492018699646
2011-10-27,-0.1267278641462326
2011-10-28,-0.13148030638694763
2011-10-29,-0.11568496376276016
2011-10-30,-0.08647771924734116
2011-10-31,-0.09346502274274826
2011-11-01,-0.10519386827945709
2011-11-02,-0.11590621620416641
2011-11-03,-0.11227878928184509
2011-11-04,-0.12309775501489639
2011-11-05,-0.14437705278396606
2011-11-06,-0.14203216135501862
2011-11-07,-0.15793243050575256
2011-11-08,-0.15147554874420166
2011-11-09,-0.16071654856204987
2011-11-10,-0.18731459975242615
2011-11-11,-0.19243647158145905
2011-11-12,-0.19432979822158813
2011-11-13,-0.1695231944322586
2011-11-14,-0.1636294424533844
2011-11-15,-0.1742667704820633
2011-11-16,-0.15664483606815338
2011-11-17,-0.17067018151283264
2011-11-18,-0.16540300846099854
2011-11-19,-0.16907981038093567
2011-11-20,-0.17406302690505981
2011-11-21,-0.1770935356616974
2011-11-22,-0.20124948024749756
2011-11-23,-0.2026229053735733
2011-11-24,-0.21324047446250916
2011-11-25,-0.2247312068939209
2011-11-26,-0.22672466933727264
2011-11-27,-0.21247941255569458
2011-11-28,-0.21225151419639587
2011-11-29,-0.23276802897453308
2011-11-30,-0.23941738903522491
2011-12-01,-0.25189077854156494
2011-12-02,-0.26202937960624695
2011-12-03,-0.2775806486606598
2011-12-04,-0.26982393860816956
2011-12-05,-0.24867868423461914
2011-12-06,-0.25935715436935425
2011-12-07,-0.2648848295211792
2011-12-08,-0.2677460312843323
2011-12-09,-0.2783209979534149
2011-12-10,-0.2770406901836395
2011-12-11,-0.2722453773021698
2011-12-12,-0.2847748100757599
2011-12-13,-0.2904283106327057
2011-12-14,-0.29388248920440674
2011-12-15,-0.3115905821323395
2011-12-16,-0.3053293824195862
2011-12-17,-0.3190612494945526
2011-12-18,-0.32084494829177856
2011-12-19,-0.28861385583877563
2011-12-20,-0.3030865788459778
2011-12-21,-0.30078092217445374
2011-12-22,-0.3098430633544922
2011-12-23,-0.3239099979400635
2011-12-24,-0.291229248046875
2011-12-25,-0.2936200499534607
2011-12-26,-0.2973730266094208
2011-12-27,-0.30553850531578064
2011-12-28,-0.2900664508342743
2011-12-29,-0.2970186173915863
2011-12-30,-0.3142106831073761
2011-12-31,-0.322807639837265
2012-01-01,-0.3002026081085205
2012-01-02,-0.285653680562973
2012-01-03,-0.3101480305194855
2012-01-04,-0.28457847237586975
2012-01-05,-0.26574158668518066
2012-01-06,-0.2509787976741791
2012-01-07,-0.25460267066955566
2012-01-08,-0.23011869192123413
2012-01-09,-0.20578409731388092
2012-01-10,-0.20631244778633118
2012-01-11,-0.19083274900913239
2012-01-12,-0.18948477506637573
2012-01-13,-0.20533378422260284
2012-01-14,-0.24254879355430603
2012-01-15,-0.21955089271068573
2012-01-16,-0.2193111628293991
2012-01-17,-0.21707704663276672
2012-01-18,-0.20310410857200623
2012-01-19,-0.19990703463554382
2012-01-20,-0.1808520257472992
2012-01-21,-0.17357736825942993
2012-01-22,-0.17495881021022797
2012-01-23,-0.18403661251068115
2012-01-24,-0.16693201661109924
2012-01-25,-0.16203570365905762
2012-01-26,-0.14166605472564697
2012-01-27,-0.1286989152431488
2012-01-28,-0.1042676493525505
2012-01-29,-0.08591548353433609
2012-01-30,-0.0847240760922432
2012-01-31,-0.07106727361679077
2012-02-01,-0.07529934495687485
2012-02-02,-0.07837729901075363
2012-02-03,-0.07976143062114716
2012-02-04,-0.06561749428510666
2012-02-05,-0.04591712728142738
2012-02-06,-0.032848864793777466
2012-02-07,-0.06293453276157379
2012-02-08,-0.08130812644958496
2012-02-09,-0.09419795125722885
2012-02-10,-0.11113719642162323
2012-02-11,-0.1177448108792305
2012-02-12,-0.10197846591472626
2012-02-13,-0.09145990014076233
2012-02-14,-0.09386038780212402
2012-02-15,-0.08951497077941895
2012-02-16,-0.09787160903215408
2012-02-17,-0.1047738716006279
2012-02-18,-0.10026852041482925
2012-02-19,-0.08701370656490326
2012-02-20,-0.09231175482273102
2012-02-21,-0.10155709832906723
2012-02-22,-0.09538798779249191
2012-02-23,-0.08254444599151611
2012-02-24,-0.0867021456360817
2012-02-25,-0.08887258172035217
2012-02-26,-0.07902005314826965
2012-02-27,-0.08613742142915726
2012-02-28,-0.07822639495134354
2012-02-29,-0.07929926365613937
2012-03-01,-0.08671975880861282
2012-03-02,-0.06547294557094574
2012-03-03,-0.06556340306997299
2012-03-04,-0.05104668438434601
2012-03-05,-0.029861804097890854
2012-03-06,-0.033499594777822495
2012-03-07,-0.03458593413233757
2012-03-08,-0.02745833992958069
2012-03-09,-0.035297732800245285
2012-03-10,-0.0216672420501709
2012-03-11,-0.018579203635454178
2012-03-12,-0.0215680580586195
2012-03-13,-0.03734780102968216
2012-03-14,-0.025085823610424995
2012-03-15,-0.008044411428272724
2012-03-16,-0.007546909619122744
2012-03-17,-0.0024908981285989285
2012-03-18,0.002828695345669985
2012-03-19,0.00821108091622591
2012-03-20,0.0006931954412721097
2012-03-21,-0.007405012380331755
2012-03-22,-0.002378464676439762
2012-03-23,-0.0017023712862282991
2012-03-24,0.012170291505753994
2012-03-25,0.008823935873806477
2012-03-26,0.012169737368822098
2012-03-27,-0.006257908418774605
2012-03-28,-0.013567861169576645
2012-03-29,-0.0033167367801070213
2012-03-30,-0.003157813334837556
2012-03-31,0.0016065617091953754
2012-04-01,0.005546241067349911
2012-04-02,0.017320258542895317
2012-04-03,0.00030675315065309405
2012-04-04,0.005703926086425781
2012-04-05,0.004357334226369858
2012-04-06,-0.009085160680115223
2012-04-07,-0.018441004678606987
2012-04-08,-0.014966512098908424
2012-04-09,-0.002807676326483488
2012-04-10,-0.0009660092182457447
2012-04-11,0.006068233400583267
2012-04-12,-0.020064417272806168
2012-04-13,-0.028855029493570328
2012-04-14,-0.030992213636636734
2012-04-15,-0.01648435741662979
2012-04-16,-0.003930139355361462
2012-04-17,0.006254750303924084
2012-04-18,0.016503501683473587
2012-04-19,0.02745155803859234
2012-04-20,0.017243240028619766
2012-04-21,0.010102353990077972
2012-04-22,0.0026332009583711624
2012-04-23,0.003735149512067437
2012-04-24,-0.018074002116918564
2012-04-25,-0.011043732985854149
2012-04-26,-0.00463439105078578
2012-04-27,-0.0019778446294367313
2012-04-28,0.01188509538769722
2012-04-29,0.012123594991862774
2012-04-30,0.022480450570583344
2012-05-01,0.024632932618260384
2012-05-02,0.02282560244202614
2012-05-03,0.01293264515697956
2012-05-04,0.0032686712220311165
2012-05-05,-0.020865611732006073
2012-05-06,-0.014759566634893417
2012-05-07,-0.017936313524842262
2012-05-08,-0.029446369037032127
2012-05-09,-0.05466974154114723
2012-05-10,-0.0548834390938282
2012-05-11,-0.07820753753185272
2012-05-12,-0.0834428071975708
2012-05-13,-0.10458071529865265
2012-05-14,-0.13548511266708374
2012-05-15,-0.17188425362110138
2012-05-16,-0.17535343766212463
2012-05-17,-0.1871294528245926
2012-05-18,-0.19344139099121094
2012-05-19,-0.21551571786403656
2012-05-20,-0.2329784780740738
2012-05-21,-0.21670173108577728
2012-05-22,-0.20049932599067688
2012-05-23,-0.19789333641529083
2012-05-24,-0.20564942061901093
2012-05-25,-0.20225228369235992
2012-05-26,-0.1913202404975891
2012-05-27,-0.1822654902935028
2012-05-28,-0.16362981498241425
2012-05-29,-0.17564187943935394
2012-05-30,-0.17578202486038208
2012-05-31,-0.1711193025112152
2012-06-01,-0.2013419270515442
2012-06-02,-0.2390110194683075
2012-06-03,-0.2421201914548874
2012-06-04,-0.26866838335990906
2012-06-05,-0.2714744806289673
2012-06-06,-0.2660271227359772
2012-06-07,-0.2580592632293701
2012-06-08,-0.25607678294181824
2012-06-09,-0.24943915009498596
2012-06-10,-0.24180348217487335
2012-06-11,-0.24522338807582855
2012-06-12,-0.24226519465446472
2012-06-13,-0.23776070773601532
2012-06-14,-0.24094878137111664
2012-06-15,-0.24227410554885864
2012-06-16,-0.24706314504146576
2012-06-17,-0.24370206892490387
2012-06-18,-0.25079745054244995
2012-06-19,-0.2479175478219986
2012-06-20,-0.2315582036972046
2012-06-21,-0.22811497747898102
2012-06-22,-0.23376306891441345
2012-06-23,-0.24193719029426575
2012-06-24,-0.21840216219425201
2012-06-25,-0.23096303641796112
2012-06-26,-0.23891568183898926
2012-06-27,-0.22136153280735016
2012-06-28,-0.21503259241580963
2012-06-29,-0.2024349719285965
2012-06-30,-0.20469486713409424
2012-07-01,-0.20215854048728943
2012-07-02,-0.21200299263000488
2012-07-03,-0.22020521759986877
2012-07-04,-0.2019430547952652
2012-07-05,-0.19914878904819489
2012-07-06,-0.19977053999900818
2012-07-07,-0.22433879971504211
2012-07-08,-0.20240597426891327
2012-07-09,-0.18930916488170624
2012-07-10,-0.18273359537124634
2012-07-11,-0.18909434974193573
2012-07-12,-0.2075159102678299
2012-07-13,-0.22713670134544373
2012-07-14,-0.22267445921897888
2012-07-15,-0.22116585075855255
2012-07-16,-0.22510850429534912
2012-07-17,-0.23556452989578247
2012-07-18,-0.2542569935321808
2012-07-19,-0.25137871503829956
2012-07-20,-0.24783824384212494
2012-07-21,-0.25670507550239563
2012-07-22,-0.23929661512374878
2012-07-23,-0.23198427259922028
2012-07-24,-0.25640594959259033
2012-07-25,-0.2581201493740082
2012-07-26,-0.2699125111103058
2012-07-27,-0.2689605951309204
2012-07-28,-0.31151899695396423
2012-07-29,-0.29252853989601135
2012-07-30,-0.29140815138816833
2012-07-31,-0.29290369153022766
2012-08-01,-0.2838435769081116
2012-08-02,-0.28597161173820496
2012-08-03,-0.27619919180870056
2012-08-04,-0.28078892827033997
2012-08-05,-0.28402179479599
2012-08-06,-0.2505079507827759
2012-08-07,-0.23816396296024323
2012-08-08,-0.22913268208503723
2012-08-09,-0.21946687996387482
2012-08-10,-0.21663452684879303
2012-08-11,-0.19848471879959106
2012-08-12,-0.18437325954437256
2012-08-13,-0.17487411201000214
2012-08-14,-0.1641213744878769
2012-08-15,-0.16829973459243774
2012-08-16,-0.15119969844818115
2012-08-17,-0.13887523114681244
2012-08-18,-0.1165526732802391
2012-08-19,-0.09467988461256027
2012-08-20,-0.08754729479551315
2012-08-21,-0.10379768908023834
2012-08-22,-0.09665205329656601
2012-08-23,-0.10115416347980499
2012-08-24,-0.11935752630233765
2012-08-25,-0.14358122646808624
2012-08-26,-0.14688332378864288
2012-08-27,-0.13936063647270203
2012-08-28,-0.10768593847751617
2012-08-29,-0.0938834547996521
2012-08-30,-0.08017262071371078
2012-08-31,-0.05931771919131279
2012-09-01,-0.05649806931614876
2012-09-02,-0.06564915180206299
2012-09-03,-0.05494064837694168
2012-09-04,-0.052745234221220016
2012-09-05,-0.05751849338412285
2012-09-06,-0.06197909265756607
2012-09-07,-0.07606944441795349
2012-09-08,-0.09946382790803909
2012-09-09,-0.07709500938653946
2012-09-10,-0.07106447219848633
2012-09-11,-0.07760163396596909
2012-09-12,-0.07983127981424332
2012-09-13,-0.08276199549436569
2012-09-14,-0.07734764367341995
2012-09-15,-0.07284995168447495
2012-09-16,-0.055756665766239166
2012-09-17,-0.03975587338209152
2012-09-18,-0.05680524930357933
2012-09-19,-0.054740045219659805
2012-09-20,-0.05208714306354523
2012-09-21,-0.05107752978801727
2012-09-22,-0.03351125866174698
2012-09-23,-0.027084972709417343
2012-09-24,-0.008448389358818531
2012-09-25,0.0015027313493192196
2012-09-26,0.02471424825489521
2012-09-27,0.01889924332499504
2012-09-28,0.01338167767971754
2012-09-29,0.008513775654137135
2012-09-30,0.011559315025806427
2012-10-01,0.0035145552828907967
2012-10-02,-0.013840106315910816
2012-10-03,-0.010121695697307587
2012-10-04,-0.006049778778105974
2012-10-05,0.0024602855555713177
2012-10-06,-0.0040403068996965885
2012-10-07,-0.0001317632122663781
2012-10-08,-0.009108173660933971
2012-10-09,-0.022305361926555634
2012-10-10,-0.03704013302922249
2012-10-11,-0.03813211992383003
2012-10-12,-0.03511180728673935
2012-10-13,-0.02709575556218624
2012-10-14,-0.020665612071752548
2012-10-15,0.00470515014603734
2012-10-16,0.0333489291369915
2012-10-17,0.038990046828985214
2012-10-18,0.037984881550073624
2012-10-19,0.02894219383597374
2012-10-20,0.029485328122973442
2012-10-21,0.025505097582936287
2012-10-22,0.04498697817325592
2012-10-23,0.03472377732396126
2012-10-24,0.0065972707234323025
2012-10-25,0.015716692432761192
2012-10-26,0.007792376913130283
2012-10-27,0.0007504517561756074
2012-10-28,0.0037071851547807455
2012-10-29,0.0058837770484387875
2012-10-30,0.0195187758654356
2012-10-31,0.017903603613376617
2012-11-01,0.018262624740600586
2012-11-02,0.02194696106016636
2012-11-03,0.015588170848786831
2012-11-04,0.029654858633875847
2012-11-05,0.023557148873806
2012-11-06,0.007617387920618057
2012-11-07,0.01704080030322075
2012-11-08,-0.002232643775641918
2012-11-09,-0.008441383019089699
2012-11-10,1.96185901586432e-05
2012-11-11,-0.00649750092998147
2012-11-12,-0.012823393568396568
2012-11-13,-0.014007148332893848
2012-11-14,-0.016886239871382713
2012-11-15,-0.032386668026447296
2012-11-16,-0.049377866089344025
2012-11-17,-0.03307680785655975
2012-11-18,-0.02178119122982025
2012-11-19,-0.007513116113841534
2012-11-20,0.005525295156985521
2012-11-21,-0.02261575125157833
2012-11-22,-0.034870728850364685
2012-11-23,-0.0127242561429739
2012-11-24,-0.009133884683251381
2012-11-25,0.008152289316058159
2012-11-26,0.022032184526324272
2012-11-27,0.030689330771565437
2012-11-28,0.03874668478965759
2012-11-29,0.036222148686647415
2012-11-30,0.022770991548895836
2012-12-01,0.026263322681188583
2012-12-02,0.02353069931268692
2012-12-03,0.02819380722939968
2012-12-04,0.02858029492199421
2012-12-05,0.024602511897683144
2012-12-06,0.020567134022712708
2012-12-07,0.00991837028414011
2012-12-08,-0.0016851709224283695
2012-12-09,0.001025018165819347
2012-12-10,0.006497491151094437
2012-12-11,0.008542357943952084
2012-12-12,0.009474145248532295
2012-12-13,0.013212666846811771
2012-12-14,0.016188781708478928
2012-12-15,0.019267963245511055
2012-12-16,0.017529446631669998
2012-12-17,0.028059227392077446
2012-12-18,0.019036225974559784
2012-12-19,0.017961395904421806
2012-12-20,0.010739586316049099
2012-12-21,0.010526350699365139
2012-12-22,0.0029490196611732244
2012-12-23,-0.005719213280826807
2012-12-24,-0.03126297518610954
2012-12-25,-0.06665892153978348
2012-12-26,-0.058251067996025085
2012-12-27,-0.054876986891031265
2012-12-28,-0.06695494055747986
2012-12-29,-0.07361161708831787
2012-12-30,-0.06607368588447571
2012-12-31,-0.07602892816066742
2013-01-01,-0.07835031300783157
2013-01-02,-0.07842373102903366
2013-01-03,-0.07832495123147964
2013-01-04,-0.06441560387611389
2013-01-05,-0.05623779818415642
2013-01-06,-0.04496406763792038
2013-01-07,-0.05097309872508049
2013-01-08,-0.0672873705625534
2013-01-09,-0.06537224352359772
2013-01-10,-0.05005922541022301
2013-01-11,-0.056197166442871094
2013-01-12,-0.04502568021416664
2013-01-13,-0.04201031103730202
2013-01-14,-0.058138683438301086
2013-01-15,-0.09368301182985306
2013-01-16,-0.10860438644886017
2013-01-17,-0.11555472016334534
2013-01-18,-0.12387560307979584
2013-01-19,-0.13560372591018677
2013-01-20,-0.14225095510482788
2013-01-21,-0.11671867221593857
2013-01-22,-0.1173144280910492
2013-01-23,-0.10854217410087585
2013-01-24,-0.10765863209962845
2013-01-25,-0.0991925522685051
2013-01-26,-0.07589069753885269
2013-01-27,-0.06048610433936119
2013-01-28,-0.0413663424551487
2013-01-29,-0.03904148191213608
2013-01-30,-0.027461962774395943
2013-01-31,-0.03298492357134819
2013-02-01,-0.03951622545719147
2013-02-02,-0.033635299652814865
2013-02-03,-0.022415127605199814
2013-02-04,-0.008599220775067806
2013-02-05,-0.025613868609070778
2013-02-06,-0.04282563179731369
2013-02-07,-0.052512411028146744
2013-02-08,-0.04621047526597977
2013-02-09,-0.04490575194358826
2013-02-10,-0.017931845039129257
2013-02-11,-0.03853222355246544
2013-02-12,-0.043261606246232986
2013-02-13,-0.04204516485333443
2013-02-14,-0.03630977123975754
2013-02-15,-0.03322006016969681
2013-02-16,-0.024763207882642746
2013-02-17,-0.029023917391896248
2013-02-18,-0.0008666555513627827
2013-02-19,0.003875244874507189
2013-02-20,-0.006200698204338551
2013-02-21,-0.02183094620704651
2013-02-22,-0.020979244261980057
2013-02-23,-0.03366563841700554
2013-02-24,-0.054763063788414
2013-02-25,-0.0680573433637619
2013-02-26,-0.08721092343330383
2013-02-27,-0.08809753507375717
2013-02-28,-0.08901787549257278
2013-03-01,-0.0898723155260086
2013-03-02,-0.11279627680778503
2013-03-03,-0.11323487758636475
2013-03-04,-0.11547791957855225
2013-03-05,-0.11620136350393295
2013-03-06,-0.11296124756336212
2013-03-07,-0.1043425127863884
2013-03-08,-0.09388163685798645
2013-03-09,-0.0749402642250061
2013-03-10,-0.06174788996577263
2013-03-11,-0.06314674764871597
2013-03-12,-0.053668100386857986
2013-03-13,-0.04846978560090065
2013-03-14,-0.0321253277361393
2013-03-15,-0.04142393171787262
2013-03-16,-0.02592579834163189
2013-03-17,0.00022587059356737882
2013-03-18,0.004893188364803791
2013-03-19,-0.00505527388304472
2013-03-20,-0.021855711936950684
2013-03-21,-0.03583381325006485
2013-03-22,-0.030269553884863853
2013-03-23,-0.001381579553708434
2013-03-24,-0.010425176471471786
2013-03-25,-0.014173262752592564
2013-03-26,-0.02042541280388832
2013-03-27,-0.010717500932514668
2013-03-28,-0.0035137003287672997
2013-03-29,-0.0025542466901242733
2013-03-30,-0.013687912374734879
2013-03-31,-0.0064879474230110645
2013-04-01,0.005310226697474718
2013-04-02,-0.009719588793814182
2013-04-03,0.004528478253632784
2013-04-04,-0.010802976787090302
2013-04-05,-0.017246412113308907
2013-04-06,-0.027207937091588974
2013-04-07,-0.016742590814828873
2013-04-08,-0.020916610956192017
2013-04-09,-0.01572646200656891
2013-04-10,-0.024592816829681396
2013-04-11,-0.020019840449094772
2013-04-12,-0.014888002537190914
2013-04-13,-0.017460951581597328
2013-04-14,0.0004960351507179439
2013-04-15,0.0044988105073571205
2013-04-16,0.015714537352323532
2013-04-17,0.019724151119589806
2013-04-18,0.001983832335099578
2013-04-19,0.010037863627076149
2013-04-20,0.0015954647678881884
2013-04-21,0.01699782721698284
2013-04-22,0.03252348303794861
2013-04-23,0.02842463180422783
2013-04-24,0.0228562131524086
2013-04-25,0.048241447657346725
2013-04-26,0.05286324769258499
2013-04-27,0.044875238090753555
2013-04-28,0.04207080975174904
2013-04-29,0.030731558799743652
2013-04-30,0.03424784913659096
2013-05-01,0.04302779957652092
2013-05-02,0.04403780773282051
2013-05-03,0.04334433004260063
2013-05-04,0.04476180672645569
2013-05-05,0.05451701581478119
2013-05-06,0.04493608698248863
2013-05-07,0.04665454104542732
2013-05-08,0.03764944523572922
2013-05-09,0.03754309192299843
2013-05-10,0.02938169054687023
2013-05-11,0.017719024792313576
2013-05-12,0.012480052188038826
2013-05-13,0.005692238453775644
2013-05-14,-0.0021587626542896032
2013-05-15,-0.016738640144467354
2013-05-16,-0.023353351280093193
2013-05-17,-0.0266051534563303
2013-05-18,-0.01791122369468212
2013-05-19,-0.020978055894374847
2013-05-20,-0.03436485677957535
2013-05-21,-0.028539033606648445
2013-05-22,-0.02003106288611889
2013-05-23,-0.01904718577861786
2013-05-24,-0.02159574255347252
2013-05-25,-0.026451697573065758
2013-05-26,-0.010749861598014832
2013-05-27,0.001427101669833064
2013-05-28,0.022328214719891548
2013-05-29,0.037500541657209396
2013-05-30,0.0454227440059185
2013-05-31,0.053637176752090454
2013-06-01,0.04730386286973953
2013-06-02,0.04725752770900726
2013-06-03,0.035926565527915955
2013-06-04,0.04174124822020531
2013-06-05,0.04935448616743088
2013-06-06,0.04069534316658974
2013-06-07,0.03948495164513588
2013-06-08,0.05171002075076103
2013-06-09,0.05908985435962677
2013-06-10,0.06844626367092133
2013-06-11,0.06580421328544617
2013-06-12,0.051262401044368744
2013-06-13,0.03214174136519432
2013-06-14,0.050626881420612335
2013-06-15,0.047850947827100754
2013-06-16,0.050813160836696625
2013-06-17,0.06058298423886299
2013-06-18,0.06372076272964478
2013-06-19,0.06542056053876877
2013-06-20,0.0703563317656517
2013-06-21,0.06368640810251236
2013-06-22,0.05686987563967705
2013-06-23,0.0669441670179367
2013-06-24,0.07015342265367508
2013-06-25,0.06252536922693253
2013-06-26,0.07946029305458069
2013-06-27,0.08216522634029388
2013-06-28,0.08371680974960327
2013-06-29,0.08376023173332214
2013-06-30,0.09577033668756485
2013-07-01,0.09732387214899063
2013-07-02,0.09984198957681656
2013-07-03,0.1043330729007721
2013-07-04,0.09419014304876328
2013-07-05,0.1114952564239502
2013-07-06,0.12947393953800201
2013-07-07,0.16442303359508514
2013-07-08,0.18956412374973297
2013-07-09,0.17306174337863922
2013-07-10,0.14942368865013123
2013-07-11,0.14355717599391937
2013-07-12,0.13823558390140533
2013-07-13,0.14475584030151367
2013-07-14,0.123699851334095
2013-07-15,0.13337960839271545
2013-07-16,0.14750178158283234
2013-07-17,0.15705767273902893
2013-07-18,0.14663246273994446
2013-07-19,0.11993256211280823
2013-07-20,0.105772003531456
2013-07-21,0.09763976186513901
2013-07-22,0.08925560861825943
2013-07-23,0.07973578572273254
2013-07-24,0.08380772173404694
2013-07-25,0.10675907880067825
2013-07-26,0.09563957899808884
2013-07-27,0.10774470120668411
2013-07-28,0.09228198230266571
2013-07-29,0.0866284891963005
2013-07-30,0.07612781971693039
2013-07-31,0.08734531700611115
2013-08-01,0.09298138320446014
2013-08-02,0.0841355249285698
2013-08-03,0.06874531507492065
2013-08-04,0.07625501602888107
2013-08-05,0.0670907199382782
2013-08-06,0.05719085410237312
2013-08-07,0.04610029608011246
2013-08-08,0.054717857390642166
2013-08-09,0.05220860615372658
2013-08-10,0.05257350951433182
2013-08-11,0.05464944615960121
2013-08-12,0.06077170744538307
2013-08-13,0.05265645310282707
2013-08-14,0.05886233597993851
2013-08-15,0.04901936277747154
2013-08-16,0.050147321075201035
2013-08-17,0.051034461706876755
2013-08-18,0.06276598572731018
2013-08-19,0.07225136458873749
2013-08-20,0.05460376292467117
2013-08-21,0.053632136434316635
2013-08-22,0.05025261640548706
2013-08-23,0.06629498302936554
2013-08-24,0.06333226710557938
2013-08-25,0.05862591788172722
2013-08-26,0.05414024367928505
2013-08-27,0.05769741162657738
2013-08-28,0.058728575706481934
2013-08-29,0.05491318926215172
2013-08-30,0.059475310146808624
2013-08-31,0.06720007956027985
2013-09-01,0.08267666399478912
2013-09-02,0.07564667612314224
2013-09-03,0.08322226256132126
2013-09-04,0.09034253656864166
2013-09-05,0.11121557652950287
2013-09-06,0.10948636382818222
2013-09-07,0.09855977445840836
2013-09-08,0.09474671632051468
2013-09-09,0.08787135034799576
2013-09-10,0.0627947449684143
2013-09-11,0.046961184591054916
2013-09-12,0.032980743795633316
2013-09-13,0.02342255227267742
2013-09-14,0.014805998653173447
2013-09-15,0.015938419848680496
2013-09-16,0.013612136244773865
2013-09-17,-0.0046840086579322815
2013-09-18,-0.004343226086348295
2013-09-19,-0.01160608883947134
2013-09-20,-0.010426457971334457
2013-09-21,-0.019015507772564888
2013-09-22,-0.03692181780934334
2013-09-23,-0.05816413462162018
2013-09-24,-0.06449886411428452
2013-09-25,-0.07120396941900253
2013-09-26,-0.08370550721883774
2013-09-27,-0.0930330902338028
2013-09-28,-0.08616974949836731
2013-09-29,-0.08336278051137924
2013-09-30,-0.1034662202000618
2013-10-01,-0.12114676088094711
2013-10-02,-0.13416510820388794
2013-10-03,-0.16125358641147614
2013-10-04,-0.19146175682544708
2013-10-05,-0.20923982560634613
2013-10-06,-0.20697897672653198
2013-10-07,-0.2241528332233429
2013-10-08,-0.23604436218738556
2013-10-09,-0.25011715292930603
2013-10-10,-0.24343553185462952
2013-10-11,-0.24543043971061707
2013-10-12,-0.2459968477487564
2013-10-13,-0.23160868883132935
2013-10-14,-0.24735945463180542
2013-10-15,-0.25523677468299866
2013-10-16,-0.27507156133651733
2013-10-17,-0.2684510350227356
2013-10-18,-0.2742169201374054
2013-10-19,-0.28973862528800964
2013-10-20,-0.27041876316070557
2013-10-21,-0.27728766202926636
2013-10-22,-0.27955400943756104
2013-10-23,-0.2934457063674927
2013-10-24,-0.30882716178894043
2013-10-25,-0.2950139343738556
2013-10-26,-0.2810654938220978
2013-10-27,-0.2689474821090698
2013-10-28,-0.2615194320678711
2013-10-29,-0.25381001830101013
2013-10-30,-0.24333606660366058
2013-10-31,-0.24142712354660034
2013-11-01,-0.2516860365867615
2013-11-02,-0.21500369906425476
2013-11-03,-0.2037922441959381
2013-11-04,-0.183452308177948
2013-11-05,-0.17546018958091736
2013-11-06,-0.16017819941043854
2013-11-07,-0.1614011526107788
2013-11-08,-0.15826356410980225
2013-11-09,-0.1392364501953125
2013-11-10,-0.1308993250131607
2013-11-11,-0.11364088952541351
2013-11-12,-0.09357286989688873
2013-11-13,-0.0854281485080719
2013-11-14,-0.09180975705385208
2013-11-15,-0.08206305652856827
2013-11-16,-0.06614167988300323
2013-11-17,-0.03915204480290413
2013-11-18,-0.036701496690511703
2013-11-19,-0.03359220176935196
2013-11-20,-0.027200719341635704
2013-11-21,-0.0230824276804924
2013-11-22,-0.011681069619953632
2013-11-23,-0.009743359871208668
2013-11-24,0.003253041533753276
2013-11-25,0.026783840730786324
2013-11-26,0.029003486037254333
2013-11-27,0.0346623919904232
2013-11-28,0.031559623777866364
2013-11-29,0.041690416634082794
2013-11-30,0.06114703416824341
2013-12-01,0.07374455034732819
2013-12-02,0.08494917303323746
2013-12-03,0.07593556493520737
2013-12-04,0.061341580003499985
2013-12-05,0.0680622085928917
2013-12-06,0.06755905598402023
2013-12-07,0.08509355783462524
2013-12-08,0.09395164996385574
2013-12-09,0.09342056512832642
2013-12-10,0.10170289874076843
2013-12-11,0.1069895550608635
2013-12-12,0.11191462725400925
2013-12-13,0.09251289814710617
2013-12-14,0.08127526938915253
2013-12-15,0.07194370776414871
2013-12-16,0.08484319597482681
2013-12-17,0.09033303707838058
2013-12-18,0.09409065544605255
2013-12-19,0.09433121234178543
2013-12-20,0.0940425917506218
2013-12-21,0.09576496481895447
2013-12-22,0.10171205550432205
2013-12-23,0.1301167607307434
2013-12-24,0.1657620370388031
2013-12-25,0.15733866393566132
2013-12-26,0.16241876780986786
2013-12-27,0.16240593791007996
2013-12-28,0.15340091288089752
2013-12-29,0.15915870666503906
2013-12-30,0.17570891976356506
2013-12-31,0.16522625088691711
2014-01-01,0.17375199496746063
2014-01-02,0.16986572742462158
2014-01-03,0.17377960681915283
2014-01-04,0.1852785050868988
2014-01-05,0.18074952065944672
2014-01-06,0.1873357594013214
2014-01-07,0.1846764236688614
2014-01-08,0.1741533726453781
2014-01-09,0.1685028076171875
2014-01-10,0.15476584434509277
2014-01-11,0.14062269032001495
2014-01-12,0.1402612328529358
2014-01-13,0.1463189572095871
2014-01-14,0.13811194896697998
2014-01-15,0.1272548884153366
2014-01-16,0.11736049503087997
2014-01-17,0.11205879598855972
2014-01-18,0.11210308223962784
2014-01-19,0.11993639171123505
2014-01-20,0.1248386800289154
2014-01-21,0.12865042686462402
2014-01-22,0.1187720075249672
2014-01-23,0.12036698311567307
2014-01-24,0.11112382262945175
2014-01-25,0.10191147774457932
2014-01-26,0.10715217143297195
2014-01-27,0.10634107887744904
2014-01-28,0.11413110792636871
2014-01-29,0.12396207451820374
2014-01-30,0.1299109309911728
2014-01-31,0.1375851333141327
2014-02-01,0.14750148355960846
2014-02-02,0.15394902229309082
2014-02-03,0.15001161396503448
2014-02-04,0.14060573279857635
2014-02-05,0.1381271779537201
2014-02-06,0.14438584446907043
2014-02-07,0.13066460192203522
2014-02-08,0.12219179421663284
2014-02-09,0.12997961044311523
2014-02-10,0.13220204412937164
2014-02-11,0.12380341440439224
2014-02-12,0.12261514365673065
2014-02-13,0.10213014483451843
2014-02-14,0.07333822548389435
2014-02-15,0.06061260402202606
2014-02-16,0.09193692356348038
2014-02-17,0.10347557067871094
2014-02-18,0.09451703727245331
2014-02-19,0.08585832267999649
2014-02-20,0.07637199014425278
2014-02-21,0.06822969019412994
2014-02-22,0.05681964382529259
2014-02-23,0.0631125271320343
2014-02-24,0.04244402050971985
2014-02-25,0.045912303030490875
2014-02-26,0.05985663831233978
2014-02-27,0.06382075697183609
2014-02-28,0.06266554445028305
2014-03-01,0.0665481835603714
2014-03-02,0.07374576479196548
2014-03-03,0.08028849214315414
2014-03-04,0.07522111386060715
2014-03-05,0.07708417624235153
2014-03-06,0.07789696007966995
2014-03-07,0.08139710128307343
2014-03-08,0.0863223522901535
2014-03-09,0.08991025388240814
2014-03-10,0.07586634904146194
2014-03-11,0.07795505970716476
2014-03-12,0.07239990681409836
2014-03-13,0.0698016807436943
2014-03-14,0.062491584569215775
2014-03-15,0.048900168389081955
2014-03-16,0.06121226027607918
2014-03-17,0.07261135429143906
2014-03-18,0.058514922857284546
2014-03-19,0.042858704924583435
2014-03-20,0.03855883702635765
2014-03-21,0.026874635368585587
2014-03-22,0.02625991776585579
2014-03-23,0.03887530416250229
2014-03-24,0.03706296533346176
2014-03-25,0.03512578457593918
2014-03-26,0.046831805258989334
2014-03-27,0.06363704800605774
2014-03-28,0.06429116427898407
2014-03-29,0.07754860818386078
2014-03-30,0.05782657489180565
2014-03-31,0.0788138285279274
2014-04-01,0.0824780985713005
2014-04-02,0.09512419253587723
2014-04-03,0.08913496136665344
2014-04-04,0.08879828453063965
2014-04-05,0.09632151573896408
2014-04-06,0.11173567175865173
2014-04-07,0.11562830954790115
2014-04-08,0.11255023628473282
2014-04-09,0.09542649984359741
2014-04-10,0.0950925275683403
2014-04-11,0.07103023678064346
2014-04-12,0.08274585753679276
2014-04-13,0.09443327784538269
2014-04-14,0.08777425438165665
2014-04-15,0.07804406434297562
2014-04-16,0.08783869445323944
2014-04-17,0.08911988884210587
2014-04-18,0.10071000456809998
2014-04-19,0.11213754862546921
2014-04-20,0.09455622732639313
2014-04-21,0.07074207067489624
2014-04-22,0.07322217524051666
2014-04-23,0.06805187463760376
2014-04-24,0.06677021086215973
2014-04-25,0.06296706944704056
2014-04-26,0.056496795266866684
2014-04-27,0.05047517269849777
2014-04-28,0.034635234624147415
2014-04-29,0.017717964947223663
2014-04-30,0.019531838595867157
2014-05-01,0.021658826619386673
2014-05-02,0.024895481765270233
2014-05-03,0.01799904927611351
2014-05-04,0.035171136260032654
2014-05-05,0.03998918831348419
2014-05-06,0.04496689513325691
2014-05-07,0.05600867047905922
2014-05-08,0.06443890184164047
2014-05-09,0.05166889727115631
2014-05-10,0.06758315116167068
2014-05-11,0.09483791142702103
2014-05-12,0.0771256536245346
2014-05-13,0.07426001876592636
2014-05-14,0.06390334665775299
2014-05-15,0.06398109346628189
2014-05-16,0.03981399163603783
2014-05-17,0.04588359221816063
2014-05-18,0.04632606729865074
2014-05-19,0.028978576883673668
2014-05-20,0.01851450651884079
2014-05-21,0.013361966237425804
2014-05-22,0.020174266770482063
2014-05-23,0.006608393508940935
2014-05-24,0.001197892357595265
2014-05-25,0.007973047904670238
2014-05-26,0.007553543895483017
2014-05-27,-0.0015104783233255148
2014-05-28,-0.008646889589726925
2014-05-29,-0.009844405576586723
2014-05-30,-0.01902579702436924
2014-05-31,-0.022108927369117737
2014-06-01,-0.01202995702624321
2014-06-02,0.0056420317851006985
2014-06-03,0.015865996479988098
2014-06-04,0.015928231179714203
2014-06-05,0.03344593197107315
2014-06-06,0.040353573858737946
2014-06-07,0.055396243929862976
2014-06-08,0.07749267667531967
2014-06-09,0.0766618624329567
2014-06-10,0.07269979268312454
2014-06-11,0.0771697610616684
2014-06-12,0.07339198887348175
2014-06-13,0.09222906827926636
2014-06-14,0.07167292386293411
2014-06-15,0.061045173555612564
2014-06-16,0.06249129772186279
2014-06-17,0.049779560416936874
2014-06-18,0.04919056594371796
2014-06-19,0.05155175179243088
2014-06-20,0.05450543016195297
2014-06-21,0.052389949560165405
2014-06-22,0.07692090421915054
2014-06-23,0.07969081401824951
2014-06-24,0.0890066847205162
2014-06-25,0.08073170483112335
2014-06-26,0.06688109040260315
2014-06-27,0.0780276209115982
2014-06-28,0.06415481120347977
2014-06-29,0.06155744940042496
2014-06-30,0.05328163132071495
2014-07-01,0.02474815770983696
2014-07-02,0.032426320016384125
2014-07-03,0.030077163130044937
2014-07-04,0.046840302646160126
2014-07-05,0.056436263024806976
2014-07-06,0.05482110008597374
2014-07-07,0.05415400117635727
2014-07-08,0.037837594747543335
2014-07-09,0.0366668626666069
2014-07-10,0.03638789430260658
2014-07-11,0.014597859233617783
2014-07-12,-0.011665108613669872
2014-07-13,0.015604090876877308
2014-07-14,0.007839510217308998
2014-07-15,0.021816829219460487
2014-07-16,0.030300533398985863
2014-07-17,0.03369024023413658
2014-07-18,0.014433271251618862
2014-07-19,0.02357008308172226
2014-07-20,0.025835689157247543
2014-07-21,0.020685650408267975
2014-07-22,0.01252555288374424
2014-07-23,0.01936260238289833
2014-07-24,0.03331984207034111
2014-07-25,0.044532522559165955
2014-07-26,0.0291452594101429
2014-07-27,0.012171485461294651
2014-07-28,0.011853635311126709
2014-07-29,0.007551103364676237
2014-07-30,0.012676576152443886
2014-07-31,0.01795303262770176
2014-08-01,0.02223159745335579
2014-08-02,0.03969380632042885
2014-08-03,0.05451646074652672
2014-08-04,0.06286641210317612
2014-08-05,0.06253699958324432
2014-08-06,0.05248045176267624
2014-08-07,0.025188084691762924
2014-08-08,0.011165432631969452
2014-08-09,0.001168584800325334
2014-08-10,-0.0014329045079648495
2014-08-11,0.018522636964917183
2014-08-12,0.017580311745405197
2014-08-13,0.01128498837351799
2014-08-14,0.013745009899139404
2014-08-15,0.005568589549511671
2014-08-16,0.016377154737710953
2014-08-17,0.02840803936123848
2014-08-18,0.031342893838882446
2014-08-19,0.023728180676698685
2014-08-20,0.03211940824985504
2014-08-21,0.027624037116765976
2014-08-22,0.03686380758881569
2014-08-23,0.03183609992265701
2014-08-24,0.05043109133839607
2014-08-25,0.05724428594112396
2014-08-26,0.07225804775953293
2014-08-27,0.07988981157541275
2014-08-28,0.0874369814991951
2014-08-29,0.08526346832513809
2014-08-30,0.08990398049354553
2014-08-31,0.08978676050901413
2014-09-01,0.07192244380712509
2014-09-02,0.07275595515966415
2014-09-03,0.07076430320739746
2014-09-04,0.07386107742786407
2014-09-05,0.08386433869600296
2014-09-06,0.07992086559534073
2014-09-07,0.08812341839075089
2014-09-08,0.08053886145353317
2014-09-09,0.09132350981235504
2014-09-10,0.08107603341341019
2014-09-11,0.0854487419128418
2014-09-12,0.08189809322357178
2014-09-13,0.09954178333282471
2014-09-14,0.10162778198719025
2014-09-15,0.11820729076862335
2014-09-16,0.10138249397277832
2014-09-17,0.09441283345222473
2014-09-18,0.10610971599817276
2014-09-19,0.10757458955049515
2014-09-20,0.09425966441631317
2014-09-21,0.10916537046432495
2014-09-22,0.11028871685266495
2014-09-23,0.11279645562171936
2014-09-24,0.11287445574998856
2014-09-25,0.10578872263431549
2014-09-26,0.09541457891464233
2014-09-27,0.12849768996238708
2014-09-28,0.1254260390996933
2014-09-29,0.12007612735033035
2014-09-30,0.11754997819662094
2014-10-01,0.10687652230262756
2014-10-02,0.10734418034553528
2014-10-03,0.11229269951581955
2014-10-04,0.12223188579082489
2014-10-05,0.14478245377540588
2014-10-06,0.1542413830757141
2014-10-07,0.14072273671627045
2014-10-08,0.13095511496067047
2014-10-09,0.1398928463459015
2014-10-10,0.12705543637275696
2014-10-11,0.10770248621702194
2014-10-12,0.11103993654251099
2014-10-13,0.08995064347982407
2014-10-14,0.07183957099914551
2014-10-15,0.06022818386554718
2014-10-16,0.025618981570005417
2014-10-17,0.017971182242035866
2014-10-18,0.03223753720521927
2014-10-19,0.03827112540602684
2014-10-20,0.02121637761592865
2014-10-21,0.016762515529990196
2014-10-22,0.00494070490822196
2014-10-23,0.022110097110271454
2014-10-24,0.020326079800724983
2014-10-25,0.030215049162507057
2014-10-26,0.04218002036213875
2014-10-27,0.012120316736400127
2014-10-28,0.019698571413755417
2014-10-29,0.043504711240530014
2014-10-30,0.045466646552085876
2014-10-31,0.05272601544857025
2014-11-01,0.05467591434717178
2014-11-02,0.07476857304573059
2014-11-03,0.06351057440042496
2014-11-04,0.09089319407939911
2014-11-05,0.0870511382818222
2014-11-06,0.09312377125024796
2014-11-07,0.1114032119512558
2014-11-08,0.12321727722883224
2014-11-09,0.12959299981594086
2014-11-10,0.13918130099773407
2014-11-11,0.13516390323638916
2014-11-12,0.1390625536441803
2014-11-13,0.1401926577091217
2014-11-14,0.1270313560962677
2014-11-15,0.15498113632202148
2014-11-16,0.17541532218456268
2014-11-17,0.16675232350826263
2014-11-18,0.14068682491779327
2014-11-19,0.15966981649398804
2014-11-20,0.1592811942100525
2014-11-21,0.16460740566253662
2014-11-22,0.16660507023334503
2014-11-23,0.1571982353925705
2014-11-24,0.1717871129512787
2014-11-25,0.1631152182817459
2014-11-26,0.17100080847740173
2014-11-27,0.17273449897766113
2014-11-28,0.16852760314941406
2014-11-29,0.15474912524223328
2014-11-30,0.18906691670417786
2014-12-01,0.1914723515510559
2014-12-02,0.17954425513744354
2014-12-03,0.1834881752729416
2014-12-04,0.17373372614383698
2014-12-05,0.18500114977359772
2014-12-06,0.20121073722839355
2014-12-07,0.20441751182079315
2014-12-08,0.21629969775676727
2014-12-09,0.22099296748638153
2014-12-10,0.21484027802944183
2014-12-11,0.21158234775066376
2014-12-12,0.19078470766544342
2014-12-13,0.2235424816608429
2014-12-14,0.2327570915222168
2014-12-15,0.21720199286937714
2014-12-16,0.20871052145957947
2014-12-17,0.19058619439601898
2014-12-18,0.19546310603618622
2014-12-19,0.1992075890302658
2014-12-20,0.20554691553115845
2014-12-21,0.19445239007472992
2014-12-22,0.1640506237745285
2014-12-23,0.18907582759857178
2014-12-24,0.22338978946208954
2014-12-25,0.22516638040542603
2014-12-26,0.24287116527557373
2014-12-27,0.23656755685806274
2014-12-28,0.23787027597427368
2014-12-29,0.24784022569656372
2014-12-30,0.23670876026153564
2014-12-31,0.23735059797763824
2015-01-01,0.2418566197156906
2015-01-02,0.23327821493148804
2015-01-03,0.230270653963089
2015-01-04,0.2219262719154358
2015-01-05,0.20360228419303894
2015-01-06,0.22013013064861298
2015-01-07,0.2337941974401474
2015-01-08,0.22750642895698547
2015-01-09,0.23138174414634705
2015-01-10,0.23632386326789856
2015-01-11,0.2385978102684021
2015-01-12,0.24091565608978271
2015-01-13,0.23530170321464539
2015-01-14,0.22212572395801544
2015-01-15,0.2140161693096161
2015-01-16,0.1876315176486969
2015-01-17,0.17952392995357513
2015-01-18,0.1929032951593399
2015-01-19,0.20392008125782013
2015-01-20,0.20799878239631653
2015-01-21,0.22084107995033264
2015-01-22,0.2170153111219406
2015-01-23,0.20507141947746277
2015-01-24,0.21224993467330933
2015-01-25,0.21178071200847626
2015-01-26,0.19864381849765778
2015-01-27,0.1971864104270935
2015-01-28,0.19209721684455872
2015-01-29,0.1901620477437973
2015-01-30,0.1957101970911026
2015-01-31,0.20894554257392883
2015-02-01,0.22089062631130219
2015-02-02,0.2186793088912964
2015-02-03,0.20527158677577972
2015-02-04,0.1946270763874054
2015-02-05,0.20568443834781647
2015-02-06,0.20492300391197205
2015-02-07,0.22193679213523865
2015-02-08,0.21178732812404633
2015-02-09,0.1882336437702179
2015-02-10,0.18315017223358154
2015-02-11,0.17547257244586945
2015-02-12,0.17375478148460388
2015-02-13,0.17857687175273895
2015-02-14,0.1736735701560974
2015-02-15,0.1712908148765564
2015-02-16,0.16573835909366608
2015-02-17,0.14793246984481812
2015-02-18,0.13764819502830505
2015-02-19,0.1119292750954628
2015-02-20,0.10595777630805969
2015-02-21,0.06953394412994385
2015-02-22,0.08879224210977554
2015-02-23,0.09547168761491776
2015-02-24,0.08607213199138641
2015-02-25,0.10005926340818405
2015-02-26,0.12097557634115219
2015-02-27,0.13035807013511658
2015-02-28,0.14433537423610687
2015-03-01,0.1299109309911728
2015-03-02,0.13131114840507507
2015-03-03,0.12860207259655
2015-03-04,0.1324215829372406
2015-03-05,0.12716402113437653
2015-03-06,0.12102619558572769
2015-03-07,0.13842394948005676
2015-03-08,0.14759892225265503
2015-03-09,0.1439378261566162
2015-03-10,0.13789793848991394
2015-03-11,0.12943212687969208
2015-03-12,0.12453125417232513
2015-03-13,0.10930859297513962
2015-03-14,0.1042352169752121
2015-03-15,0.11953652650117874
2015-03-16,0.12867572903633118
2015-03-17,0.12398828566074371
2015-03-18,0.12606960535049438
2015-03-19,0.13747844099998474
2015-03-20,0.12650816142559052
2015-03-21,0.12483867257833481
2015-03-22,0.1314219981431961
2015-03-23,0.1342284083366394
2015-03-24,0.13653066754341125
2015-03-25,0.13799811899662018
2015-03-26,0.13345974683761597
2015-03-27,0.13914136588573456
2015-03-28,0.14618051052093506
2015-03-29,0.16106197237968445
2015-03-30,0.1637474149465561
2015-03-31,0.16029556095600128
2015-04-01,0.17028270661830902
2015-04-02,0.1763928383588791
2015-04-03,0.1736411303281784
2015-04-04,0.1700194627046585
2015-04-05,0.17428220808506012
2015-04-06,0.16226288676261902
2015-04-07,0.17363621294498444
2015-04-08,0.18315210938453674
2015-04-09,0.19139926135540009
2015-04-10,0.17134620249271393
2015-04-11,0.16076025366783142
2015-04-12,0.15761180222034454
2015-04-13,0.13850067555904388
2015-04-14,0.14216098189353943
2015-04-15,0.14473336935043335
2015-04-16,0.1363639235496521
2015-04-17,0.12882696092128754
2015-04-18,0.11500688642263412
2015-04-19,0.13208912312984467
2015-04-20,0.1321602463722229
2015-04-21,0.13190768659114838
2015-04-22,0.12624576687812805
2015-04-23,0.11588416993618011
2015-04-24,0.1025976613163948
2015-04-25,0.1096673384308815
2015-04-26,0.11961031705141068
2015-04-27,0.12846574187278748
2015-04-28,0.14354455471038818
2015-04-29,0.1465415209531784
2015-04-30,0.1479630470275879
2015-05-01,0.15604695677757263
2015-05-02,0.16853779554367065
2015-05-03,0.17093931138515472
2015-05-04,0.17071057856082916
2015-05-05,0.17070133984088898
2015-05-06,0.15411561727523804
2015-05-07,0.15567722916603088
2015-05-08,0.16732941567897797
2015-05-09,0.1644677072763443
2015-05-10,0.1451614797115326
2015-05-11,0.14839833974838257
2015-05-12,0.13378313183784485
2015-05-13,0.13271930813789368
2015-05-14,0.12771308422088623
2015-05-15,0.12627696990966797
2015-05-16,0.13758379220962524
2015-05-17,0.14319781959056854
2015-05-18,0.14816586673259735
2015-05-19,0.14421719312667847
2015-05-20,0.14551874995231628
2015-05-21,0.14368945360183716
2015-05-22,0.1275031566619873
2015-05-23,0.14081008732318878
2015-05-24,0.12308406829833984
2015-05-25,0.10814805328845978
2015-05-26,0.09973061829805374
2015-05-27,0.07800927013158798
2015-05-28,0.04805605486035347
2015-05-29,0.04022975638508797
2015-05-30,0.04292323812842369
2015-05-31,0.03403586894273758
2015-06-01,0.049020130187273026
2015-06-02,0.048004452139139175
2015-06-03,0.042274441570043564
2015-06-04,0.03247778117656708
2015-06-05,0.03432938829064369
2015-06-06,0.04053905978798866
2015-06-07,0.06312550604343414
2015-06-08,0.059572916477918625
2015-06-09,0.04153519868850708
2015-06-10,0.04138500243425369
2015-06-11,0.043819453567266464
2015-06-12,0.03964022919535637
2015-06-13,0.03873099759221077
2015-06-14,0.04646380990743637
2015-06-15,0.036872588098049164
2015-06-16,0.04073226824402809
2015-06-17,0.05155225470662117
2015-06-18,0.06576826423406601
2015-06-19,0.06887584179639816
2015-06-20,0.05854722112417221
2015-06-21,0.06499769538640976
2015-06-22,0.07245124131441116
2015-06-23,0.06787683814764023
2015-06-24,0.07789506018161774
2015-06-25,0.07427889853715897
2015-06-26,0.09180749952793121
2015-06-27,0.10850073397159576
2015-06-28,0.12165211141109467
2015-06-29,0.08878904581069946
2015-06-30,0.05163632705807686
2015-07-01,0.05067335069179535
2015-07-02,0.05452666059136391
2015-07-03,0.043902404606342316
2015-07-04,0.030377959832549095
2015-07-05,0.01561224739998579
2015-07-06,-0.004620530642569065
2015-07-07,0.0027592077385634184
2015-07-08,-0.0066625261679291725
2015-07-09,-0.011721943505108356
2015-07-10,-0.02867775596678257
2015-07-11,-0.03392177075147629
2015-07-12,-0.03512870892882347
2015-07-13,-0.04288038611412048
2015-07-14,-0.042999159544706345
2015-07-15,-0.04212474077939987
2015-07-16,-0.03716887906193733
2015-07-17,-0.030094550922513008
2015-07-18,-0.00230377446860075
2015-07-19,-0.0024084674660116434
2015-07-20,0.00828772597014904
2015-07-21,0.0029523558914661407
2015-07-22,0.01914859749376774
2015-07-23,0.03221273422241211
2015-07-24,0.043499790132045746
2015-07-25,0.042267799377441406
2015-07-26,0.040696606040000916
2015-07-27,0.05114331841468811
2015-07-28,0.06311915814876556
2015-07-29,0.08306057006120682
2015-07-30,0.09004301577806473
2015-07-31,0.08870398998260498
2015-08-01,0.09267810732126236
2015-08-02,0.0749795213341713
2015-08-03,0.07188715785741806
2015-08-04,0.07813270390033722
2015-08-05,0.09604304283857346
2015-08-06,0.1031629741191864
2015-08-07,0.11782236397266388
2015-08-08,0.13299091160297394
2015-08-09,0.13054388761520386
2015-08-10,0.14787866175174713
2015-08-11,0.1460610330104828
2015-08-12,0.141670361161232
2015-08-13,0.12985177338123322
2015-08-14,0.12191136926412582
2015-08-15,0.10353761166334152
2015-08-16,0.11933683604001999
2015-08-17,0.12230472266674042
2015-08-18,0.13188864290714264
2015-08-19,0.11104562878608704
2015-08-20,0.09920447319746017
2015-08-21,0.07630112022161484
2015-08-22,0.05210492014884949
2015-08-23,0.06396187096834183
2015-08-24,0.053520042449235916
2015-08-25,0.010802597738802433
2015-08-26,0.0037917234003543854
2015-08-27,0.016702676191926003
2015-08-28,0.025229427963495255
2015-08-29,0.05466049537062645
2015-08-30,0.05258836969733238
2015-08-31,0.04655662178993225
2015-09-01,0.042981021106243134
2015-09-02,0.04516085609793663
2015-09-03,0.0504135824739933
2015-09-04,0.04991094395518303
2015-09-05,0.03901134803891182
2015-09-06,0.05427881330251694
2015-09-07,0.04453050717711449
2015-09-08,0.04972859472036362
2015-09-09,0.06443566828966141
2015-09-10,0.05441547557711601
2015-09-11,0.05178399756550789
2015-09-12,0.04483642429113388
2015-09-13,0.040568456053733826
2015-09-14,0.03982216492295265
2015-09-15,0.03544190526008606
2015-09-16,0.02672363445162773
2015-09-17,0.0311613529920578
2015-09-18,0.019257282838225365
2015-09-19,0.016954565420746803
2015-09-20,0.038087423890829086
2015-09-21,0.045511968433856964
2015-09-22,0.05257289856672287
2015-09-23,0.026944082230329514
2015-09-24,0.020430687814950943
2015-09-25,0.0193270742893219
2015-09-26,0.01474603358656168
2015-09-27,0.030384911224246025
2015-09-28,0.05027550458908081
2015-09-29,0.053034693002700806
2015-09-30,0.06099528819322586
2015-10-01,0.04528048634529114
2015-10-02,0.030274590477347374
2015-10-03,0.018685232847929
2015-10-04,0.02903141640126705
2015-10-05,0.037377409636974335
2015-10-06,0.0451878122985363
2015-10-07,0.039092980325222015
2015-10-08,0.025550290942192078
2015-10-09,0.012088730931282043
2015-10-10,0.003704914590343833
2015-10-11,-0.0031821837183088064
2015-10-12,0.012250344268977642
2015-10-13,0.04692607372999191
2015-10-14,0.02624138817191124
2015-10-15,0.012104501947760582
2015-10-16,0.0013219700194895267
2015-10-17,0.013366343453526497
2015-10-18,0.022883465513586998
2015-10-19,0.022774888202548027
2015-10-20,0.02396581321954727
2015-10-21,0.021823663264513016
2015-10-22,0.016354050487279892
2015-10-23,0.015798062086105347
2015-10-24,0.021026654168963432
2015-10-25,0.015242965891957283
2015-10-26,0.00969327986240387
2015-10-27,0.01332581415772438
2015-10-28,0.011975440196692944
2015-10-29,0.006649045739322901
2015-10-30,0.007634645327925682
2015-10-31,-0.008800050243735313
2015-11-01,-0.015036736615002155
2015-11-02,-0.005507966969162226
2015-11-03,-0.010278953239321709
2015-11-04,0.0026774201542139053
2015-11-05,0.005912812892347574
2015-11-06,0.003083515679463744
2015-11-07,0.030050477012991905
2015-11-08,0.06500469148159027
2015-11-09,0.08479491621255875
2015-11-10,0.08893655240535736
2015-11-11,0.08973252028226852
2015-11-12,0.09274309128522873
2015-11-13,0.1115918755531311
2015-11-14,0.10487893223762512
2015-11-15,0.10826202481985092
2015-11-16,0.0955360010266304
2015-11-17,0.10310118645429611
2015-11-18,0.09322654455900192
2015-11-19,0.07397975772619247
2015-11-20,0.07480605691671371
2015-11-21,0.08229745924472809
2015-11-22,0.10175622254610062
2015-11-23,0.11059948801994324
2015-11-24,0.09794846177101135
2015-11-25,0.09470576047897339
2015-11-26,0.09828672558069229
2015-11-27,0.11281835287809372
2015-11-28,0.1344088315963745
2015-11-29,0.1637927144765854
2015-11-30,0.1660114824771881
2015-12-01,0.14129480719566345
2015-12-02,0.15028423070907593
2015-12-03,0.13527655601501465
2015-12-04,0.12836070358753204
2015-12-05,0.15225031971931458
2015-12-06,0.16200079023838043
2015-12-07,0.1766550987958908
2015-12-08,0.1736539751291275
2015-12-09,0.14887990057468414
2015-12-10,0.1422511637210846
2015-12-11,0.1438857465982437
2015-12-12,0.16495458781719208
2015-12-13,0.17183445394039154
2015-12-14,0.15198756754398346
2015-12-15,0.157642662525177
2015-12-16,0.15894457697868347
2015-12-17,0.16116654872894287
2015-12-18,0.1577405035495758
2015-12-19,0.14290231466293335
2015-12-20,0.14087289571762085
2015-12-21,0.13282422721385956
2015-12-22,0.13455474376678467
2015-12-23,0.13497109711170197
2015-12-24,0.1339920312166214
2015-12-25,0.14478671550750732
2015-12-26,0.1909153312444687
2015-12-27,0.18942447006702423
2015-12-28,0.1938318908214569
2015-12-29,0.21595582365989685
2015-12-30,0.20750950276851654
2015-12-31,0.18948790431022644
2016-01-01,0.1605680286884308
2016-01-02,0.18932075798511505
2016-01-03,0.17099522054195404
2016-01-04,0.18467804789543152
2016-01-05,0.1486368179321289
2016-01-06,0.1433730125427246
2016-01-07,0.11953157186508179
2016-01-08,0.11647669970989227
2016-01-09,0.13002750277519226
2016-01-10,0.1372385025024414
2016-01-11,0.1344633549451828
2016-01-12,0.11489327996969223
2016-01-13,0.11696451902389526
2016-01-14,0.11320923268795013
2016-01-15,0.10246050357818604
2016-01-16,0.06602702289819717
2016-01-17,0.06054436415433884
2016-01-18,0.058116987347602844
2016-01-19,0.051263004541397095
2016-01-20,0.026120692491531372
2016-01-21,0.007385805249214172
2016-01-22,0.011418144218623638
2016-01-23,0.0006341785774566233
2016-01-24,0.0012029753997921944
2016-01-25,-0.001152481185272336
2016-01-26,0.0037933867424726486
2016-01-27,-0.0002173782850150019
2016-01-28,-0.001332188956439495
2016-01-29,-0.007416031789034605
2016-01-30,-0.005322987213730812
2016-01-31,-0.009159945882856846
2016-02-01,-0.01581190899014473
2016-02-02,-0.0019048858666792512
2016-02-03,0.006353098899126053
2016-02-04,0.003914954140782356
2016-02-05,-0.007566848304122686
2016-02-06,-0.022738605737686157
2016-02-07,-0.01630745641887188
2016-02-08,-0.017834188416600227
2016-02-09,-0.03248106315732002
2016-02-10,-0.045885875821113586
2016-02-11,-0.06666701287031174
2016-02-12,-0.09148508310317993
2016-02-13,-0.08971939235925674
2016-02-14,-0.08364476263523102
2016-02-15,-0.08032724261283875
2016-02-16,-0.09073501080274582
2016-02-17,-0.09148237109184265
2016-02-18,-0.09629607945680618
2016-02-19,-0.08570887893438339
2016-02-20,-0.0758884996175766
2016-02-21,-0.04625590518116951
2016-02-22,-0.05040682852268219
2016-02-23,-0.043945278972387314
2016-02-24,-0.05295311659574509
2016-02-25,-0.0545177161693573
2016-02-26,-0.04734381288290024
2016-02-27,-0.03878993168473244
2016-02-28,-0.021978776901960373
2016-02-29,-0.02629808895289898
2016-03-01,-0.03980381414294243
2016-03-02,-0.03282596170902252
2016-03-03,-0.03316616639494896
2016-03-04,-0.04098665341734886
2016-03-05,-0.0350412055850029
2016-03-06,-0.015495559200644493
2016-03-07,-0.019035428762435913
2016-03-08,-0.02041134051978588
2016-03-09,-0.02099360153079033
2016-03-10,-0.03324754908680916
2016-03-11,-0.03236604854464531
2016-03-12,-0.051856737583875656
2016-03-13,-0.037780988961458206
2016-03-14,-0.03572557866573334
2016-03-15,-0.030000148341059685
2016-03-16,-0.03131147101521492
2016-03-17,-0.04096885770559311
2016-03-18,-0.05087659880518913
2016-03-19,-0.04497722536325455
2016-03-20,-0.028717709705233574
2016-03-21,-0.015729445964097977
2016-03-22,-0.020373636856675148
2016-03-23,-0.014853477478027344
2016-03-24,-0.028818165883421898
2016-03-25,-0.023940544575452805
2016-03-26,0.004095816984772682
2016-03-27,-0.0032195397652685642
2016-03-28,0.0014377001207321882
2016-03-29,0.017569420859217644
2016-03-30,0.018524611368775368
2016-03-31,0.011148188263177872
2016-04-01,0.018874023109674454
2016-04-02,0.0162147656083107
2016-04-03,0.01180958654731512
2016-04-04,0.015394902788102627
2016-04-05,-0.004225524608045816
2016-04-06,-0.010692281648516655
2016-04-07,-0.027773577719926834
2016-04-08,-0.02871260792016983
2016-04-09,-0.021950049325823784
2016-04-10,-0.0064336215145885944
2016-04-11,0.0010464041261002421
2016-04-12,0.014531534165143967
2016-04-13,-0.0022376959677785635
2016-04-14,-0.009430691599845886
2016-04-15,-0.027771160006523132
2016-04-16,-0.02592300809919834
2016-04-17,-0.01250919047743082
2016-04-18,-0.01684308797121048
2016-04-19,-0.0227008368819952
2016-04-20,-0.020451558753848076
2016-04-21,-0.018839608877897263
2016-04-22,-0.01514616422355175
2016-04-23,0.008233483880758286
2016-04-24,-0.012687034904956818
2016-04-25,-0.007334583438932896
2016-04-26,-0.001925832126289606
2016-04-27,-0.016086479648947716
2016-04-28,-0.015487167984247208
2016-04-29,-0.010664338245987892
2016-04-30,-0.02011260949075222
2016-05-01,-0.018046408891677856
2016-05-02,-0.01694561168551445
2016-05-03,-0.020358623936772346
2016-05-04,-0.009575540199875832
2016-05-05,-0.015990203246474266
2016-05-06,-0.0031466674990952015
2016-05-07,-0.007172634359449148
2016-05-08,0.01051480695605278
2016-05-09,0.009948302991688251
2016-05-10,0.003279108088463545
2016-05-11,-0.0017623275052756071
2016-05-12,0.009298974648118019
2016-05-13,0.007728112395852804
2016-05-14,0.022717388346791267
2016-05-15,0.015597531571984291
2016-05-16,0.026607543230056763
2016-05-17,0.04155407100915909
2016-05-18,0.03350449353456497
2016-05-19,0.04401250183582306
2016-05-20,0.03910823166370392
2016-05-21,0.0683915987610817
2016-05-22,0.0999179258942604
2016-05-23,0.08765712380409241
2016-05-24,0.07183656841516495
2016-05-25,0.07044453918933868
2016-05-26,0.08011136949062347
2016-05-27,0.09140506386756897
2016-05-28,0.10215021669864655
2016-05-29,0.09571077674627304
2016-05-30,0.11019489169120789
2016-05-31,0.12199422717094421
2016-06-01,0.14466969668865204
2016-06-02,0.13781319558620453
2016-06-03,0.12208569049835205
2016-06-04,0.10399798303842545
2016-06-05,0.11675290763378143
2016-06-06,0.11995267868041992
2016-06-07,0.11574253439903259
2016-06-08,0.1268511563539505
2016-06-09,0.1263507753610611
2016-06-10,0.11351841688156128
2016-06-11,0.09830456227064133
2016-06-12,0.10816438496112823
2016-06-13,0.09087493270635605
2016-06-14,0.08594735711812973
2016-06-15,0.08533579856157303
2016-06-16,0.06401266157627106
2016-06-17,0.051250554621219635
2016-06-18,0.00336987036280334
2016-06-19,-0.021895915269851685
2016-06-20,-0.03816554695367813
2016-06-21,-0.041017062962055206
2016-06-22,-0.04315532371401787
2016-06-23,-0.04428718239068985
2016-06-24,-0.049215346574783325
2016-06-25,-0.05317900702357292
2016-06-26,-0.05659838393330574
2016-06-27,-0.07148133218288422
2016-06-28,-0.07346706837415695
2016-06-29,-0.07348871231079102
2016-06-30,-0.07897693663835526
2016-07-01,-0.07686125487089157
2016-07-02,-0.07303254306316376
2016-07-03,-0.049406472593545914
2016-07-04,-0.046657711267471313
2016-07-05,-0.058003850281238556
2016-07-06,-0.07123073935508728
2016-07-07,-0.07345329970121384
2016-07-08,-0.06169096753001213
2016-07-09,-0.04441658407449722
2016-07-10,-0.030974017456173897
2016-07-11,-0.03326629474759102
2016-07-12,-0.048887744545936584
2016-07-13,-0.049995049834251404
2016-07-14,-0.04731566086411476
2016-07-15,-0.03391182795166969
2016-07-16,-0.017168929800391197
2016-07-17,-0.031146550551056862
2016-07-18,-0.025455478578805923
2016-07-19,-0.03585077449679375
2016-07-20,-0.019409306347370148
2016-07-21,-0.021573208272457123
2016-07-22,-0.01143627054989338
2016-07-23,0.00976698100566864
2016-07-24,0.008211485110223293
2016-07-25,0.010982631705701351
2016-07-26,0.021869080141186714
2016-07-27,0.037316687405109406
2016-07-28,0.033791910856962204
2016-07-29,0.03713469207286835
2016-07-30,0.04731711000204086
2016-07-31,0.06773586571216583
2016-08-01,0.07576379179954529
2016-08-02,0.07688239961862564
2016-08-03,0.08436727523803711
2016-08-04,0.07165233045816422
2016-08-05,0.07730107754468918
2016-08-06,0.0961090624332428
2016-08-07,0.09386523813009262
2016-08-08,0.09996490180492401
2016-08-09,0.10325465351343155
2016-08-10,0.11722870171070099
2016-08-11,0.11170096695423126
2016-08-12,0.11688315868377686
2016-08-13,0.14033780992031097
2016-08-14,0.14775457978248596
2016-08-15,0.13518711924552917
2016-08-16,0.1465827375650406
2016-08-17,0.1542370468378067
2016-08-18,0.161273792386055
2016-08-19,0.17114873230457306
2016-08-20,0.18080763518810272
2016-08-21,0.1894662082195282
2016-08-22,0.19922974705696106
2016-08-23,0.19459058344364166
2016-08-24,0.1865541636943817
2016-08-25,0.17417068779468536
2016-08-26,0.17487619817256927
2016-08-27,0.18113645911216736
2016-08-28,0.18995866179466248
2016-08-29,0.17856553196907043
2016-08-30,0.17430379986763
2016-08-31,0.16181285679340363
2016-09-01,0.14886023104190826
2016-09-02,0.13696645200252533
2016-09-03,0.13465428352355957
2016-09-04,0.15278278291225433
2016-09-05,0.1518799513578415
2016-09-06,0.14532193541526794
2016-09-07,0.1439896672964096
2016-09-08,0.1275281310081482
2016-09-09,0.11918389052152634
2016-09-10,0.12762323021888733
2016-09-11,0.12604555487632751
2016-09-12,0.11828520148992538
2016-09-13,0.11743710190057755
2016-09-14,0.1253046691417694
2016-09-15,0.12680459022521973
2016-09-16,0.1296350061893463
2016-09-17,0.1322643756866455
2016-09-18,0.1327308863401413
2016-09-19,0.10536076873540878
2016-09-20,0.09774672985076904
2016-09-21,0.08695175498723984
2016-09-22,0.08613905310630798
2016-09-23,0.08006679266691208
2016-09-24,0.0929231122136116
2016-09-25,0.09702093154191971
2016-09-26,0.08022422343492508
2016-09-27,0.06655323505401611
2016-09-28,0.06688875705003738
2016-09-29,0.06314273178577423
2016-09-30,0.05884895473718643
2016-10-01,0.05843309313058853
2016-10-02,0.06851917505264282
2016-10-03,0.06510734558105469
2016-10-04,0.05680931359529495
2016-10-05,0.054776448756456375
2016-10-06,0.05445019528269768
2016-10-07,0.053055502474308014
2016-10-08,0.053100552409887314
2016-10-09,0.06315375119447708
2016-10-10,0.0718548372387886
2016-10-11,0.0702907145023346
2016-10-12,0.07143966108560562
2016-10-13,0.06084240600466728
2016-10-14,0.062161218374967575
2016-10-15,0.06739499419927597
2016-10-16,0.05949743837118149
2016-10-17,0.048077329993247986
2016-10-18,0.05397602543234825
2016-10-19,0.05899830535054207
2016-10-20,0.055291298776865005
2016-10-21,0.05373123660683632
2016-10-22,0.0704583153128624
2016-10-23,0.07165925949811935
2016-10-24,0.07722796499729156
2016-10-25,0.10204841196537018
2016-10-26,0.10025034099817276
2016-10-27,0.0969739705324173
2016-10-28,0.09211909025907516
2016-10-29,0.1201355829834938
2016-10-30,0.11898695677518845
2016-10-31,0.10837133973836899
2016-11-01,0.10583354532718658
2016-11-02,0.0895974189043045
2016-11-03,0.08357860147953033
2016-11-04,0.10016413778066635
2016-11-05,0.11824140697717667
2016-11-06,0.11914367973804474
2016-11-07,0.11827868223190308
2016-11-08,0.13061444461345673
2016-11-09,0.13892734050750732
2016-11-10,0.1515306979417801
2016-11-11,0.16385726630687714
2016-11-12,0.18907269835472107
2016-11-13,0.2121122181415558
2016-11-14,0.22310814261436462
2016-11-15,0.22736364603042603
2016-11-16,0.23021306097507477
2016-11-17,0.22643329203128815
2016-11-18,0.24451296031475067
2016-11-19,0.25932544469833374
2016-11-20,0.2687627971172333
2016-11-21,0.2710111439228058
2016-11-22,0.2721448540687561
2016-11-23,0.2818160355091095
2016-11-24,0.27585408091545105
2016-11-25,0.27020490169525146
2016-11-26,0.2633771300315857
2016-11-27,0.2876432240009308
2016-11-28,0.2908366620540619
2016-11-29,0.28517261147499084
2016-11-30,0.29833662509918213
2016-12-01,0.30405622720718384
2016-12-02,0.3051668405532837
2016-12-03,0.31345802545547485
2016-12-04,0.32402679324150085
2016-12-05,0.3219027519226074
2016-12-06,0.3129003942012787
2016-12-07,0.30912888050079346
2016-12-08,0.307714581489563
2016-12-09,0.31156671047210693
2016-12-10,0.32852092385292053
2016-12-11,0.3286607563495636
2016-12-12,0.32282838225364685
2016-12-13,0.3127446174621582
2016-12-14,0.3209112584590912
2016-12-15,0.3235612213611603
2016-12-16,0.31912165880203247
2016-12-17,0.3114646077156067
2016-12-18,0.3178655803203583
2016-12-19,0.2850753366947174
2016-12-20,0.2713826894760132
2016-12-21,0.25320327281951904
2016-12-22,0.2503425180912018
2016-12-23,0.2670800983905792
2016-12-24,0.24621188640594482
2016-12-25,0.23218859732151031
2016-12-26,0.2420469969511032
2016-12-27,0.25252556800842285
2016-12-28,0.24627582728862762
2016-12-29,0.25504469871520996
2016-12-30,0.2510540187358856
2016-12-31,0.2490539401769638
2017-01-01,0.25844520330429077
2017-01-02,0.26150500774383545
2017-01-03,0.2709912955760956
2017-01-04,0.28238850831985474
2017-01-05,0.29077646136283875
2017-01-06,0.3079153597354889
2017-01-07,0.32769691944122314
2017-01-08,0.31996870040893555
2017-01-09,0.31021589040756226
2017-01-10,0.2993151545524597
2017-01-11,0.2976710796356201
2017-01-12,0.27423468232154846
2017-01-13,0.2716992199420929
2017-01-14,0.2962982952594757
2017-01-15,0.2984854280948639
2017-01-16,0.3109220564365387
2017-01-17,0.31574156880378723
2017-01-18,0.3251457214355469
2017-01-19,0.32839396595954895
2017-01-20,0.32117047905921936
2017-01-21,0.3154217302799225
2017-01-22,0.3167462944984436
2017-01-23,0.3192600607872009
2017-01-24,0.31800323724746704
2017-01-25,0.3128812909126282
2017-01-26,0.30271634459495544
2017-01-27,0.2987443208694458
2017-01-28,0.3095228970050812
2017-01-29,0.3131270706653595
2017-01-30,0.29867133498191833
2017-01-31,0.28860142827033997
2017-02-01,0.2835865318775177
2017-02-02,0.28807681798934937
2017-02-03,0.2870352566242218
2017-02-04,0.310970664024353
2017-02-05,0.32411378622055054
2017-02-06,0.31639549136161804
2017-02-07,0.31845593452453613
2017-02-08,0.31493937969207764
2017-02-09,0.30887702107429504
2017-02-10,0.307176798582077
2017-02-11,0.30511099100112915
2017-02-12,0.2951997220516205
2017-02-13,0.3051005005836487
2017-02-14,0.3078482747077942
2017-02-15,0.3107844889163971
2017-02-16,0.3085074722766876
2017-02-17,0.30079707503318787
2017-02-18,0.3050239682197571
2017-02-19,0.33110713958740234
2017-02-20,0.3289021849632263
2017-02-21,0.32307520508766174
2017-02-22,0.3156423568725586
2017-02-23,0.31756392121315
2017-02-24,0.3139494061470032
2017-02-25,0.3219974935054779
2017-02-26,0.32433995604515076
2017-02-27,0.33593231439590454
2017-02-28,0.3359481692314148
2017-03-01,0.3341812491416931
2017-03-02,0.32892662286758423
2017-03-03,0.3281887173652649
2017-03-04,0.33050212264060974
2017-03-05,0.33576807379722595
2017-03-06,0.3250085711479187
2017-03-07,0.3163607120513916
2017-03-08,0.30148905515670776
2017-03-09,0.2867322564125061
2017-03-10,0.28058838844299316
2017-03-11,0.29658615589141846
2017-03-12,0.2796005606651306
2017-03-13,0.27811914682388306
2017-03-14,0.2641705572605133
2017-03-15,0.261107861995697
2017-03-16,0.26275473833084106
2017-03-17,0.2591687738895416
2017-03-18,0.2639933228492737
2017-03-19,0.2606940269470215
2017-03-20,0.25736743211746216
2017-03-21,0.24770130217075348
2017-03-22,0.23738035559654236
2017-03-23,0.23413428664207458
2017-03-24,0.23453401029109955
2017-03-25,0.22114691138267517
2017-03-26,0.2394360601902008
2017-03-27,0.23809561133384705
2017-03-28,0.22350957989692688
2017-03-29,0.23327387869358063
2017-03-30,0.22065936028957367
2017-03-31,0.2205953747034073
2017-04-01,0.22111256420612335
2017-04-02,0.22815334796905518
2017-04-03,0.23246395587921143
2017-04-04,0.21919026970863342
2017-04-05,0.2053406685590744
2017-04-06,0.19631922245025635
2017-04-07,0.19722986221313477
2017-04-08,0.1940990835428238
2017-04-09,0.2056867480278015
2017-04-10,0.19928257167339325
2017-04-11,0.18826468288898468
2017-04-12,0.17524690926074982
2017-04-13,0.18408866226673126
2017-04-14,0.19787722826004028
2017-04-15,0.1710825264453888
2017-04-16,0.17812810838222504
2017-04-17,0.19649510085582733
2017-04-18,0.18970872461795807
2017-04-19,0.1904282420873642
2017-04-20,0.18647624552249908
2017-04-21,0.16433896124362946
2017-04-22,0.16022148728370667
2017-04-23,0.16213762760162354
2017-04-24,0.1645289957523346
2017-04-25,0.1606089025735855
2017-04-26,0.16612927615642548
2017-04-27,0.18067021667957306
2017-04-28,0.18274323642253876
2017-04-29,0.18650127947330475
2017-04-30,0.20035436749458313
2017-05-01,0.21232284605503082
2017-05-02,0.2234238088130951
2017-05-03,0.22361722588539124
2017-05-04,0.20835374295711517
2017-05-05,0.2072826772928238
2017-05-06,0.2104356586933136
2017-05-07,0.22068944573402405
2017-05-08,0.2278985232114792
2017-05-09,0.21486221253871918
2017-05-10,0.2254241555929184
2017-05-11,0.22063307464122772
2017-05-12,0.2341955602169037
2017-05-13,0.22746096551418304
2017-05-14,0.22696051001548767
2017-05-15,0.24505925178527832
2017-05-16,0.23656009137630463
2017-05-17,0.22701247036457062
2017-05-18,0.21656528115272522
2017-05-19,0.2147776037454605
2017-05-20,0.19750410318374634
2017-05-21,0.198367178440094
2017-05-22,0.20000600814819336
2017-05-23,0.19247190654277802
2017-05-24,0.18912392854690552
2017-05-25,0.17894777655601501
2017-05-26,0.16600097715854645
2017-05-27,0.16759473085403442
2017-05-28,0.18659652769565582
2017-05-29,0.18189992010593414
2017-05-30,0.18071407079696655
2017-05-31,0.1852121353149414
2017-06-01,0.1862451583147049
2017-06-02,0.17101509869098663
2017-06-03,0.1643034815788269
2017-06-04,0.1514701396226883
2017-06-05,0.1454019695520401
2017-06-06,0.14281435310840607
2017-06-07,0.13182784616947174
2017-06-08,0.11159109324216843
2017-06-09,0.09971969574689865
2017-06-10,0.08229563385248184
2017-06-11,0.09229085594415665
2017-06-12,0.09901034832000732
2017-06-13,0.08937092125415802
2017-06-14,0.09711092710494995
2017-06-15,0.09318900853395462
2017-06-16,0.09970345348119736
2017-06-17,0.10707014799118042
2017-06-18,0.11277606338262558
2017-06-19,0.11100451648235321
2017-06-20,0.11395998299121857
2017-06-21,0.1169036477804184
2017-06-22,0.11361359804868698
2017-06-23,0.10330476611852646
2017-06-24,0.0822388231754303
2017-06-25,0.09011075645685196
2017-06-26,0.09474959969520569
2017-06-27,0.08067983388900757
2017-06-28,0.07768236100673676
2017-06-29,0.06781055778265
2017-06-30,0.05956170707941055
2017-07-01,0.04211827367544174
2017-07-02,0.032118137925863266
2017-07-03,0.03916062042117119
2017-07-04,0.04307911545038223
2017-07-05,0.030666252598166466
2017-07-06,0.027564480900764465
2017-07-07,0.03765702247619629
2017-07-08,0.042282454669475555
2017-07-09,0.037012144923210144
2017-07-10,0.051613423973321915
2017-07-11,0.05032695457339287
2017-07-12,0.05350847542285919
2017-07-13,0.05588320270180702
2017-07-14,0.06862171739339828
2017-07-15,0.07836738973855972
2017-07-16,0.07722889631986618
2017-07-17,0.08330920338630676
2017-07-18,0.09189098328351974
2017-07-19,0.10071536153554916
2017-07-20,0.09809506684541702
2017-07-21,0.1042831614613533
2017-07-22,0.09395816177129745
2017-07-23,0.10258805751800537
2017-07-24,0.10027636587619781
2017-07-25,0.10394810140132904
2017-07-26,0.11819782853126526
2017-07-27,0.11808008700609207
2017-07-28,0.13397735357284546
2017-07-29,0.15479548275470734
2017-07-30,0.14589989185333252
2017-07-31,0.14581620693206787
2017-08-01,0.16152048110961914
2017-08-02,0.1525929570198059
2017-08-03,0.15665137767791748
2017-08-04,0.15608607232570648
2017-08-05,0.1785714030265808
2017-08-06,0.18329909443855286
2017-08-07,0.18653719127178192
2017-08-08,0.17197369039058685
2017-08-09,0.19343185424804688
2017-08-10,0.17837442457675934
2017-08-11,0.15743868052959442
2017-08-12,0.13494399189949036
2017-08-13,0.1204528957605362
2017-08-14,0.14406751096248627
2017-08-15,0.14647924900054932
2017-08-16,0.14090698957443237
2017-08-17,0.13862988352775574
2017-08-18,0.13892321288585663
2017-08-19,0.139925017952919
2017-08-20,0.15014487504959106
2017-08-21,0.1623661369085312
2017-08-22,0.15098343789577484
2017-08-23,0.13216069340705872
2017-08-24,0.10226132720708847
2017-08-25,0.07952146977186203
2017-08-26,0.07549629360437393
2017-08-27,0.08973878622055054
2017-08-28,0.10606870800256729
2017-08-29,0.10254229605197906
2017-08-30,0.12198518961668015
2017-08-31,0.1428949385881424
2017-09-01,0.1483946442604065
2017-09-02,0.1363389939069748
2017-09-03,0.11482145637273788
2017-09-04,0.07910314947366714
2017-09-05,0.06688171625137329
2017-09-06,0.05927131697535515
2017-09-07,0.042469531297683716
2017-09-08,0.031706687062978745
2017-09-09,0.018612556159496307
2017-09-10,0.035867489874362946
2017-09-11,0.020951449871063232
2017-09-12,0.01722841151058674
2017-09-13,0.025480974465608597
2017-09-14,0.03241398558020592
2017-09-15,0.020990530028939247
2017-09-16,0.018406249582767487
2017-09-17,0.018930258229374886
2017-09-18,0.02987097203731537
2017-09-19,0.04078350216150284
2017-09-20,0.037986915558576584
2017-09-21,0.04825587198138237
2017-09-22,0.04224756360054016
2017-09-23,0.04483302682638168
2017-09-24,0.057453569024801254
2017-09-25,0.051346808671951294
2017-09-26,0.04840794950723648
2017-09-27,0.057541634887456894
2017-09-28,0.07524094730615616
2017-09-29,0.10137277841567993
2017-09-30,0.1219356432557106
2017-10-01,0.13748589158058167
2017-10-02,0.15385614335536957
2017-10-03,0.1526430994272232
2017-10-04,0.1542043834924698
2017-10-05,0.14673884212970734
2017-10-06,0.1465642899274826
2017-10-07,0.13230282068252563
2017-10-08,0.11555490642786026
2017-10-09,0.10884896665811539
2017-10-10,0.10009242594242096
2017-10-11,0.10803709924221039
2017-10-12,0.1102038025856018
2017-10-13,0.12224948406219482
2017-10-14,0.10460621118545532
2017-10-15,0.11535082757472992
2017-10-16,0.13818420469760895
2017-10-17,0.15382419526576996
2017-10-18,0.17201939225196838
2017-10-19,0.17420567572116852
2017-10-20,0.17010998725891113
2017-10-21,0.1539807915687561
2017-10-22,0.15028730034828186
2017-10-23,0.1666017472743988
2017-10-24,0.16563157737255096
2017-10-25,0.17656922340393066
2017-10-26,0.18162818253040314
2017-10-27,0.1999574452638626
2017-10-28,0.22071143984794617
2017-10-29,0.23055443167686462
2017-10-30,0.23635193705558777
2017-10-31,0.24910855293273926
2017-11-01,0.25070279836654663
2017-11-02,0.2553982436656952
2017-11-03,0.2619587182998657
2017-11-04,0.26410144567489624
2017-11-05,0.2737918496131897
2017-11-06,0.2790835201740265
2017-11-07,0.2877333164215088
2017-11-08,0.30303746461868286
2017-11-09,0.2980134189128876
2017-11-10,0.2912396490573883
2017-11-11,0.29121512174606323
2017-11-12,0.2974589169025421
2017-11-13,0.3049081563949585
2017-11-14,0.2988271415233612
2017-11-15,0.3013659119606018
2017-11-16,0.2954051196575165
2017-11-17,0.2777770161628723
2017-11-18,0.2663804292678833
2017-11-19,0.2734374403953552
2017-11-20,0.2865140438079834
2017-11-21,0.29017966985702515
2017-11-22,0.2714310586452484
2017-11-23,0.24213466048240662
2017-11-24,0.24184611439704895
2017-11-25,0.20232459902763367
2017-11-26,0.2013813704252243
2017-11-27,0.19599603116512299
2017-11-28,0.21071098744869232
2017-11-29,0.20926713943481445
2017-11-30,0.21215398609638214
2017-12-01,0.2104024589061737
2017-12-02,0.20508816838264465
2017-12-03,0.1969866007566452
2017-12-04,0.19953233003616333
2017-12-05,0.20856554806232452
2017-12-06,0.20707757771015167
2017-12-07,0.20113138854503632
2017-12-08,0.21643850207328796
2017-12-09,0.22910337150096893
2017-12-10,0.2461182326078415
2017-12-11,0.25256404280662537
2017-12-12,0.2672499418258667
2017-12-13,0.26281771063804626
2017-12-14,0.25878244638442993
2017-12-15,0.26799625158309937
2017-12-16,0.2809722125530243
2017-12-17,0.28827008605003357
2017-12-18,0.28594648838043213
2017-12-19,0.27771976590156555
2017-12-20,0.27709996700286865
2017-12-21,0.28368476033210754
2017-12-22,0.28093457221984863
2017-12-23,0.2912120521068573
2017-12-24,0.2925851345062256
2017-12-25,0.30868127942085266
2017-12-26,0.3113350570201874
2017-12-27,0.3132554888725281
2017-12-28,0.30004745721817017
2017-12-29,0.2873895466327667
2017-12-30,0.27494028210639954
2017-12-31,0.28950822353363037
2018-01-01,0.27236974239349365
2018-01-02,0.2652209997177124
2018-01-03,0.28375497460365295
2018-01-04,0.2550528943538666
2018-01-05,0.25393345952033997
2018-01-06,0.2658824324607849
2018-01-07,0.274538516998291
2018-01-08,0.28705793619155884
2018-01-09,0.2925695478916168
2018-01-10,0.30031251907348633
2018-01-11,0.2950645387172699
2018-01-12,0.29911571741104126
2018-01-13,0.29113253951072693
2018-01-14,0.28925076127052307
2018-01-15,0.2543918192386627
2018-01-16,0.2444511502981186
2018-01-17,0.24609066545963287
2018-01-18,0.23648206889629364
2018-01-19,0.2362508475780487
2018-01-20,0.222416490316391
2018-01-21,0.1893080472946167
2018-01-22,0.18158315122127533
2018-01-23,0.18293613195419312
2018-01-24,0.1836431324481964
2018-01-25,0.19095754623413086
2018-01-26,0.2063034176826477
2018-01-27,0.2146286964416504
2018-01-28,0.2066003829240799
2018-01-29,0.1988392472267151
2018-01-30,0.21410126984119415
2018-01-31,0.22770030796527863
2018-02-01,0.2265753448009491
2018-02-02,0.2317858338356018
2018-02-03,0.23356413841247559
2018-02-04,0.24164029955863953
2018-02-05,0.2553013861179352
2018-02-06,0.22992119193077087
2018-02-07,0.2084541618824005
2018-02-08,0.1894417107105255
2018-02-09,0.1747480034828186
2018-02-10,0.17262589931488037
2018-02-11,0.16402378678321838
2018-02-12,0.1599990725517273
2018-02-13,0.16580206155776978
2018-02-14,0.1706269085407257
2018-02-15,0.1704893410205841
2018-02-16,0.17144691944122314
2018-02-17,0.1626642942428589
2018-02-18,0.1487315148115158
2018-02-19,0.1306913197040558
2018-02-20,0.13824009895324707
2018-02-21,0.13791638612747192
2018-02-22,0.1346258968114853
2018-02-23,0.13673396408557892
2018-02-24,0.13882102072238922
2018-02-25,0.13950708508491516
2018-02-26,0.1572340577840805
2018-02-27,0.16810156404972076
2018-02-28,0.19151288270950317
2018-03-01,0.18374121189117432
2018-03-02,0.16686780750751495
2018-03-03,0.14956863224506378
2018-03-04,0.13819889724254608
2018-03-05,0.12854482233524323
2018-03-06,0.12245029956102371
2018-03-07,0.11476904898881912
2018-03-08,0.10631713271141052
2018-03-09,0.1033126562833786
2018-03-10,0.11577437818050385
2018-03-11,0.12039803713560104
2018-03-12,0.12819285690784454
2018-03-13,0.13122811913490295
2018-03-14,0.1436854600906372
2018-03-15,0.13838349282741547
2018-03-16,0.14074793457984924
2018-03-17,0.1525556445121765
2018-03-18,0.16120003163814545
2018-03-19,0.14970658719539642
2018-03-20,0.14531101286411285
2018-03-21,0.13443200290203094
2018-03-22,0.13147850334644318
2018-03-23,0.11401697248220444
2018-03-24,0.09441486746072769
2018-03-25,0.09276767820119858
2018-03-26,0.0857800617814064
2018-03-27,0.07629673928022385
2018-03-28,0.08084850758314133
2018-03-29,0.08644354343414307
2018-03-30,0.08740776032209396
2018-03-31,0.08476012945175171
2018-04-01,0.07777070999145508
2018-04-02,0.052760083228349686
2018-04-03,0.06263696402311325
2018-04-04,0.05013014376163483
2018-04-05,0.02719544619321823
2018-04-06,0.008696123957633972
2018-04-07,-0.005920632276684046
2018-04-08,0.006761739030480385
2018-04-09,-0.0029620863497257233
2018-04-10,-0.021286698058247566
2018-04-11,-0.018092285841703415
2018-04-12,-0.013127701357007027
2018-04-13,-0.004889501258730888
2018-04-14,0.0012798752868548036
2018-04-15,0.01947079971432686
2018-04-16,0.012761356309056282
2018-04-17,0.019455857574939728
2018-04-18,0.008004562929272652
2018-04-19,0.01361566036939621
2018-04-20,0.00628287298604846
2018-04-21,0.022040365263819695
2018-04-22,0.0005240225000306964
2018-04-23,0.012239576317369938
2018-04-24,0.022523345425724983
2018-04-25,0.02102774940431118
2018-04-26,0.014965829439461231
2018-04-27,0.033996012061834335
2018-04-28,0.04409599304199219
2018-04-29,0.05796267092227936
2018-04-30,0.057031698524951935
2018-05-01,0.05339180305600166
2018-05-02,0.054824624210596085
2018-05-03,0.051953382790088654
2018-05-04,0.053421635180711746
2018-05-05,0.05927012115716934
2018-05-06,0.057652462273836136
2018-05-07,0.06538275629281998
2018-05-08,0.07478390634059906
2018-05-09,0.07380418479442596
2018-05-10,0.053840696811676025
2018-05-11,0.05226670950651169
2018-05-12,0.050218094140291214
2018-05-13,0.05966123193502426
2018-05-14,0.06054775416851044
2018-05-15,0.06384051591157913
2018-05-16,0.05396735295653343
2018-05-17,0.053637728095054626
2018-05-18,0.0464194230735302
2018-05-19,0.04899057745933533
2018-05-20,0.05365617945790291
2018-05-21,0.06053732708096504
2018-05-22,0.041586387902498245
2018-05-23,0.02691357210278511
2018-05-24,0.020259331911802292
2018-05-25,0.016557326540350914
2018-05-26,0.02294108271598816
2018-05-27,0.037880852818489075
2018-05-28,0.038825422525405884
2018-05-29,0.01897282712161541
2018-05-30,-0.001706797513179481
2018-05-31,-0.013509595766663551
2018-06-01,-0.026355458423495293
2018-06-02,-0.02734128013253212
2018-06-03,-0.041944101452827454
2018-06-04,-0.04878798499703407
2018-06-05,-0.06052670255303383
2018-06-06,-0.06489719450473785
2018-06-07,-0.0634264126420021
2018-06-08,-0.05040084198117256
2018-06-09,-0.04208575189113617
2018-06-10,-0.0446871742606163
2018-06-11,-0.05257768929004669
2018-06-12,-0.04834502562880516
2018-06-13,-0.0372135303914547
2018-06-14,-0.03040246106684208
2018-06-15,-0.027891308069229126
2018-06-16,-0.03334175422787666
2018-06-17,-0.033862438052892685
2018-06-18,-0.03768133744597435
2018-06-19,-0.06125619262456894
2018-06-20,-0.08070801198482513
2018-06-21,-0.09185688197612762
2018-06-22,-0.09201475977897644
2018-06-23,-0.09417987614870071
2018-06-24,-0.09484987705945969
2018-06-25,-0.1089475005865097
2018-06-26,-0.1299058496952057
2018-06-27,-0.138865664601326
2018-06-28,-0.1364007294178009
2018-06-29,-0.13342736661434174
2018-06-30,-0.1395963430404663
2018-07-01,-0.13175038993358612
2018-07-02,-0.1298617422580719
2018-07-03,-0.13075469434261322
2018-07-04,-0.14064647257328033
2018-07-05,-0.15204580128192902
2018-07-06,-0.1534993201494217
2018-07-07,-0.16746364533901215
2018-07-08,-0.169925719499588
2018-07-09,-0.1503639966249466
2018-07-10,-0.13818079233169556
2018-07-11,-0.14363737404346466
2018-07-12,-0.1507808268070221
2018-07-13,-0.14068549871444702
2018-07-14,-0.13957449793815613
2018-07-15,-0.12588778138160706
2018-07-16,-0.1238212138414383
2018-07-17,-0.12116338312625885
2018-07-18,-0.1220521554350853
2018-07-19,-0.1263197660446167
2018-07-20,-0.13073614239692688
2018-07-21,-0.12134762853384018
2018-07-22,-0.1167880967259407
2018-07-23,-0.1059686467051506
2018-07-24,-0.0960649624466896
2018-07-25,-0.09574076533317566
2018-07-26,-0.08698156476020813
2018-07-27,-0.07181622087955475
2018-07-28,-0.03115101158618927
2018-07-29,-0.029138442128896713
2018-07-30,-0.03673844039440155
2018-07-31,-0.019510388374328613
2018-08-01,-0.009104440920054913
2018-08-02,-3.973492493969388e-05
2018-08-03,0.008802690543234348
2018-08-04,-0.003873266978189349
2018-08-05,-0.014743673615157604
2018-08-06,-0.016210457310080528
2018-08-07,-0.028082897886633873
2018-08-08,-0.026050055399537086
2018-08-09,-0.02843061462044716
2018-08-10,-0.01218229066580534
2018-08-11,-0.02511369250714779
2018-08-12,-0.019037658348679543
2018-08-13,-0.02481618896126747
2018-08-14,-0.047808937728405
2018-08-15,-0.0797433853149414
2018-08-16,-0.08356522023677826
2018-08-17,-0.08585669100284576
2018-08-18,-0.09306701272726059
2018-08-19,-0.06804988533258438
2018-08-20,-0.0678672045469284
2018-08-21,-0.05040610581636429
2018-08-22,-0.04021166265010834
2018-08-23,-0.04091170057654381
2018-08-24,-0.033865075558423996
2018-08-25,-0.03302116319537163
2018-08-26,-0.04555726796388626
2018-08-27,-0.039079684764146805
2018-08-28,-0.015370049513876438
2018-08-29,0.0022395330015569925
2018-08-30,0.013395508751273155
2018-08-31,0.01897066831588745
2018-09-01,0.03827797621488571
2018-09-02,0.040249258279800415
2018-09-03,0.027214141562581062
2018-09-04,0.017239198088645935
2018-09-05,0.02353568933904171
2018-09-06,0.03186163306236267
2018-09-07,0.043550580739974976
2018-09-08,0.04400268942117691
2018-09-09,0.03611563518643379
2018-09-10,0.029595060274004936
2018-09-11,0.022694114595651627
2018-09-12,0.019912326708436012
2018-09-13,0.007802900858223438
2018-09-14,-0.0025230152532458305
2018-09-15,-0.008838693611323833
2018-09-16,-0.03038116917014122
2018-09-17,-0.011772950179874897
2018-09-18,-0.01356769260019064
2018-09-19,-0.01869073696434498
2018-09-20,-0.018667269498109818
2018-09-21,-0.031237786635756493
2018-09-22,-0.03140578791499138
2018-09-23,-0.020369186997413635
2018-09-24,-0.019805673509836197
2018-09-25,-0.01650998368859291
2018-09-26,-0.01521147508174181
2018-09-27,-0.001775766839273274
2018-09-28,-0.0031850000377744436
2018-09-29,0.019451458007097244
2018-09-30,0.030145913362503052
2018-10-01,0.05609532818198204
2018-10-02,0.08084755390882492
2018-10-03,0.09734522551298141
2018-10-04,0.10176651924848557
2018-10-05,0.09541799873113632
2018-10-06,0.0880482941865921
2018-10-07,0.09713819622993469
2018-10-08,0.11043929308652878
2018-10-09,0.09150787442922592
2018-10-10,0.09752123802900314
2018-10-11,0.08675062656402588
2018-10-12,0.07991236448287964
2018-10-13,0.06877157837152481
2018-10-14,0.06976810097694397
2018-10-15,0.04888047277927399
2018-10-16,0.04735073447227478
2018-10-17,0.038487758487463
2018-10-18,0.023696821182966232
2018-10-19,-0.005905331578105688
2018-10-20,0.015661921352148056
2018-10-21,0.00031093135476112366
2018-10-22,0.00262191379442811
2018-10-23,-0.0005754161975346506
2018-10-24,0.005970984697341919
2018-10-25,-0.005605154670774937
2018-10-26,-0.00023601068824063987
2018-10-27,0.009526935406029224
2018-10-28,0.018896669149398804
2018-10-29,0.027164479717612267
2018-10-30,0.018800418823957443
2018-10-31,0.03199432045221329
2018-11-01,0.04260111600160599
2018-11-02,0.044038061052560806
2018-11-03,0.054229456931352615
2018-11-04,0.03977281227707863
2018-11-05,0.0458814762532711
2018-11-06,0.043746933341026306
2018-11-07,0.03364114463329315
2018-11-08,0.029527295380830765
2018-11-09,0.03820139169692993
2018-11-10,0.04223019629716873
2018-11-11,0.03420289605855942
2018-11-12,0.04092952609062195
2018-11-13,0.054041776806116104
2018-11-14,0.06931929290294647
2018-11-15,0.06579865515232086
2018-11-16,0.06396911293268204
2018-11-17,0.07140475511550903
2018-11-18,0.062123339623212814
2018-11-19,0.05132688209414482
2018-11-20,0.06677412986755371
2018-11-21,0.043555695563554764
2018-11-22,0.04599194973707199
2018-11-23,0.04275795444846153
2018-11-24,0.05267937481403351
2018-11-25,0.08179651945829391
2018-11-26,0.08836301416158676
2018-11-27,0.08288738131523132
2018-11-28,0.08698180317878723
2018-11-29,0.08119955658912659
2018-11-30,0.08016404509544373
2018-12-01,0.08598814904689789
2018-12-02,0.0878591239452362
2018-12-03,0.0910549983382225
2018-12-04,0.08660461753606796
2018-12-05,0.09050210565328598
2018-12-06,0.07709299772977829
2018-12-07,0.06165994331240654
2018-12-08,0.04921944811940193
2018-12-09,0.06829319149255753
2018-12-10,0.05943114683032036
2018-12-11,0.03309369459748268
2018-12-12,0.021160094067454338
2018-12-13,0.010555439628660679
2018-12-14,0.009244688786566257
2018-12-15,0.006735348608344793
2018-12-16,0.008500054478645325
2018-12-17,0.004787970334291458
2018-12-18,-0.012368006631731987
2018-12-19,-0.011822408065199852
2018-12-20,-0.026509560644626617
2018-12-21,-0.03974222391843796
2018-12-22,-0.040303584188222885
2018-12-23,-0.03861561790108681
2018-12-24,-0.03436930850148201
2018-12-25,-0.06029701977968216
2018-12-26,-0.07310079038143158
2018-12-27,-0.06658778339624405
2018-12-28,-0.07000969350337982
2018-12-29,-0.07180720567703247
2018-12-30,-0.05970598757266998
2018-12-31,-0.055544663220644
2019-01-01,-0.06828813254833221
2019-01-02,-0.07908201217651367
2019-01-03,-0.0920799970626831
2019-01-04,-0.09210792183876038
2019-01-05,-0.09026896953582764
2019-01-06,-0.08448045700788498
2019-01-07,-0.0735536590218544
2019-01-08,-0.06722652912139893
2019-01-09,-0.0718589574098587
2019-01-10,-0.08273682743310928
2019-01-11,-0.09049348533153534
2019-01-12,-0.09808634221553802
2019-01-13,-0.08433831483125687
2019-01-14,-0.09756267070770264
2019-01-15,-0.09676383435726166
2019-01-16,-0.0875755026936531
2019-01-17,-0.09652868658304214
2019-01-18,-0.0912332609295845
2019-01-19,-0.08201050013303757
2019-01-20,-0.07371430844068527
2019-01-21,-0.07100213319063187
2019-01-22,-0.09204534441232681
2019-01-23,-0.1058860793709755
2019-01-24,-0.11162061989307404
2019-01-25,-0.10592671483755112
2019-01-26,-0.08573167026042938
2019-01-27,-0.08417452126741409
2019-01-28,-0.09216740727424622
2019-01-29,-0.10528126358985901
2019-01-30,-0.10878452658653259
2019-01-31,-0.110495425760746
2019-02-01,-0.0950092300772667
2019-02-02,-0.07743576169013977
2019-02-03,-0.056920915842056274
2019-02-04,-0.04731190204620361
2019-02-05,-0.036854103207588196
2019-02-06,-0.032456837594509125
2019-02-07,-0.030096247792243958
2019-02-08,-0.026717515662312508
2019-02-09,-0.018861496821045876
2019-02-10,-0.0003898712748195976
2019-02-11,-0.006864235270768404
2019-02-12,-0.01480175368487835
2019-02-13,-0.007440741173923016
2019-02-14,-0.01816009171307087
2019-02-15,-0.015708209946751595
2019-02-16,-0.020009100437164307
2019-02-17,-0.003342000301927328
2019-02-18,0.002977103693410754
2019-02-19,0.012223269790410995
2019-02-20,0.01903786137700081
2019-02-21,0.03494523465633392
2019-02-22,0.037883460521698
2019-02-23,0.04198828339576721
2019-02-24,0.061452511698007584
2019-02-25,0.052434906363487244
2019-02-26,0.05236733704805374
2019-02-27,0.05545029789209366
2019-02-28,0.05954684689640999
2019-03-01,0.07182671874761581
2019-03-02,0.08841028809547424
2019-03-03,0.09986264258623123
2019-03-04,0.11580399423837662
2019-03-05,0.12971138954162598
2019-03-06,0.13093487918376923
2019-03-07,0.12217079102993011
2019-03-08,0.11603639274835587
2019-03-09,0.10780858993530273
2019-03-10,0.10052758455276489
2019-03-11,0.10127230733633041
2019-03-12,0.1024324893951416
2019-03-13,0.10493464767932892
2019-03-14,0.10087887942790985
2019-03-15,0.10024560242891312
2019-03-16,0.12581251561641693
2019-03-17,0.1151612251996994
2019-03-18,0.13080854713916779
2019-03-19,0.14413222670555115
2019-03-20,0.15203091502189636
2019-03-21,0.14922337234020233
2019-03-22,0.13195665180683136
2019-03-23,0.11029864102602005
2019-03-24,0.1123640164732933
2019-03-25,0.09571986645460129
2019-03-26,0.08751551806926727
2019-03-27,0.08116095513105392
2019-03-28,0.07027102261781693
2019-03-29,0.06339649856090546
2019-03-30,0.04140801355242729
2019-03-31,0.03628044202923775
2019-04-01,0.03260119631886482
2019-04-02,0.032317839562892914
2019-04-03,0.03320572152733803
2019-04-04,0.04834079369902611
2019-04-05,0.05603651702404022
2019-04-06,0.07646065205335617
2019-04-07,0.08088795840740204
2019-04-08,0.08623132109642029
2019-04-09,0.07632888108491898
2019-04-10,0.06704860180616379
2019-04-11,0.05958200618624687
2019-04-12,0.06714975088834763
2019-04-13,0.07684697210788727
2019-04-14,0.0855238065123558
2019-04-15,0.10826767235994339
2019-04-16,0.1064864918589592
2019-04-17,0.11447952687740326
2019-04-18,0.12331294268369675
2019-04-19,0.1382274627685547
2019-04-20,0.13604363799095154
2019-04-21,0.14186586439609528
2019-04-22,0.14238934218883514
2019-04-23,0.15210755169391632
2019-04-24,0.15770086646080017
2019-04-25,0.14507970213890076
2019-04-26,0.1461576223373413
2019-04-27,0.1644035279750824
2019-04-28,0.18470387160778046
2019-04-29,0.18575216829776764
2019-04-30,0.2029210478067398
2019-05-01,0.19161894917488098
2019-05-02,0.1788502037525177
2019-05-03,0.19234409928321838
2019-05-04,0.21732231974601746
2019-05-05,0.23448514938354492
2019-05-06,0.22028787434101105
2019-05-07,0.19361612200737
2019-05-08,0.17378303408622742
2019-05-09,0.15719620883464813
2019-05-10,0.14245744049549103
2019-05-11,0.12401971966028214
2019-05-12,0.10663879662752151
2019-05-13,0.08171404898166656
2019-05-14,0.06411343812942505
2019-05-15,0.0556289404630661
2019-05-16,0.04998685047030449
2019-05-17,0.043242741376161575
2019-05-18,0.041732609272003174
2019-05-19,0.06734989583492279
2019-05-20,0.05801986902952194
2019-05-21,0.04405004903674126
2019-05-22,0.03134060278534889
2019-05-23,0.010743055492639542
2019-05-24,-0.00508086709305644
2019-05-25,-0.006204522214829922
2019-05-26,0.002011939650401473
2019-05-27,0.007203948218375444
2019-05-28,-0.0025904825888574123
2019-05-29,-0.013377226889133453
2019-05-30,-0.031129298731684685
2019-05-31,-0.05053899809718132
2019-06-01,-0.09013663977384567
2019-06-02,-0.10653002560138702
2019-06-03,-0.12025608867406845
2019-06-04,-0.1414320021867752
2019-06-05,-0.16522027552127838
2019-06-06,-0.17827092111110687
2019-06-07,-0.1936081349849701
2019-06-08,-0.20489273965358734
2019-06-09,-0.21843256056308746
2019-06-10,-0.21744346618652344
2019-06-11,-0.2148372381925583
2019-06-12,-0.21079158782958984
2019-06-13,-0.20939016342163086
2019-06-14,-0.2065631002187729
2019-06-15,-0.19233734905719757
2019-06-16,-0.19809630513191223
2019-06-17,-0.18516269326210022
2019-06-18,-0.18541905283927917
2019-06-19,-0.1650771200656891
2019-06-20,-0.16317611932754517
2019-06-21,-0.16800189018249512
2019-06-22,-0.18254774808883667
2019-06-23,-0.17540639638900757
2019-06-24,-0.1806035041809082
2019-06-25,-0.18297240138053894
2019-06-26,-0.1809065043926239
2019-06-27,-0.1753624826669693
2019-06-28,-0.1603711098432541
2019-06-29,-0.1437220573425293
2019-06-30,-0.14705227315425873
2019-07-01,-0.1570383459329605
2019-07-02,-0.16218052804470062
2019-07-03,-0.145014226436615
2019-07-04,-0.15279309451580048
2019-07-05,-0.1388631910085678
2019-07-06,-0.14924970269203186
2019-07-07,-0.12520423531532288
2019-07-08,-0.13509902358055115
2019-07-09,-0.14224646985530853
2019-07-10,-0.130925253033638
2019-07-11,-0.12298915535211563
2019-07-12,-0.1240825355052948
2019-07-13,-0.1089591383934021
2019-07-14,-0.10471929609775543
2019-07-15,-0.10184309631586075
2019-07-16,-0.10466818511486053
2019-07-17,-0.09698858112096786
2019-07-18,-0.08847466856241226
2019-07-19,-0.08980206400156021
2019-07-20,-0.07076604664325714
2019-07-21,-0.046407122164964676
2019-07-22,-0.037595055997371674
2019-07-23,-0.031103957444429398
2019-07-24,-0.04310321435332298
2019-07-25,-0.07002467662096024
2019-07-26,-0.06606368720531464
2019-07-27,-0.0547720231115818
2019-07-28,-0.04350006580352783
2019-07-29,-0.04244429990649223
2019-07-30,-0.03780747950077057
2019-07-31,-0.03749571368098259
2019-08-01,-0.057248469442129135
2019-08-02,-0.07370413839817047
2019-08-03,-0.08210737258195877
2019-08-04,-0.06264698505401611
2019-08-05,-0.06695887446403503
2019-08-06,-0.1135014146566391
2019-08-07,-0.13647621870040894
2019-08-08,-0.15002767741680145
2019-08-09,-0.18675051629543304
2019-08-10,-0.18501119315624237
2019-08-11,-0.17135588824748993
2019-08-12,-0.18498271703720093
2019-08-13,-0.20179811120033264
2019-08-14,-0.21761249005794525
2019-08-15,-0.24481749534606934
2019-08-16,-0.257892370223999
2019-08-17,-0.28460028767585754
2019-08-18,-0.29408103227615356
2019-08-19,-0.2816743850708008
2019-08-20,-0.2891983091831207
2019-08-21,-0.28715452551841736
2019-08-22,-0.28994667530059814
2019-08-23,-0.2912667691707611
2019-08-24,-0.3081687390804291
2019-08-25,-0.3066632151603699
2019-08-26,-0.29950299859046936
2019-08-27,-0.27678585052490234
2019-08-28,-0.25075602531433105
2019-08-29,-0.20585428178310394
2019-08-30,-0.20415064692497253
2019-08-31,-0.1956784427165985
2019-09-01,-0.1769201159477234
2019-09-02,-0.173793226480484
2019-09-03,-0.19305594265460968
2019-09-04,-0.19222553074359894
2019-09-05,-0.18817828595638275
2019-09-06,-0.18718011677265167
2019-09-07,-0.191270112991333
2019-09-08,-0.2025548368692398
2019-09-09,-0.2017872929573059
2019-09-10,-0.1987699568271637
2019-09-11,-0.19668817520141602
2019-09-12,-0.18168672919273376
2019-09-13,-0.17193926870822906
2019-09-14,-0.17192703485488892
2019-09-15,-0.16430480778217316
2019-09-16,-0.17762364447116852
2019-09-17,-0.18565475940704346
2019-09-18,-0.18198148906230927
2019-09-19,-0.1960839182138443
2019-09-20,-0.19450417160987854
2019-09-21,-0.19793711602687836
2019-09-22,-0.1865396648645401
2019-09-23,-0.18284398317337036
2019-09-24,-0.15617311000823975
2019-09-25,-0.14907893538475037
2019-09-26,-0.14122161269187927
2019-09-27,-0.1399489939212799
2019-09-28,-0.16369222104549408
2019-09-29,-0.15364103019237518
2019-09-30,-0.14776447415351868
2019-10-01,-0.16421671211719513
2019-10-02,-0.18675349652767181
2019-10-03,-0.19753479957580566
2019-10-04,-0.1984953135251999
2019-10-05,-0.20198896527290344
2019-10-06,-0.22166939079761505
2019-10-07,-0.2271633893251419
2019-10-08,-0.24615763127803802
2019-10-09,-0.2472790628671646
2019-10-10,-0.2577188313007355
2019-10-11,-0.23853082954883575
2019-10-12,-0.21415525674819946
2019-10-13,-0.19491422176361084
2019-10-14,-0.19352971017360687
2019-10-15,-0.18579113483428955
2019-10-16,-0.1819429248571396
2019-10-17,-0.1929619312286377
2019-10-18,-0.18679235875606537
2019-10-19,-0.19083771109580994
2019-10-20,-0.1870906949043274
2019-10-21,-0.18058297038078308
2019-10-22,-0.17896372079849243
2019-10-23,-0.17036674916744232
2019-10-24,-0.16412469744682312
2019-10-25,-0.17776881158351898
2019-10-26,-0.19631434977054596
2019-10-27,-0.1783689260482788
2019-10-28,-0.1704854816198349
2019-10-29,-0.1721791923046112
2019-10-30,-0.1596529632806778
2019-10-31,-0.16175693273544312
2019-11-01,-0.14425334334373474
2019-11-02,-0.13264144957065582
2019-11-03,-0.13745011389255524
2019-11-04,-0.12590830028057098
2019-11-05,-0.1016608253121376
2019-11-06,-0.09484155476093292
2019-11-07,-0.09136580675840378
2019-11-08,-0.0697326734662056
2019-11-09,-0.0671427994966507
2019-11-10,-0.044096674770116806
2019-11-11,-0.03176163136959076
2019-11-12,-0.022713350132107735
2019-11-13,-0.0205017551779747
2019-11-14,-0.011781001463532448
2019-11-15,0.009145071730017662
2019-11-16,0.020136918872594833
2019-11-17,0.015086754225194454
2019-11-18,-0.021403539925813675
2019-11-19,-0.02465108595788479
2019-11-20,-0.029571065679192543
2019-11-21,-0.029040852561593056
2019-11-22,-0.0268235020339489
2019-11-23,-0.023044854402542114
2019-11-24,-0.04460463672876358
2019-11-25,-0.03282191604375839
2019-11-26,-0.02979687601327896
2019-11-27,-0.03384556621313095
2019-11-28,-0.025444041937589645
2019-11-29,-0.036539044231176376
2019-11-30,-0.021469589322805405
2019-12-01,-0.006518655456602573
2019-12-02,-0.0003181768988724798
2019-12-03,-0.0034250100143253803
2019-12-04,-0.0029144480358809233
2019-12-05,0.00029114820063114166
2019-12-06,0.010077559389173985
2019-12-07,0.02055799588561058
2019-12-08,0.03431171178817749
2019-12-09,0.015335692092776299
2019-12-10,0.03425353020429611
2019-12-11,0.05568668246269226
2019-12-12,0.05580992251634598
2019-12-13,0.06793361902236938
2019-12-14,0.0839850977063179
2019-12-15,0.1000753715634346
2019-12-16,0.0965828225016594
2019-12-17,0.0929248034954071
2019-12-18,0.10903529822826385
2019-12-19,0.11461859941482544
2019-12-20,0.13755466043949127
2019-12-21,0.13595306873321533
2019-12-22,0.12220460176467896
2019-12-23,0.13239197432994843
2019-12-24,0.1480361372232437
2019-12-25,0.15722240507602692
2019-12-26,0.1559281200170517
2019-12-27,0.17384323477745056
2019-12-28,0.20326340198516846
2019-12-29,0.19609686732292175
2019-12-30,0.1753002554178238
2019-12-31,0.1858564019203186
2020-01-01,0.17646574974060059
2020-01-02,0.1705029457807541
2020-01-03,0.17897212505340576
2020-01-04,0.16679348051548004
2020-01-05,0.15344734489917755
2020-01-06,0.14610081911087036
2020-01-07,0.12981103360652924
2020-01-08,0.11683490872383118
2020-01-09,0.12217211723327637
2020-01-10,0.13925759494304657
2020-01-11,0.1347043663263321
2020-01-12,0.14980772137641907
2020-01-13,0.14786340296268463
2020-01-14,0.1384470909833908
2020-01-15,0.14089250564575195
2020-01-16,0.14756807684898376
2020-01-17,0.14731451869010925
2020-01-18,0.13110338151454926
2020-01-19,0.14733126759529114
2020-01-20,0.13500739634037018
2020-01-21,0.12201801687479019
2020-01-22,0.11745741963386536
2020-01-23,0.10505073517560959
2020-01-24,0.07848310470581055
2020-01-25,0.08824106305837631
2020-01-26,0.09854196757078171
2020-01-27,0.1009770929813385
2020-01-28,0.10121864825487137
2020-01-29,0.09241054952144623
2020-01-30,0.07976759225130081
2020-01-31,0.06639710813760757
2020-02-01,0.04795953258872032
2020-02-02,0.05223194882273674
2020-02-03,0.031601682305336
2020-02-04,0.012134697288274765
2020-02-05,0.036529239267110825
2020-02-06,0.034439440816640854
2020-02-07,0.020048972219228745
2020-02-08,0.02780074253678322
2020-02-09,0.044448599219322205
2020-02-10,0.048251986503601074
2020-02-11,0.05208251625299454
2020-02-12,0.04531189054250717
2020-02-13,0.05456024035811424
2020-02-14,0.05034848302602768
2020-02-15,0.04994845762848854
2020-02-16,0.048435088247060776
2020-02-17,0.04966256022453308
2020-02-18,0.034936048090457916
2020-02-19,0.029111452400684357
2020-02-20,0.009187688119709492
2020-02-21,-0.010495099239051342
2020-02-22,-0.013628577813506126
2020-02-23,-0.012350496836006641
2020-02-24,-0.001894216751679778
2020-02-25,-0.01302311010658741
2020-02-26,-0.006209592800587416
2020-02-27,-0.020502589643001556
2020-02-28,-0.07562515884637833
2020-02-29,-0.12236630171537399
2020-03-01,-0.1647559255361557
2020-03-02,-0.17236703634262085
2020-03-03,-0.20230671763420105
2020-03-04,-0.24034924805164337
2020-03-05,-0.23061522841453552
2020-03-06,-0.24497276544570923
2020-03-07,-0.25802668929100037
2020-03-08,-0.23645111918449402
2020-03-09,-0.2576349079608917
2020-03-10,-0.2933022677898407
2020-03-11,-0.3011283278465271
2020-03-12,-0.32694852352142334
2020-03-13,-0.3515208959579468
2020-03-14,-0.3591243624687195
2020-03-15,-0.372677206993103
2020-03-16,-0.3837742209434509
2020-03-17,-0.41145023703575134
2020-03-18,-0.41884154081344604
2020-03-19,-0.43381455540657043
2020-03-20,-0.45319679379463196
2020-03-21,-0.4692783057689667
2020-03-22,-0.4914376735687256
2020-03-23,-0.5052556991577148
2020-03-24,-0.5194380283355713
2020-03-25,-0.5140445232391357
2020-03-26,-0.5200016498565674
2020-03-27,-0.5376073718070984
2020-03-28,-0.5399335026741028
2020-03-29,-0.5440698266029358
2020-03-30,-0.5568236708641052
2020-03-31,-0.5543560981750488
2020-04-01,-0.5639992952346802
2020-04-02,-0.5735477209091187
2020-04-03,-0.5900049805641174
2020-04-04,-0.6166004538536072
2020-04-05,-0.6090936660766602
2020-04-06,-0.607711672782898
2020-04-07,-0.6054165363311768
2020-04-08,-0.5969196557998657
2020-04-09,-0.6042197942733765
2020-04-10,-0.604422390460968
2020-04-11,-0.5875408053398132
2020-04-12,-0.5832510590553284
2020-04-13,-0.5727118849754333
2020-04-14,-0.560033917427063
2020-04-15,-0.5766960382461548
2020-04-16,-0.5827676057815552
2020-04-17,-0.5879634618759155
2020-04-18,-0.5843914151191711
2020-04-19,-0.6022208333015442
2020-04-20,-0.6163215041160583
2020-04-21,-0.6182036399841309
2020-04-22,-0.6204020380973816
2020-04-23,-0.6259872913360596
2020-04-24,-0.6482036709785461
2020-04-25,-0.6422695517539978
2020-04-26,-0.6366080641746521
2020-04-27,-0.6363013982772827
2020-04-28,-0.6220171451568604
2020-04-29,-0.6130290031433105
2020-04-30,-0.6051977276802063
2020-05-01,-0.6113348007202148
2020-05-02,-0.6066074967384338
2020-05-03,-0.618145763874054
2020-05-04,-0.6185606122016907
2020-05-05,-0.610027551651001
2020-05-06,-0.6071937084197998
2020-05-07,-0.623568058013916
2020-05-08,-0.6391432285308838
2020-05-09,-0.6441872119903564
2020-05-10,-0.6596401333808899
2020-05-11,-0.6499091386795044
2020-05-12,-0.6575620174407959
2020-05-13,-0.6467517614364624
2020-05-14,-0.6473308205604553
2020-05-15,-0.6658238768577576
2020-05-16,-0.664238452911377
2020-05-17,-0.6481673717498779
2020-05-18,-0.641863226890564
2020-05-19,-0.6368082761764526
2020-05-20,-0.6364477276802063
2020-05-21,-0.61576247215271
2020-05-22,-0.6460472345352173
2020-05-23,-0.6572086215019226
2020-05-24,-0.6306802034378052
2020-05-25,-0.6346373558044434
2020-05-26,-0.6153483390808105
2020-05-27,-0.6002495884895325
2020-05-28,-0.598275899887085
2020-05-29,-0.6203853487968445
2020-05-30,-0.6081918478012085
2020-05-31,-0.6000692248344421
2020-06-01,-0.5781649947166443
2020-06-02,-0.6009122133255005
2020-06-03,-0.6054962277412415
2020-06-04,-0.6145073175430298
2020-06-05,-0.6166245341300964
2020-06-06,-0.6153545379638672
2020-06-07,-0.6144154667854309
2020-06-08,-0.6089175343513489
2020-06-09,-0.6191123127937317
2020-06-10,-0.6073717474937439
2020-06-11,-0.6003367304801941
2020-06-12,-0.6189881563186646
2020-06-13,-0.6218401193618774
2020-06-14,-0.6234357953071594
2020-06-15,-0.6264093518257141
2020-06-16,-0.618231475353241
2020-06-17,-0.6133109927177429
2020-06-18,-0.623169481754303
2020-06-19,-0.6094324588775635
2020-06-20,-0.6065959930419922
2020-06-21,-0.5932826399803162
2020-06-22,-0.5881291031837463
2020-06-23,-0.5644282698631287
2020-06-24,-0.5624591112136841
2020-06-25,-0.5739113092422485
2020-06-26,-0.5816197395324707
2020-06-27,-0.5746438503265381
2020-06-28,-0.562318742275238
2020-06-29,-0.5510119795799255
2020-06-30,-0.5401031970977783
2020-07-01,-0.5226858854293823
2020-07-02,-0.5232236981391907
2020-07-03,-0.5432032942771912
2020-07-04,-0.5250860452651978
2020-07-05,-0.5140669941902161
2020-07-06,-0.5038784742355347
2020-07-07,-0.4871573746204376
2020-07-08,-0.4769267439842224
2020-07-09,-0.457431823015213
2020-07-10,-0.46529117226600647
2020-07-11,-0.4739723205566406
2020-07-12,-0.47113198041915894
2020-07-13,-0.4629029333591461
2020-07-14,-0.47955387830734253
2020-07-15,-0.457222580909729
2020-07-16,-0.4661877155303955
2020-07-17,-0.46643444895744324
2020-07-18,-0.4608311355113983
2020-07-19,-0.44110366702079773
2020-07-20,-0.4480099081993103
2020-07-21,-0.4543152451515198
2020-07-22,-0.4290464520454407
2020-07-23,-0.43252772092819214
2020-07-24,-0.4499691128730774
2020-07-25,-0.4615061283111572
2020-07-26,-0.4463038742542267
2020-07-27,-0.41875481605529785
2020-07-28,-0.4204905927181244
2020-07-29,-0.4122517704963684
2020-07-30,-0.4152841567993164
2020-07-31,-0.43645143508911133
2020-08-01,-0.4202854633331299
2020-08-02,-0.4188053011894226
2020-08-03,-0.41557252407073975
2020-08-04,-0.41246408224105835
2020-08-05,-0.40367570519447327
2020-08-06,-0.40635648369789124
2020-08-07,-0.4140642285346985
2020-08-08,-0.42076376080513
2020-08-09,-0.40537673234939575
2020-08-10,-0.40929266810417175
2020-08-11,-0.41026753187179565
2020-08-12,-0.3924519717693329
2020-08-13,-0.3867630064487457
2020-08-14,-0.4003855288028717
2020-08-15,-0.38862746953964233
2020-08-16,-0.3744935691356659
2020-08-17,-0.3503570258617401
2020-08-18,-0.3432934284210205
2020-08-19,-0.32397645711898804
2020-08-20,-0.33918502926826477
2020-08-21,-0.36015287041664124
2020-08-22,-0.3569214642047882
2020-08-23,-0.3455389440059662
2020-08-24,-0.34510383009910583
2020-08-25,-0.3255896270275116
2020-08-26,-0.31458085775375366
2020-08-27,-0.3186688721179962
2020-08-28,-0.33057618141174316
2020-08-29,-0.3318123519420624
2020-08-30,-0.33193421363830566
2020-08-31,-0.3388786315917969
2020-09-01,-0.32366856932640076
2020-09-02,-0.3264960050582886
2020-09-03,-0.32254713773727417
2020-09-04,-0.3234665095806122
2020-09-05,-0.3217722773551941
2020-09-06,-0.30105796456336975
2020-09-07,-0.30787867307662964
2020-09-08,-0.3046261668205261
2020-09-09,-0.2998696565628052
2020-09-10,-0.2877762019634247
2020-09-11,-0.29312223196029663
2020-09-12,-0.2866060733795166
2020-09-13,-0.2687920331954956
2020-09-14,-0.28167596459388733
2020-09-15,-0.2800554037094116
2020-09-16,-0.2742776572704315
2020-09-17,-0.2639448940753937
2020-09-18,-0.281548410654068
2020-09-19,-0.26441672444343567
2020-09-20,-0.2641216218471527
2020-09-21,-0.2697051167488098
2020-09-22,-0.26394474506378174
2020-09-23,-0.2468288391828537
2020-09-24,-0.24626822769641876
2020-09-25,-0.2600483000278473
2020-09-26,-0.22882595658302307
2020-09-27,-0.23889651894569397
2020-09-28,-0.21571363508701324
2020-09-29,-0.19488677382469177
2020-09-30,-0.18631497025489807
2020-10-01,-0.19182008504867554
2020-10-02,-0.20595617592334747
2020-10-03,-0.2488391101360321
2020-10-04,-0.2441658079624176
2020-10-05,-0.22165267169475555
2020-10-06,-0.22377677261829376
2020-10-07,-0.22404511272907257
2020-10-08,-0.24472783505916595
2020-10-09,-0.2609556317329407
2020-10-10,-0.2507896423339844
2020-10-11,-0.22376717627048492
2020-10-12,-0.20285411179065704
2020-10-13,-0.20860567688941956
2020-10-14,-0.1923857182264328
2020-10-15,-0.1951119750738144
2020-10-16,-0.20861977338790894
2020-10-17,-0.21481198072433472
2020-10-18,-0.1874944120645523
2020-10-19,-0.18464726209640503
2020-10-20,-0.17681989073753357
2020-10-21,-0.1585746705532074
2020-10-22,-0.15567758679389954
2020-10-23,-0.16475431621074677
2020-10-24,-0.16251014173030853
2020-10-25,-0.16493159532546997
2020-10-26,-0.140242800116539
2020-10-27,-0.1340613216161728
2020-10-28,-0.13111469149589539
2020-10-29,-0.13505248725414276
2020-10-30,-0.13266851007938385
2020-10-31,-0.10475323349237442
2020-11-01,-0.09493861347436905
2020-11-02,-0.08359739929437637
2020-11-03,-0.09403221309185028
2020-11-04,-0.09344812482595444
2020-11-05,-0.08706582337617874
2020-11-06,-0.11761512607336044
2020-11-07,-0.12140533328056335
2020-11-08,-0.11636120080947876
2020-11-09,-0.10003848373889923
2020-11-10,-0.09774429351091385
2020-11-11,-0.10951343923807144
2020-11-12,-0.12179224193096161
2020-11-13,-0.14698953926563263
2020-11-14,-0.14987525343894958
2020-11-15,-0.14046840369701385
2020-11-16,-0.15398047864437103
2020-11-17,-0.13702426850795746
2020-11-18,-0.13525211811065674
2020-11-19,-0.1281682252883911
2020-11-20,-0.15382128953933716
2020-11-21,-0.14060920476913452
2020-11-22,-0.1265529990196228
2020-11-23,-0.10453598201274872
2020-11-24,-0.09628912806510925
2020-11-25,-0.11404485255479813
2020-11-26,-0.14985637366771698
2020-11-27,-0.15038737654685974
2020-11-28,-0.16369318962097168
2020-11-29,-0.1716829538345337
2020-11-30,-0.16587784886360168
2020-12-01,-0.18442058563232422
2020-12-02,-0.16632391512393951
2020-12-03,-0.15962813794612885
2020-12-04,-0.17333930730819702
2020-12-05,-0.17719218134880066
2020-12-06,-0.1696116179227829
2020-12-07,-0.17046649754047394
2020-12-08,-0.1696249395608902
2020-12-09,-0.16261881589889526
2020-12-10,-0.16547845304012299
2020-12-11,-0.17018850147724152
2020-12-12,-0.15270830690860748
2020-12-13,-0.15714873373508453
2020-12-14,-0.13777300715446472
2020-12-15,-0.15592779219150543
2020-12-16,-0.15455785393714905
2020-12-17,-0.16098006069660187
2020-12-18,-0.16437843441963196
2020-12-19,-0.1706317514181137
2020-12-20,-0.19603762030601501
2020-12-21,-0.1804291307926178
2020-12-22,-0.17339397966861725
2020-12-23,-0.15472765266895294
2020-12-24,-0.15679329633712769
2020-12-25,-0.13698574900627136
2020-12-26,-0.1255616545677185
2020-12-27,-0.12922555208206177
2020-12-28,-0.1218220591545105
2020-12-29,-0.10298540443181992
2020-12-30,-0.09231457859277725
2020-12-31,-0.09211904555559158
2021-01-01,-0.11656022071838379
2021-01-02,-0.09807520359754562
2021-01-03,-0.09628301858901978
2021-01-04,-0.09270668029785156
2021-01-05,-0.0980454757809639
2021-01-06,-0.09206155687570572
2021-01-07,-0.07549522072076797
2021-01-08,-0.07925071567296982
2021-01-09,-0.09144071489572525
2021-01-10,-0.09014490246772766
2021-01-11,-0.06420665234327316
2021-01-12,-0.06058257445693016
2021-01-13,-0.05521119758486748
2021-01-14,-0.056581057608127594
2021-01-15,-0.07994358241558075
2021-01-16,-0.05973946303129196
2021-01-17,-0.08059662580490112
2021-01-18,-0.07556121796369553
2021-01-19,-0.07916738837957382
2021-01-20,-0.08461019396781921
2021-01-21,-0.08511681854724884
2021-01-22,-0.1013312116265297
2021-01-23,-0.11513236165046692
2021-01-24,-0.10238941013813019
2021-01-25,-0.08756197243928909
2021-01-26,-0.08143475651741028
2021-01-27,-0.06477278470993042
2021-01-28,-0.05773992836475372
2021-01-29,-0.07077836245298386
2021-01-30,-0.07813872396945953
2021-01-31,-0.047717541456222534
2021-02-01,-0.03237200528383255
2021-02-02,-0.026174815371632576
2021-02-03,-0.022243157029151917
2021-02-04,-0.03197840601205826
2021-02-05,-0.038765475153923035
2021-02-06,-0.03491382673382759
2021-02-07,-0.04083912447094917
2021-02-08,-0.035221535712480545
2021-02-09,-0.025345534086227417
2021-02-10,-0.024924233555793762
2021-02-11,-0.012403073720633984
2021-02-12,-0.02324931137263775
2021-02-13,-0.03048994392156601
2021-02-14,-0.035506196320056915
2021-02-15,-0.04299163445830345
2021-02-16,-0.04785424470901489
2021-02-17,-0.03842245042324066
2021-02-18,-0.029591141268610954
2021-02-19,-0.037887994199991226
2021-02-20,-0.025101907551288605
2021-02-21,-0.005254653748124838
2021-02-22,0.0027045956812798977
2021-02-23,-0.004410723224282265
2021-02-24,0.007104846648871899
2021-02-25,0.013118692673742771
2021-02-26,-0.009539010934531689
2021-02-27,0.0018533316906541586
2021-02-28,-0.00011381796502973884
2021-03-01,-0.002887673443183303
2021-03-02,0.018489111214876175
2021-03-03,0.037005748599767685
2021-03-04,0.04368938133120537
2021-03-05,0.03741127625107765
2021-03-06,0.052903931587934494
2021-03-07,0.04501267522573471
2021-03-08,0.06032872200012207
2021-03-09,0.06035401672124863
2021-03-10,0.058881767094135284
2021-03-11,0.0633108988404274
2021-03-12,0.05929585173726082
2021-03-13,0.05786251649260521
2021-03-14,0.06930384784936905
2021-03-15,0.06290782243013382
2021-03-16,0.05958756059408188
2021-03-17,0.06748482584953308
2021-03-18,0.06501580774784088
2021-03-19,0.07089804112911224
2021-03-20,0.06469456106424332
2021-03-21,0.06086328998208046
2021-03-22,0.06809873133897781
2021-03-23,0.061047255992889404
2021-03-24,0.06873137503862381
2021-03-25,0.07184332609176636
2021-03-26,0.057787343859672546
2021-03-27,0.03703867644071579
2021-03-28,0.05509103089570999
2021-03-29,0.051679130643606186
2021-03-30,0.05388961732387543
2021-03-31,0.06573303043842316
2021-04-01,0.0620061457157135
2021-04-02,0.058570295572280884
2021-04-03,0.07716861367225647
2021-04-04,0.0877210721373558
2021-04-05,0.10348322242498398
2021-04-06,0.11798425018787384
2021-04-07,0.12180212140083313
2021-04-08,0.12369488179683685
2021-04-09,0.11710045486688614
2021-04-10,0.11316689103841782
2021-04-11,0.12345743924379349
2021-04-12,0.1376953274011612
2021-04-13,0.13739484548568726
2021-04-14,0.13853226602077484
2021-04-15,0.13490624725818634
2021-04-16,0.1352713257074356
2021-04-17,0.11406876146793365
2021-04-18,0.1113865002989769
2021-04-19,0.09715678542852402
2021-04-20,0.10149689763784409
2021-04-21,0.09547609090805054
2021-04-22,0.10381998866796494
2021-04-23,0.08851222693920135
2021-04-24,0.0882030501961708
2021-04-25,0.09792263060808182
2021-04-26,0.11002181470394135
2021-04-27,0.11710203438997269
2021-04-28,0.1368805170059204
2021-04-29,0.15534868836402893
2021-04-30,0.1572699099779129
2021-05-01,0.1806180626153946
2021-05-02,0.17365823686122894
2021-05-03,0.1995297372341156
2021-05-04,0.19375908374786377
2021-05-05,0.19231955707073212
2021-05-06,0.1842784732580185
2021-05-07,0.14959901571273804
2021-05-08,0.132395401597023
2021-05-09,0.14223730564117432
2021-05-10,0.14488038420677185
2021-05-11,0.12375877052545547
2021-05-12,0.11013130098581314
2021-05-13,0.1040235161781311
2021-05-14,0.09307990223169327
2021-05-15,0.10032579302787781
2021-05-16,0.10644404590129852
2021-05-17,0.10113299638032913
2021-05-18,0.1082109808921814
2021-05-19,0.11829465627670288
2021-05-20,0.10729890316724777
2021-05-21,0.08587148785591125
2021-05-22,0.11050266027450562
2021-05-23,0.10142035037279129
2021-05-24,0.09727831929922104
2021-05-25,0.10077059268951416
2021-05-26,0.10121969878673553
2021-05-27,0.09756594896316528
2021-05-28,0.09868768602609634
2021-05-29,0.10086865723133087
2021-05-30,0.10439418256282806
2021-05-31,0.09315836429595947
2021-06-01,0.07913457602262497
2021-06-02,0.07136166840791702
2021-06-03,0.07361380010843277
2021-06-04,0.068760946393013
2021-06-05,0.08079409599304199
2021-06-06,0.08848981559276581
2021-06-07,0.07742553949356079
2021-06-08,0.07448942214250565
2021-06-09,0.10214162617921829
2021-06-10,0.10216590017080307
2021-06-11,0.08866290748119354
2021-06-12,0.07322505861520767
2021-06-13,0.08510715514421463
2021-06-14,0.0881294533610344
2021-06-15,0.0780748650431633
2021-06-16,0.07223674654960632
2021-06-17,0.08542435616254807
2021-06-18,0.08099398761987686
2021-06-19,0.08493520319461823
2021-06-20,0.09166159480810165
2021-06-21,0.10771782696247101
2021-06-22,0.10474216192960739
2021-06-23,0.09223970770835876
2021-06-24,0.08769138157367706
2021-06-25,0.0691136047244072
2021-06-26,0.07077765464782715
2021-06-27,0.0843924954533577
2021-06-28,0.09525838494300842
2021-06-29,0.08169276267290115
2021-06-30,0.07963450998067856
2021-07-01,0.08142375200986862
2021-07-02,0.07967540621757507
2021-07-03,0.09053333103656769
2021-07-04,0.09092434495687485
2021-07-05,0.0790301114320755
2021-07-06,0.08462559431791306
2021-07-07,0.07671826332807541
2021-07-08,0.06867469102144241
2021-07-09,0.05379192531108856
2021-07-10,0.07585275173187256
2021-07-11,0.08183211833238602
2021-07-12,0.08668588846921921
2021-07-13,0.08861716091632843
2021-07-14,0.10984990745782852
2021-07-15,0.12999777495861053
2021-07-16,0.12105211615562439
2021-07-17,0.11091648042201996
2021-07-18,0.11129722744226456
2021-07-19,0.11538393050432205
2021-07-20,0.10018434375524521
2021-07-21,0.11001040786504745
2021-07-22,0.09133642166852951
2021-07-23,0.07720053195953369
2021-07-24,0.06098034977912903
2021-07-25,0.07796106487512589
2021-07-26,0.09964533895254135
2021-07-27,0.09831991791725159
2021-07-28,0.09566086530685425
2021-07-29,0.09333393722772598
2021-07-30,0.09582105278968811
2021-07-31,0.07764124125242233
2021-08-01,0.07103476673364639
2021-08-02,0.06375323981046677
2021-08-03,0.07390111684799194
2021-08-04,0.06528279185295105
2021-08-05,0.07259811460971832
2021-08-06,0.0687914565205574
2021-08-07,0.08306309580802917
2021-08-08,0.06392751634120941
2021-08-09,0.046661946922540665
2021-08-10,0.05727966129779816
2021-08-11,0.05642642825841904
2021-08-12,0.049906741827726364
2021-08-13,0.06535222381353378
2021-08-14,0.06724141538143158
2021-08-15,0.07874196022748947
2021-08-16,0.07785012573003769
2021-08-17,0.05878591537475586
2021-08-18,0.052760668098926544
2021-08-19,0.060901980847120285
2021-08-20,0.044029127806425095
2021-08-21,0.03227079659700394
2021-08-22,0.005855525843799114
2021-08-23,-0.00488938856869936
2021-08-24,-0.007424036506563425
2021-08-25,-0.0011031829053536057
2021-08-26,0.0011257529258728027
2021-08-27,0.004585170652717352
2021-08-28,0.02788536436855793
2021-08-29,0.04697683826088905
2021-08-30,0.05417448654770851
2021-08-31,0.05523097887635231
2021-09-01,0.04139375686645508
2021-09-02,0.026261083781719208
2021-09-03,0.011906202882528305
2021-09-04,-0.00010131429735338315
2021-09-05,0.0051147290505468845
2021-09-06,0.0016906332457438111
2021-09-07,-0.0005251642432995141
2021-09-08,0.00028137132176198065
2021-09-09,-0.006041855085641146
2021-09-10,-0.014384526759386063
2021-09-11,-0.0216435007750988
2021-09-12,-0.03207506611943245
2021-09-13,-0.024997565895318985
2021-09-14,-0.01903141476213932
2021-09-15,-0.03307581692934036
2021-09-16,-0.028881555423140526
2021-09-17,-0.019136859104037285
2021-09-18,-0.00455726170912385
2021-09-19,0.010189579799771309
2021-09-20,-0.0011276629520580173
2021-09-21,-0.04792593792080879
2021-09-22,-0.05943167582154274
2021-09-23,-0.07577231526374817
2021-09-24,-0.08276211470365524
2021-09-25,-0.08730793744325638
2021-09-26,-0.1038312166929245
2021-09-27,-0.10051790624856949
2021-09-28,-0.12185210734605789
2021-09-29,-0.1420474648475647
2021-09-30,-0.15654969215393066
2021-10-01,-0.15642040967941284
2021-10-02,-0.1390560418367386
2021-10-03,-0.14533519744873047
2021-10-04,-0.13365952670574188
2021-10-05,-0.13722175359725952
2021-10-06,-0.1527063101530075
2021-10-07,-0.17526191473007202
2021-10-08,-0.19764401018619537
2021-10-09,-0.1930409073829651
2021-10-10,-0.18641939759254456
2021-10-11,-0.15573857724666595
2021-10-12,-0.14478769898414612
2021-10-13,-0.16903100907802582
2021-10-14,-0.16027547419071198
2021-10-15,-0.16153906285762787
2021-10-16,-0.1642695665359497
2021-10-17,-0.15839532017707825
2021-10-18,-0.15436981618404388
2021-10-19,-0.1831851601600647
2021-10-20,-0.17372338473796844
2021-10-21,-0.15093788504600525
2021-10-22,-0.14905333518981934
2021-10-23,-0.13818293809890747
2021-10-24,-0.10898944735527039
2021-10-25,-0.09274007380008698
2021-10-26,-0.06293921172618866
2021-10-27,-0.05128927901387215
2021-10-28,-0.027773559093475342
2021-10-29,-0.02050876058638096
2021-10-30,-0.003655232721939683
2021-10-31,-0.0071556586772203445
2021-11-01,-0.01003291830420494
2021-11-02,-0.021718837320804596
2021-11-03,-0.013990089297294617
2021-11-04,-0.0022952768485993147
2021-11-05,0.012627145275473595
2021-11-06,0.03525526076555252
2021-11-07,0.05208756402134895
2021-11-08,0.07039506733417511
2021-11-09,0.0747535228729248
2021-11-10,0.06930160522460938
2021-11-11,0.06158331781625748
2021-11-12,0.057998865842819214
2021-11-13,0.06634075194597244
2021-11-14,0.05862756818532944
2021-11-15,0.0506548136472702
2021-11-16,0.05727984383702278
2021-11-17,0.05500730127096176
2021-11-18,0.054307933896780014
2021-11-19,0.059952616691589355
2021-11-20,0.08802303671836853
2021-11-21,0.09181395173072815
2021-11-22,0.10039827972650528
2021-11-23,0.10881268233060837
2021-11-24,0.10245611518621445
2021-11-25,0.09111607074737549
2021-11-26,0.09126128256320953
2021-11-27,0.0771544799208641
2021-11-28,0.08469607681035995
2021-11-29,0.08975423872470856
2021-11-30,0.05774218961596489
2021-12-01,0.05043467879295349
2021-12-02,0.052600134164094925
2021-12-03,0.03658847510814667
2021-12-04,0.04456299543380737
2021-12-05,0.07735233008861542
2021-12-06,0.06596150994300842
2021-12-07,0.06319399178028107
2021-12-08,0.038780100643634796
2021-12-09,0.0197219830006361
2021-12-10,0.007025578059256077
2021-12-11,0.010804521851241589
2021-12-12,0.010400209575891495
2021-12-13,0.0038635549135506153
2021-12-14,-0.010170983150601387
2021-12-15,-0.01070480141788721
2021-12-16,-0.015851812437176704
2021-12-17,-0.03513726219534874
2021-12-18,-0.028625639155507088
2021-12-19,-0.015398383140563965
2021-12-20,-0.016419412568211555
2021-12-21,-0.009757690131664276
2021-12-22,0.00011485815048217773
2021-12-23,0.015410305932164192
2021-12-24,0.03831495717167854
2021-12-25,-0.03800088167190552
2021-12-26,-0.0289602167904377
2021-12-27,-0.007630346342921257
2021-12-28,0.012572159059345722
2021-12-29,0.02182118408381939
2021-12-30,0.01985500194132328
2021-12-31,0.026674645021557808
2022-01-01,0.040913913398981094
2022-01-02,0.058799054473638535
2022-01-03,0.07556619495153427
2022-01-04,0.0950985699892044
2022-01-05,0.08955425024032593
2022-01-06,0.0697677731513977
2022-01-07,0.06213628873229027
2022-01-08,0.053858283907175064
2022-01-09,0.06239519640803337
2022-01-10,0.0634956955909729
2022-01-11,0.04171544313430786
2022-01-12,0.03316045179963112
2022-01-13,0.0266104843467474
2022-01-14,0.010853199288249016
2022-01-15,0.027178984135389328
2022-01-16,0.024844883009791374
2022-01-17,0.03220321610569954
2022-01-18,0.01999600976705551
2022-01-19,0.015691088512539864
2022-01-20,0.02434319257736206
2022-01-21,0.01276461686939001
2022-01-22,-0.012076102197170258
2022-01-23,-0.013024097308516502
2022-01-24,-0.018308235332369804
2022-01-25,-0.034284625202417374
2022-01-26,-0.04811493679881096
2022-01-27,-0.04463151842355728
2022-01-28,-0.05476420000195503
2022-01-29,-0.05961347743868828
2022-01-30,-0.061754148453474045
2022-01-31,-0.06432512402534485
2022-02-01,-0.06710607558488846
2022-02-02,-0.05786475911736488
2022-02-03,-0.06351576745510101
2022-02-04,-0.05867500975728035
2022-02-05,-0.020769821479916573
2022-02-06,-0.01985848881304264
2022-02-07,-0.021879179403185844
2022-02-08,-0.030393650755286217
2022-02-09,-0.025483276695013046
2022-02-10,-0.020622994750738144
2022-02-11,-0.03615228831768036
2022-02-12,-0.042458511888980865
2022-02-13,-0.02560650184750557
2022-02-14,-0.013302012346684933
2022-02-15,-0.015425648540258408
2022-02-16,-0.01693376898765564
2022-02-17,-0.016727153211832047
2022-02-18,-0.025493932887911797
2022-02-19,-0.031216075643897057
2022-02-20,-0.0378696583211422
2022-02-21,-0.02389937825500965
2022-02-22,-0.03521345928311348
2022-02-23,-0.04953601583838463
2022-02-24,-0.058883652091026306
2022-02-25,-0.08306421339511871
2022-02-26,-0.09230674058198929
2022-02-27,-0.10362014919519424
2022-02-28,-0.11392267793416977
2022-03-01,-0.1405056118965149
2022-03-02,-0.14403557777404785
2022-03-03,-0.14983607828617096
2022-03-04,-0.15302355587482452
2022-03-05,-0.16542795300483704
2022-03-06,-0.1732531040906906
2022-03-07,-0.1729145050048828
2022-03-08,-0.18752218782901764
2022-03-09,-0.19551321864128113
2022-03-10,-0.18652880191802979
2022-03-11,-0.20585836470127106
2022-03-12,-0.2033379077911377
2022-03-13,-0.18329787254333496
2022-03-14,-0.16863508522510529
2022-03-15,-0.18935823440551758
2022-03-16,-0.19579289853572845
2022-03-17,-0.20120574533939362
2022-03-18,-0.20572663843631744
2022-03-19,-0.21760715544223785
2022-03-20,-0.21006347239017487
2022-03-21,-0.21743805706501007
2022-03-22,-0.20643256604671478
2022-03-23,-0.1970219910144806
2022-03-24,-0.20695550739765167
2022-03-25,-0.21280817687511444
2022-03-26,-0.20138336718082428
2022-03-27,-0.17758944630622864
2022-03-28,-0.1759946495294571
2022-03-29,-0.15964631736278534
2022-03-30,-0.13872769474983215
2022-03-31,-0.14771771430969238
2022-04-01,-0.13339249789714813
2022-04-02,-0.11318694800138474
2022-04-03,-0.11489394307136536
2022-04-04,-0.11122724413871765
2022-04-05,-0.11344721913337708
2022-04-06,-0.12875092029571533
2022-04-07,-0.13728785514831543
2022-04-08,-0.14849789440631866
2022-04-09,-0.14997176826000214
2022-04-10,-0.13987155258655548
2022-04-11,-0.13411466777324677
2022-04-12,-0.13516707718372345
2022-04-13,-0.1397962123155594
2022-04-14,-0.13484840095043182
2022-04-15,-0.12329055368900299
2022-04-16,-0.10349775105714798
2022-04-17,-0.07855493575334549
2022-04-18,-0.06897794455289841
2022-04-19,-0.061558689922094345
2022-04-20,-0.045408375561237335
2022-04-21,-0.048671022057533264
2022-04-22,-0.055054809898138046
2022-04-23,-0.054085955023765564
2022-04-24,-0.050961825996637344
2022-04-25,-0.02137991040945053
2022-04-26,-0.00844879262149334
2022-04-27,-0.0007521848892793059
2022-04-28,-0.019346142187714577
2022-04-29,-0.03304478898644447
2022-04-30,-0.04655836522579193
2022-05-01,-0.0637730211019516
2022-05-02,-0.06715182214975357
2022-05-03,-0.06412746012210846
2022-05-04,-0.06113055720925331
2022-05-05,-0.06267973780632019
2022-05-06,-0.06911271065473557
2022-05-07,-0.077156662940979
2022-05-08,-0.07013744115829468
2022-05-09,-0.06436736136674881
2022-05-10,-0.06493593007326126
2022-05-11,-0.07263253629207611
2022-05-12,-0.0729459822177887
2022-05-13,-0.059365589171648026
2022-05-14,-0.05422601103782654
2022-05-15,-0.039802711457014084
2022-05-16,-0.032430898398160934
2022-05-17,-0.01788848266005516
2022-05-18,-0.03338175266981125
2022-05-19,-0.0589330829679966
2022-05-20,-0.07012558728456497
2022-05-21,-0.07906892150640488
2022-05-22,-0.07987861335277557
2022-05-23,-0.0678495243191719
2022-05-24,-0.08125510066747665
2022-05-25,-0.10120667517185211
2022-05-26,-0.10835867375135422
2022-05-27,-0.09569486230611801
2022-05-28,-0.08091583847999573
2022-05-29,-0.07105368375778198
2022-05-30,-0.053477589040994644
2022-05-31,-0.05565686896443367
2022-06-01,-0.04119556024670601
2022-06-02,-0.034687675535678864
2022-06-03,-0.02223501354455948
2022-06-04,-0.01553675439208746
2022-06-05,0.00012054494436597452
2022-06-06,-0.0013604987179860473
2022-06-07,-0.025715356692671776
2022-06-08,-0.042246025055646896
2022-06-09,-0.058930739760398865
2022-06-10,-0.06479627639055252
2022-06-11,-0.08746794611215591
2022-06-12,-0.08580652624368668
2022-06-13,-0.09107937663793564
2022-06-14,-0.09996132552623749
2022-06-15,-0.12087047100067139
2022-06-16,-0.12954097986221313
2022-06-17,-0.14559708535671234
2022-06-18,-0.150088831782341
2022-06-19,-0.16290800273418427
2022-06-20,-0.14366906881332397
2022-06-21,-0.15133310854434967
2022-06-22,-0.16549858450889587
2022-06-23,-0.179292693734169
2022-06-24,-0.1890801638364792
2022-06-25,-0.1675182282924652
2022-06-26,-0.16215963661670685
2022-06-27,-0.16130727529525757
2022-06-28,-0.16928689181804657
2022-06-29,-0.16133533418178558
2022-06-30,-0.17290468513965607
2022-07-01,-0.17433348298072815
2022-07-02,-0.1735657900571823
2022-07-03,-0.17060843110084534
2022-07-04,-0.17136496305465698
2022-07-05,-0.18122293055057526
2022-07-06,-0.2029561847448349
2022-07-07,-0.19946472346782684
2022-07-08,-0.19364233314990997
2022-07-09,-0.17487552762031555
2022-07-10,-0.1804364025592804
2022-07-11,-0.16305935382843018
2022-07-12,-0.1709340363740921
2022-07-13,-0.17336997389793396
2022-07-14,-0.1918262392282486
2022-07-15,-0.18977291882038116
2022-07-16,-0.17855094373226166
2022-07-17,-0.18477320671081543
2022-07-18,-0.19547885656356812
2022-07-19,-0.18862920999526978
2022-07-20,-0.2024761438369751
2022-07-21,-0.1941050887107849
2022-07-22,-0.19498653709888458
2022-07-23,-0.18446801602840424
2022-07-24,-0.17835740745067596
2022-07-25,-0.20093421638011932
2022-07-26,-0.20798179507255554
2022-07-27,-0.20706403255462646
2022-07-28,-0.21696031093597412
2022-07-29,-0.22133764624595642
2022-07-30,-0.21789883077144623
2022-07-31,-0.20832021534442902
2022-08-01,-0.20716457068920135
2022-08-02,-0.2048269808292389
2022-08-03,-0.2045104205608368
2022-08-04,-0.21587470173835754
2022-08-05,-0.20903438329696655
2022-08-06,-0.1923341006040573
2022-08-07,-0.16660645604133606
2022-08-08,-0.15274474024772644
2022-08-09,-0.13986411690711975
2022-08-10,-0.12279094010591507
2022-08-11,-0.12273388355970383
2022-08-12,-0.10811010003089905
2022-08-13,-0.08951865881681442
2022-08-14,-0.05408288165926933
2022-08-15,-0.05008496716618538
2022-08-16,-0.0634397491812706
2022-08-17,-0.0559755340218544
2022-08-18,-0.05110990256071091
2022-08-19,-0.04413078725337982
2022-08-20,-0.03438494727015495
2022-08-21,-0.022245263680815697
2022-08-22,-0.03436228632926941
2022-08-23,-0.03595856949687004
2022-08-24,-0.06773786246776581
2022-08-25,-0.0765143632888794
2022-08-26,-0.09486114233732224
2022-08-27,-0.09269455075263977
2022-08-28,-0.08135434240102768
2022-08-29,-0.09525425732135773
2022-08-30,-0.09006080031394958
2022-08-31,-0.1041581854224205
2022-09-01,-0.11753951013088226
2022-09-02,-0.1038551852107048
2022-09-03,-0.08516828715801239
2022-09-04,-0.09667742997407913
2022-09-05,-0.08150915056467056
2022-09-06,-0.08992594480514526
2022-09-07,-0.08883798867464066
2022-09-08,-0.0855385884642601
2022-09-09,-0.07617106288671494
2022-09-10,-0.0682450607419014
2022-09-11,-0.06796003133058548
2022-09-12,-0.06712735444307327
2022-09-13,-0.0721716582775116
2022-09-14,-0.08192632347345352
2022-09-15,-0.07655923813581467
2022-09-16,-0.08241497725248337
2022-09-17,-0.07457362860441208
2022-09-18,-0.0961475595831871
2022-09-19,-0.0960349589586258
2022-09-20,-0.10752769559621811
2022-09-21,-0.11586533486843109
2022-09-22,-0.1256616860628128
2022-09-23,-0.12864813208580017
2022-09-24,-0.11372053623199463
2022-09-25,-0.1088370755314827
2022-09-26,-0.13250350952148438
2022-09-27,-0.1446124166250229
2022-09-28,-0.14128552377223969
2022-09-29,-0.15072733163833618
2022-09-30,-0.17352421581745148
2022-10-01,-0.1848035603761673
2022-10-02,-0.1868806928396225
2022-10-03,-0.17984655499458313
2022-10-04,-0.1780209243297577
2022-10-05,-0.19634521007537842
2022-10-06,-0.2309904545545578
2022-10-07,-0.22766248881816864
2022-10-08,-0.22247512638568878
2022-10-09,-0.18699681758880615
2022-10-10,-0.18199479579925537
2022-10-11,-0.19624710083007812
2022-10-12,-0.23095110058784485
2022-10-13,-0.24265162646770477
2022-10-14,-0.2525743842124939
2022-10-15,-0.23631517589092255
2022-10-16,-0.2307279258966446
2022-10-17,-0.21578221023082733
2022-10-18,-0.21468639373779297
2022-10-19,-0.21668080985546112
2022-10-20,-0.22714415192604065
2022-10-21,-0.2522999942302704
2022-10-22,-0.2732040584087372
2022-10-23,-0.27135172486305237
2022-10-24,-0.2552613615989685
2022-10-25,-0.23838689923286438
2022-10-26,-0.2460918128490448
2022-10-27,-0.24840450286865234
2022-10-28,-0.24480119347572327
2022-10-29,-0.22299274802207947
2022-10-30,-0.20778781175613403
2022-10-31,-0.19580084085464478
2022-11-01,-0.181000217795372
2022-11-02,-0.1747586876153946
2022-11-03,-0.1608497053384781
2022-11-04,-0.15279141068458557
2022-11-05,-0.13799364864826202
2022-11-06,-0.1291256844997406
2022-11-07,-0.11520548164844513
2022-11-08,-0.11045695096254349
2022-11-09,-0.11032641679048538
2022-11-10,-0.11990506947040558
2022-11-11,-0.12034225463867188
2022-11-12,-0.14616714417934418
2022-11-13,-0.12965255975723267
2022-11-14,-0.11390180140733719
2022-11-15,-0.10125544667243958
2022-11-16,-0.09565743058919907
2022-11-17,-0.09985780715942383
2022-11-18,-0.10012268275022507
2022-11-19,-0.11163116991519928
2022-11-20,-0.09704280644655228
2022-11-21,-0.09669855982065201
2022-11-22,-0.11698488146066666
2022-11-23,-0.12283165752887726
2022-11-24,-0.12457200884819031
2022-11-25,-0.11960108578205109
2022-11-26,-0.10489531606435776
2022-11-27,-0.09906524419784546
2022-11-28,-0.0935380756855011
2022-11-29,-0.09141605347394943
2022-11-30,-0.08718331158161163
2022-12-01,-0.08707356452941895
2022-12-02,-0.08179906755685806
2022-12-03,-0.07160839438438416
2022-12-04,-0.08928707242012024
2022-12-05,-0.102323517203331
2022-12-06,-0.10753188282251358
2022-12-07,-0.10804605484008789
2022-12-08,-0.11988969147205353
2022-12-09,-0.14566664397716522
2022-12-10,-0.15699869394302368
2022-12-11,-0.1475946456193924
2022-12-12,-0.14994151890277863
2022-12-13,-0.1486714482307434
2022-12-14,-0.15052293241024017
2022-12-15,-0.13703970611095428
2022-12-16,-0.13627396523952484
2022-12-17,-0.1613587737083435
2022-12-18,-0.15954288840293884
2022-12-19,-0.1543961614370346
2022-12-20,-0.14579421281814575
2022-12-21,-0.14459289610385895
2022-12-22,-0.14466425776481628
2022-12-23,-0.13591906428337097
2022-12-24,-0.12660011649131775
2022-12-25,-0.11476178467273712
2022-12-26,-0.08996289223432541
2022-12-27,-0.09239260107278824
2022-12-28,-0.08215033262968063
2022-12-29,-0.0768074095249176
2022-12-30,-0.07586833834648132
2022-12-31,-0.07980839163064957
2023-01-01,-0.060722168534994125
2023-01-02,-0.056588027626276016
2023-01-03,-0.042128484696149826
2023-01-04,-0.042732641100883484
2023-01-05,-0.04818740487098694
2023-01-06,-0.041751082986593246
2023-01-07,-0.058256518095731735
2023-01-08,-0.058470722287893295
2023-01-09,-0.046130869537591934
2023-01-10,-0.06045854091644287
2023-01-11,-0.07658636569976807
2023-01-12,-0.06162155047059059
2023-01-13,-0.07858642935752869
2023-01-14,-0.0896477997303009
2023-01-15,-0.08146020025014877
2023-01-16,-0.09258357435464859
2023-01-17,-0.09713523834943771
2023-01-18,-0.09834948927164078
2023-01-19,-0.12244910001754761
2023-01-20,-0.14025837182998657
2023-01-21,-0.14238683879375458
2023-01-22,-0.17249418795108795
2023-01-23,-0.17981432378292084
2023-01-24,-0.16942791640758514
2023-01-25,-0.16158780455589294
2023-01-26,-0.1678708791732788
2023-01-27,-0.16737771034240723
2023-01-28,-0.14529374241828918
2023-01-29,-0.1400444507598877
2023-01-30,-0.1592479646205902
2023-01-31,-0.16957886517047882
2023-02-01,-0.14508473873138428
2023-02-02,-0.13371387124061584
2023-02-03,-0.13337990641593933
2023-02-04,-0.12535467743873596
2023-02-05,-0.09942106157541275
2023-02-06,-0.08364443480968475
2023-02-07,-0.0746336430311203
2023-02-08,-0.06473110616207123
2023-02-09,-0.04645956680178642
2023-02-10,-0.036414071917533875
2023-02-11,-0.033969294279813766
2023-02-12,-0.005596562754362822
2023-02-13,0.005348821636289358
2023-02-14,0.030773848295211792
2023-02-15,0.03131074085831642
2023-02-16,0.033902280032634735
2023-02-17,0.01119291502982378
2023-02-18,0.015061392448842525
2023-02-19,0.006554211024194956
2023-02-20,-0.005511847324669361
2023-02-21,-0.00633270712569356
2023-02-22,-0.008634723722934723
2023-02-23,-0.019923046231269836
2023-02-24,-0.01890074461698532
2023-02-25,-0.021794581785798073
2023-02-26,-0.031056195497512817
2023-02-27,-0.015835486352443695
2023-02-28,-0.0029150124173611403
2023-03-01,-0.016687577590346336
2023-03-02,-0.0213774386793375
2023-03-03,-0.0002766209654510021
2023-03-04,-0.011676930822432041
2023-03-05,0.00979348924010992
2023-03-06,0.02313154935836792
2023-03-07,0.03643769770860672
2023-03-08,0.028026157990098
2023-03-09,0.030944744125008583
2023-03-10,0.02115778625011444
2023-03-11,0.01215300615876913
2023-03-12,0.006255941931158304
2023-03-13,-0.012592718936502934
2023-03-14,-0.04347888007760048
2023-03-15,-0.07165996730327606
2023-03-16,-0.10208181291818619
2023-03-17,-0.12287353724241257
2023-03-18,-0.1433212161064148
2023-03-19,-0.16674207150936127
2023-03-20,-0.2013992816209793
2023-03-21,-0.2333260178565979
2023-03-22,-0.25246554613113403
2023-03-23,-0.2582746744155884
2023-03-24,-0.2611842751502991
2023-03-25,-0.2686437666416168
2023-03-26,-0.26838815212249756
2023-03-27,-0.29416146874427795
2023-03-28,-0.3241627514362335
2023-03-29,-0.33309102058410645
2023-03-30,-0.3410831093788147
2023-03-31,-0.31705811619758606
2023-04-01,-0.28853705525398254
2023-04-02,-0.28696298599243164
2023-04-03,-0.277787983417511
2023-04-04,-0.26183751225471497
2023-04-05,-0.2629280090332031
2023-04-06,-0.2579360008239746
2023-04-07,-0.25276365876197815
2023-04-08,-0.21919046342372894
2023-04-09,-0.22324033081531525
2023-04-10,-0.21633316576480865
2023-04-11,-0.21718829870224
2023-04-12,-0.2085021436214447
2023-04-13,-0.19853746891021729
2023-04-14,-0.19391782581806183
2023-04-15,-0.18405571579933167
2023-04-16,-0.15929272770881653
2023-04-17,-0.1732461303472519
2023-04-18,-0.16425274312496185
2023-04-19,-0.16607706248760223
2023-04-20,-0.16063472628593445
2023-04-21,-0.17519257962703705
2023-04-22,-0.1821371167898178
2023-04-23,-0.18527720868587494
2023-04-24,-0.17255662381649017
2023-04-25,-0.18429173529148102
2023-04-26,-0.1991555094718933
2023-04-27,-0.20806553959846497
2023-04-28,-0.22038854658603668
2023-04-29,-0.2478283941745758
2023-04-30,-0.2534278631210327
2023-05-01,-0.24803225696086884
2023-05-02,-0.25947389006614685
2023-05-03,-0.2681638300418854
2023-05-04,-0.27102693915367126
2023-05-05,-0.2878338694572449
2023-05-06,-0.2761867046356201
2023-05-07,-0.2765359878540039
2023-05-08,-0.29996034502983093
2023-05-09,-0.31291764974594116
2023-05-10,-0.33431684970855713
2023-05-11,-0.34291335940361023
2023-05-12,-0.36792296171188354
2023-05-13,-0.36514365673065186
2023-05-14,-0.35260021686553955
2023-05-15,-0.36354339122772217
2023-05-16,-0.34929466247558594
2023-05-17,-0.34626224637031555
2023-05-18,-0.3474113345146179
2023-05-19,-0.33868280053138733
2023-05-20,-0.3377883732318878
2023-05-21,-0.34176725149154663
2023-05-22,-0.3570338785648346
2023-05-23,-0.35502251982688904
2023-05-24,-0.36644813418388367
2023-05-25,-0.37423062324523926
2023-05-26,-0.389108806848526
2023-05-27,-0.38876181840896606
2023-05-28,-0.39043712615966797
2023-05-29,-0.41028058528900146
2023-05-30,-0.41759511828422546
2023-05-31,-0.42739102244377136
2023-06-01,-0.4016900062561035
2023-06-02,-0.40572935342788696
2023-06-03,-0.40276822447776794
2023-06-04,-0.3929503262042999
2023-06-05,-0.37370580434799194
2023-06-06,-0.3777194321155548
2023-06-07,-0.3796845078468323
2023-06-08,-0.3764289319515228
2023-06-09,-0.38324686884880066
2023-06-10,-0.36225149035453796
2023-06-11,-0.3334055542945862
2023-06-12,-0.3080666959285736
2023-06-13,-0.302569180727005
2023-06-14,-0.27759137749671936
2023-06-15,-0.26912200450897217
2023-06-16,-0.2642532289028168
2023-06-17,-0.25141584873199463
2023-06-18,-0.21842019259929657
2023-06-19,-0.210578054189682
2023-06-20,-0.22496652603149414
2023-06-21,-0.25018152594566345
2023-06-22,-0.24497351050376892
2023-06-23,-0.24330444633960724
2023-06-24,-0.2381991744041443
2023-06-25,-0.21068653464317322
2023-06-26,-0.2026081681251526
2023-06-27,-0.1821429431438446
2023-06-28,-0.1771896928548813
2023-06-29,-0.16252480447292328
2023-06-30,-0.13714471459388733
2023-07-01,-0.11849640309810638
2023-07-02,-0.08268775790929794
2023-07-03,-0.0755537748336792
2023-07-04,-0.05744447559118271
2023-07-05,-0.060623738914728165
2023-07-06,-0.07120955735445023
2023-07-07,-0.05571570247411728
2023-07-08,-0.03575507551431656
2023-07-09,-0.04230198636651039
2023-07-10,-0.050176024436950684
2023-07-11,-0.052616942673921585
2023-07-12,-0.036543697118759155
2023-07-13,-0.039644528180360794
2023-07-14,-0.04502817615866661
2023-07-15,-0.050493720918893814
2023-07-16,-0.031331632286310196
2023-07-17,-0.013826649636030197
2023-07-18,-0.007851415313780308
2023-07-19,-0.009872263297438622
2023-07-20,-0.012956865131855011
2023-07-21,-0.005450085271149874
2023-07-22,0.010874955914914608
2023-07-23,0.012198501266539097
2023-07-24,-0.0015772394835948944
2023-07-25,-0.014496542513370514
2023-07-26,-0.037075694650411606
2023-07-27,-0.03797464817762375
2023-07-28,-0.03182229772210121
2023-07-29,-0.042603231966495514
2023-07-30,-0.02664526365697384
2023-07-31,-0.032699890434741974
2023-08-01,-0.04826933518052101
2023-08-02,-0.0746399313211441
2023-08-03,-0.07916909456253052
2023-08-04,-0.08070418983697891
2023-08-05,-0.06504160910844803
2023-08-06,-0.050182100385427475
2023-08-07,-0.041750408709049225
2023-08-08,-0.05513143539428711
2023-08-09,-0.061254601925611496
2023-08-10,-0.057616304606199265
2023-08-11,-0.057254862040281296
2023-08-12,-0.07338282465934753
2023-08-13,-0.07137038558721542
2023-08-14,-0.07022839039564133
2023-08-15,-0.07756990194320679
2023-08-16,-0.08304958045482635
2023-08-17,-0.08186180144548416
2023-08-18,-0.0780324935913086
2023-08-19,-0.05844838172197342
2023-08-20,-0.04440233111381531
2023-08-21,-0.025374773889780045
2023-08-22,-0.024253321811556816
2023-08-23,-0.005527449306100607
2023-08-24,-0.008116848766803741
2023-08-25,-0.0069389864802360535
2023-08-26,0.004117358475923538
2023-08-27,-0.0011709281243383884
2023-08-28,0.0017981906421482563
2023-08-29,0.0058610932901501656
2023-08-30,0.006342784967273474
2023-08-31,0.01668667234480381
2023-09-01,0.030716126784682274
2023-09-02,0.02698579616844654
2023-09-03,0.0161624476313591
2023-09-04,0.002484946744516492
2023-09-05,-0.004018224310129881
2023-09-06,-0.019429655745625496
2023-09-07,-0.02880641259253025
2023-09-08,-0.014174120500683784
2023-09-09,0.0014930313918739557
2023-09-10,0.016184791922569275
2023-09-11,0.010308573953807354
2023-09-12,0.011741004884243011
2023-09-13,0.01145018171519041
2023-09-14,0.013590664602816105
2023-09-15,0.025738345459103584
2023-09-16,0.00595721323043108
2023-09-17,-0.011526068672537804
2023-09-18,-0.013938864693045616
2023-09-19,-0.02489480935037136
2023-09-20,-0.022298933938145638
2023-09-21,-0.020442750304937363
2023-09-22,-0.016203587874770164
2023-09-23,-0.02191648632287979
2023-09-24,-0.027773186564445496
2023-09-25,-0.045937538146972656
2023-09-26,-0.04463483765721321
2023-09-27,-0.05430839583277702
2023-09-28,-0.07338132709264755
2023-09-29,-0.09344016015529633
2023-09-30,-0.12141555547714233
2023-10-01,-0.11887618899345398
2023-10-02,-0.133163183927536
2023-10-03,-0.13633498549461365
2023-10-04,-0.10753169655799866
2023-10-05,-0.09145385771989822
2023-10-06,-0.09407397359609604
2023-10-07,-0.08456762135028839
2023-10-08,-0.06154276058077812
2023-10-09,-0.07433992624282837
2023-10-10,-0.10256190598011017
2023-10-11,-0.0795023962855339
2023-10-12,-0.06836758553981781
2023-10-13,-0.06886237859725952
2023-10-14,-0.06997436285018921
2023-10-15,-0.0800907090306282
2023-10-16,-0.08072363585233688
2023-10-17,-0.07442382723093033
2023-10-18,-0.052416350692510605
2023-10-19,-0.04493451490998268
2023-10-20,-0.04272526130080223
2023-10-21,-0.04447341710329056
2023-10-22,-0.03956004977226257
2023-10-23,-0.03537226840853691
2023-10-24,-0.024688906967639923
2023-10-25,-0.03396965190768242
2023-10-26,-0.024573517963290215
2023-10-27,-0.01643301174044609
2023-10-28,-0.006460126023739576
2023-10-29,0.0025721555575728416
2023-10-30,0.0222758911550045
2023-10-31,0.016181370243430138
2023-11-01,0.015539298765361309
2023-11-02,0.028250308707356453
2023-11-03,0.037408020347356796
2023-11-04,0.04642655700445175
2023-11-05,0.06182710453867912
2023-11-06,0.062094349414110184
2023-11-07,0.05336587876081467
2023-11-08,0.04300466179847717
2023-11-09,0.03697231784462929
2023-11-10,0.027718130499124527
2023-11-11,-0.0032227651681751013
2023-11-12,0.0077544813975691795
2023-11-13,-0.00333862891420722
2023-11-14,0.019826868548989296
2023-11-15,0.02604966051876545
2023-11-16,0.030731871724128723
2023-11-17,0.02436142787337303
2023-11-18,0.0279153510928154
2023-11-19,0.04900753125548363
2023-11-20,0.04673326760530472
2023-11-21,0.021367646753787994
2023-11-22,0.03613758832216263
2023-11-23,0.047854624688625336
2023-11-24,0.05072864145040512
2023-11-25,0.04682593792676926
2023-11-26,0.07348751276731491
2023-11-27,0.08994696289300919
2023-11-28,0.09840058535337448
2023-11-29,0.09862333536148071
2023-11-30,0.09669630229473114
2023-12-01,0.11648304760456085
2023-12-02,0.12319507449865341
2023-12-03,0.1273365169763565
2023-12-04,0.13355910778045654
2023-12-05,0.11827455461025238
2023-12-06,0.1214899942278862
2023-12-07,0.11142811924219131
2023-12-08,0.10323474556207657
2023-12-09,0.0777439996600151
2023-12-10,0.0930379331111908
2023-12-11,0.107295922935009
2023-12-12,0.1046142727136612
2023-12-13,0.10356806218624115
2023-12-14,0.11310429126024246
2023-12-15,0.1352016031742096
2023-12-16,0.1277671903371811
2023-12-17,0.1349121779203415
2023-12-18,0.12999412417411804
2023-12-19,0.11439896374940872
2023-12-20,0.09582196921110153
2023-12-21,0.10671568661928177
2023-12-22,0.12531383335590363
2023-12-23,0.12173675000667572
2023-12-24,0.0992405116558075
2023-12-25,0.11641604453325272
2023-12-26,0.1297106146812439
2023-12-27,0.12313130497932434
2023-12-28,0.12579967081546783
2023-12-29,0.1253807693719864
2023-12-30,0.11281754821538925
2023-12-31,0.1257060468196869
2024-01-01,0.15053099393844604
2024-01-02,0.15111671388149261
2024-01-03,0.15330816805362701
2024-01-04,0.12860260903835297
2024-01-05,0.12739551067352295
2024-01-06,0.1390809714794159
2024-01-07,0.12617351114749908
2024-01-08,0.12919405102729797
2024-01-09,0.10154398530721664
2024-01-10,0.08981625735759735
2024-01-11,0.0791080892086029
2024-01-12,0.05952063575387001
2024-01-13,0.0337238572537899
2024-01-14,0.036498524248600006
2024-01-15,0.021349675953388214
2024-01-16,0.015507170930504799
2024-01-17,0.0031892312690615654
2024-01-18,0.012451309710741043
2024-01-19,0.02757328562438488
2024-01-20,0.025723200291395187
2024-01-21,0.039203330874443054
2024-01-22,0.03856077790260315
2024-01-23,0.037880171090364456
2024-01-24,0.046490032225847244
2024-01-25,0.05519144982099533
2024-01-26,0.08086193352937698
2024-01-27,0.07845677435398102
2024-01-28,0.07537500560283661
2024-01-29,0.06898754835128784
2024-01-30,0.04657484591007233
2024-01-31,0.05284348502755165
2024-02-01,0.068140909075737
2024-02-02,0.09698284417390823
2024-02-03,0.12163852900266647
2024-02-04,0.12322204560041428
2024-02-05,0.1472364068031311
2024-02-06,0.16245631873607635
2024-02-07,0.16782985627651215
2024-02-08,0.16240863502025604
2024-02-09,0.15883538126945496
2024-02-10,0.16189023852348328
2024-02-11,0.1712934374809265
2024-02-12,0.17708908021450043
2024-02-13,0.17186574637889862
2024-02-14,0.17184223234653473
2024-02-15,0.1720990389585495
2024-02-16,0.16313256323337555
2024-02-17,0.1718582659959793
2024-02-18,0.18391531705856323
2024-02-19,0.18797028064727783
2024-02-20,0.18093135952949524
2024-02-21,0.18494388461112976
2024-02-22,0.17904481291770935
2024-02-23,0.15020453929901123
2024-02-24,0.1260947585105896
2024-02-25,0.1442713439464569
2024-02-26,0.13044239580631256
2024-02-27,0.16101545095443726
2024-02-28,0.16069041192531586
2024-02-29,0.175303116440773
2024-03-01,0.16749735176563263
2024-03-02,0.15013672411441803
2024-03-03,0.14483612775802612
2024-03-04,0.14930470287799835
2024-03-05,0.1494252234697342
2024-03-06,0.15264897048473358
2024-03-07,0.15295855700969696
2024-03-08,0.15542086958885193
2024-03-09,0.15260188281536102
2024-03-10,0.15656116604804993
2024-03-11,0.16416865587234497
2024-03-12,0.16702400147914886
2024-03-13,0.18213096261024475
2024-03-14,0.1909329891204834
2024-03-15,0.1961202621459961
2024-03-16,0.18559333682060242
2024-03-17,0.20020778477191925
2024-03-18,0.17777492105960846
2024-03-19,0.1701805591583252
2024-03-20,0.17930208146572113
2024-03-21,0.17371754348278046
2024-03-22,0.16761769354343414
2024-03-23,0.14738701283931732
2024-03-24,0.1533079892396927
2024-03-25,0.15228450298309326
2024-03-26,0.1587185561656952
2024-03-27,0.15156319737434387
2024-03-28,0.13464638590812683
2024-03-29,0.11911114305257797
2024-03-30,0.1295139491558075
2024-03-31,0.12032226473093033
2024-04-01,0.14523129165172577
2024-04-02,0.170366108417511
2024-04-03,0.16120827198028564
2024-04-04,0.14645913243293762
2024-04-05,0.1528269499540329
2024-04-06,0.17014306783676147
2024-04-07,0.1605282872915268
2024-04-08,0.15346580743789673
2024-04-09,0.1572473645210266
2024-04-10,0.1455453634262085
2024-04-11,0.12674841284751892
2024-04-12,0.12482983618974686
2024-04-13,0.11874266713857651
2024-04-14,0.11770565062761307
2024-04-15,0.12065696716308594
2024-04-16,0.12926006317138672
2024-04-17,0.12471498548984528
2024-04-18,0.11338261514902115
2024-04-19,0.0828646868467331
2024-04-20,0.08269952237606049
2024-04-21,0.10771027207374573
2024-04-22,0.10732077062129974
2024-04-23,0.11261908710002899
2024-04-24,0.08102648705244064
2024-04-25,0.056453410536050797
2024-04-26,0.06219411641359329
2024-04-27,0.08401083946228027
2024-04-28,0.07230637967586517
2024-04-29,0.06954669207334518
2024-04-30,0.05821392685174942
2024-05-01,0.050384216010570526
2024-05-02,0.03492144122719765
2024-05-03,0.022644933313131332
2024-05-04,0.05394746735692024
2024-05-05,0.04774501547217369
2024-05-06,0.043542079627513885
2024-05-07,0.056985773146152496
2024-05-08,0.059132661670446396
2024-05-09,0.04701488837599754
2024-05-10,0.03931513428688049
2024-05-11,0.047819238156080246
2024-05-12,0.057029664516448975
2024-05-13,0.04090572148561478
2024-05-14,0.05526595562696457
2024-05-15,0.049866169691085815
2024-05-16,0.05171481892466545
2024-05-17,0.06507601588964462
2024-05-18,0.052230894565582275
2024-05-19,0.0517435222864151
2024-05-20,0.06474278122186661
2024-05-21,0.07298944890499115
2024-05-22,0.07124623656272888
2024-05-23,0.09462922066450119
2024-05-24,0.09518663585186005
2024-05-25,0.08396867662668228
2024-05-26,0.07848654687404633
2024-05-27,0.08100292086601257
2024-05-28,0.0698680654168129
2024-05-29,0.06347865611314774
2024-05-30,0.07041285187005997
2024-05-31,0.06189212203025818
2024-06-01,0.07119717448949814
2024-06-02,0.096259705722332
2024-06-03,0.08816882967948914
2024-06-04,0.06563681364059448
2024-06-05,0.07653243839740753
2024-06-06,0.0828651487827301
2024-06-07,0.08541078865528107
2024-06-08,0.08697091042995453
2024-06-09,0.11087024956941605
2024-06-10,0.12630294263362885
2024-06-11,0.13734258711338043
2024-06-12,0.1297105997800827
2024-06-13,0.13840392231941223
2024-06-14,0.1347704529762268
2024-06-15,0.11900588870048523
2024-06-16,0.12012268602848053
2024-06-17,0.11970837414264679
2024-06-18,0.12379863858222961
2024-06-19,0.0949728935956955
2024-06-20,0.09223475307226181
2024-06-21,0.06864839047193527
2024-06-22,0.05703236162662506
2024-06-23,0.05976323410868645
2024-06-24,0.05786111578345299
2024-06-25,0.052950162440538406
2024-06-26,0.0489635206758976
2024-06-27,0.026029855012893677
2024-06-28,0.016752177849411964
2024-06-29,0.015092786401510239
2024-06-30,0.028450140729546547
2024-07-01,0.035742245614528656
2024-07-02,0.026389600709080696
2024-07-03,0.031399618834257126
2024-07-04,0.029183898121118546
2024-07-05,0.04995841532945633
2024-07-06,0.07323028147220612
2024-07-07,0.05756620317697525
2024-07-08,0.06212305650115013
2024-07-09,0.07922683656215668
2024-07-10,0.09190915524959564
2024-07-11,0.10014556348323822
2024-07-12,0.09685736894607544
2024-07-13,0.0741465836763382
2024-07-14,0.06981344521045685
2024-07-15,0.08226267248392105
2024-07-16,0.09140994399785995
2024-07-17,0.1111527606844902
2024-07-18,0.11991655081510544
2024-07-19,0.11522074043750763
2024-07-20,0.06573908776044846
2024-07-21,0.09229623526334763
2024-07-22,0.11942388862371445
2024-07-23,0.12414311617612839
2024-07-24,0.12189905345439911
2024-07-25,0.1259949952363968
2024-07-26,0.12851819396018982
2024-07-27,0.1365140825510025
2024-07-28,0.12727274000644684
2024-07-29,0.11593171954154968
2024-07-30,0.11726553738117218
2024-07-31,0.11582086235284805
2024-08-01,0.11198103427886963
2024-08-02,0.07934068888425827
2024-08-03,0.03956015780568123
2024-08-04,0.04736633598804474
2024-08-05,0.007259993813931942
2024-08-06,-0.03244627267122269
2024-08-07,-0.04243653640151024
2024-08-08,-0.03845999389886856
2024-08-09,-0.06129128485918045
2024-08-10,-0.06324493139982224
2024-08-11,-0.05600542947649956
2024-08-12,-0.029352841898798943
2024-08-13,-0.004477582406252623
2024-08-14,0.006777380593121052
2024-08-15,0.014878246001899242
2024-08-16,0.027450397610664368
2024-08-17,0.047503262758255005
2024-08-18,0.06604800373315811
2024-08-19,0.061789218336343765
2024-08-20,0.07624857127666473
2024-08-21,0.052895788103342056
2024-08-22,0.03626193478703499
2024-08-23,0.0380343422293663
2024-08-24,0.03635711595416069
2024-08-25,0.05548709258437157
2024-08-26,0.058987945318222046
2024-08-27,0.0781131461262703
2024-08-28,0.07997402548789978
2024-08-29,0.08657652139663696
2024-08-30,0.10264582186937332
2024-08-31,0.08773402124643326
2024-09-01,0.09685490280389786
2024-09-02,0.0916140079498291
2024-09-03,0.09850616008043289
2024-09-04,0.10838323831558228
2024-09-05,0.11217395961284637
2024-09-06,0.07236487418413162
2024-09-07,0.05486919358372688
2024-09-08,0.07453157007694244
2024-09-09,0.06827804446220398
2024-09-10,0.06514351814985275
2024-09-11,0.052672866731882095
2024-09-12,0.05155524984002113
2024-09-13,0.05902094393968582
2024-09-14,0.0632171481847763
2024-09-15,0.09475239366292953
2024-09-16,0.07764801383018494
2024-09-17,0.08207188546657562
2024-09-18,0.08704181760549545
2024-09-19,0.08685841411352158
2024-09-20,0.10020152479410172
2024-09-21,0.0957818254828453
2024-09-22,0.09629613161087036
2024-09-23,0.10431535542011261
2024-09-24,0.08612117916345596
2024-09-25,0.08786913752555847
2024-09-26,0.10057204961776733
2024-09-27,0.07600738108158112
2024-09-28,0.0903056412935257
2024-09-29,0.10880769044160843
2024-09-30,0.11325005441904068
2024-10-01,0.11061156541109085
2024-10-02,0.10088420659303665
2024-10-03,0.11939483880996704
2024-10-04,0.11837214976549149
2024-10-05,0.14036130905151367
2024-10-06,0.14256660640239716
2024-10-07,0.15001685917377472
2024-10-08,0.12969870865345
2024-10-09,0.13295617699623108
2024-10-10,0.12713375687599182
2024-10-11,0.13283544778823853
2024-10-12,0.12492077797651291
2024-10-13,0.13992267847061157
2024-10-14,0.13100075721740723
2024-10-15,0.13705135881900787
2024-10-16,0.15194447338581085
2024-10-17,0.15558579564094543
2024-10-18,0.1623547077178955
2024-10-19,0.16922007501125336
2024-10-20,0.1802520900964737
2024-10-21,0.20445211231708527
2024-10-22,0.21866706013679504
2024-10-23,0.21355809271335602
2024-10-24,0.208903506398201
2024-10-25,0.1999901682138443
2024-10-26,0.19833171367645264
2024-10-27,0.217582568526268
2024-10-28,0.19954022765159607
2024-10-29,0.17961657047271729
2024-10-30,0.1867922693490982
2024-10-31,0.1905519962310791
2024-11-01,0.20217108726501465
2024-11-02,0.20303769409656525
2024-11-03,0.19825144112110138
2024-11-04,0.21113325655460358
2024-11-05,0.23825013637542725
2024-11-06,0.2467481642961502
2024-11-07,0.24565459787845612
2024-11-08,0.25607922673225403
2024-11-09,0.2600817084312439
2024-11-10,0.2601128816604614
2024-11-11,0.2671772837638855
2024-11-12,0.26570925116539
2024-11-13,0.29278144240379333
2024-11-14,0.29925358295440674
2024-11-15,0.29069986939430237
2024-11-16,0.2735713720321655
2024-11-17,0.2634131610393524
2024-11-18,0.2511771619319916
2024-11-19,0.2563398480415344
2024-11-20,0.25386160612106323
2024-11-21,0.24617832899093628
2024-11-22,0.2437499612569809
2024-11-23,0.24625910818576813
2024-11-24,0.23745809495449066
2024-11-25,0.2302343249320984
2024-11-26,0.23046769201755524
2024-11-27,0.2125462293624878
2024-11-28,0.20942805707454681
2024-11-29,0.19369375705718994
2024-11-30,0.1684425324201584
2024-12-01,0.1918581873178482
2024-12-02,0.19056405127048492
2024-12-03,0.19068384170532227
2024-12-04,0.18841888010501862
2024-12-05,0.19135595858097076
2024-12-06,0.18897612392902374
2024-12-07,0.20250143110752106
2024-12-08,0.2214624136686325
2024-12-09,0.24482624232769012
2024-12-10,0.25841638445854187
2024-12-11,0.24493391811847687
2024-12-12,0.23700818419456482
2024-12-13,0.2245568037033081
2024-12-14,0.2318463921546936
2024-12-15,0.20608875155448914
2024-12-16,0.19405101239681244
2024-12-17,0.2044621855020523
2024-12-18,0.1925797164440155
2024-12-19,0.1724100112915039
2024-12-20,0.14845643937587738
2024-12-21,0.1293870359659195
2024-12-22,0.12335267663002014
2024-12-23,0.12406822293996811
2024-12-24,0.1324189007282257
2024-12-25,0.12751489877700806
2024-12-26,0.12952569127082825
2024-12-27,0.12850171327590942
2024-12-28,0.1054549589753151
2024-12-29,0.09380897134542465
2024-12-30,0.11257897317409515
2024-12-31,0.13176573812961578
2025-01-01,0.14245152473449707
2025-01-02,0.1589515060186386
2025-01-03,0.17486339807510376
2025-01-04,0.1816888451576233
2025-01-05,0.17534837126731873
2025-01-06,0.17084243893623352
2025-01-07,0.1771533489227295
2025-01-08,0.17293329536914825
2025-01-09,0.14510253071784973
2025-01-10,0.158784419298172
2025-01-11,0.16469570994377136
2025-01-12,0.17479391396045685
2025-01-13,0.1804392784833908
2025-01-14,0.17128202319145203
2025-01-15,0.16684143245220184
2025-01-16,0.152299702167511
2025-01-17,0.15083640813827515
2025-01-18,0.12532618641853333
2025-01-19,0.10707125812768936
2025-01-20,0.09628758579492569
2025-01-21,0.09287206828594208
2025-01-22,0.09669537842273712
2025-01-23,0.09825202822685242
2025-01-24,0.10909413546323776
2025-01-25,0.10829395055770874
2025-01-26,0.104991614818573
2025-01-27,0.09945226460695267
2025-01-28,0.09200004488229752
2025-01-29,0.07784245163202286
2025-01-30,0.0822678804397583
2025-01-31,0.08946624398231506
2025-02-01,0.07495776563882828
2025-02-02,0.06819091737270355
2025-02-03,0.06122109293937683
2025-02-04,0.048029616475105286
2025-02-05,0.0383731983602047
2025-02-06,0.03834113851189613
2025-02-07,0.03844255208969116
2025-02-08,0.03943392634391785
2025-02-09,0.03976350277662277
2025-02-10,0.027537737041711807
2025-02-11,0.01901363395154476
2025-02-12,0.03131081536412239
2025-02-13,0.03738730400800705
2025-02-14,0.03991515934467316
2025-02-15,0.053450196981430054
2025-02-16,0.07358016073703766
2025-02-17,0.07868888974189758
2025-02-18,0.09547823667526245
2025-02-19,0.09789392352104187
2025-02-20,0.1024794653058052
2025-02-21,0.11769259721040726
2025-02-22,0.10416315495967865
2025-02-23,0.09412693977355957
2025-02-24,0.09217925369739532
2025-02-25,0.08299100399017334
2025-02-26,0.0867910236120224
2025-02-27,0.07675042748451233
2025-02-28,0.0598427876830101
2025-03-01,0.059577420353889465
2025-03-02,0.05482390150427818
2025-03-03,0.05147133022546768
2025-03-04,0.04568532109260559
2025-03-05,0.03518625721335411
2025-03-06,0.022480692714452744
2025-03-07,0.007387641817331314
2025-03-08,-0.021631009876728058
2025-03-09,-0.03234903886914253
2025-03-10,-0.03094506449997425
2025-03-11,-0.04712801054120064
2025-03-12,-0.061116401106119156
2025-03-13,-0.0778738409280777
2025-03-14,-0.08764155209064484
2025-03-15,-0.09594669938087463
2025-03-16,-0.11780961602926254
2025-03-17,-0.10795516520738602
2025-03-18,-0.12096045911312103
2025-03-19,-0.12970753014087677
2025-03-20,-0.13386750221252441
2025-03-21,-0.12083899229764938
2025-03-22,-0.12649507820606232
2025-03-23,-0.13025769591331482
2025-03-24,-0.12594008445739746
2025-03-25,-0.12647154927253723
2025-03-26,-0.13159286975860596
2025-03-27,-0.13043785095214844
2025-03-28,-0.12977296113967896
2025-03-29,-0.1218561977148056
2025-03-30,-0.108033187687397
2025-03-31,-0.10537645220756531
2025-04-01,-0.11846154928207397
2025-04-02,-0.12153352797031403
2025-04-03,-0.1278085708618164
2025-04-04,-0.1337071806192398
2025-04-05,-0.14345140755176544
2025-04-06,-0.14099523425102234
2025-04-07,-0.14461000263690948
2025-04-08,-0.15466447174549103
2025-04-09,-0.15964753925800323
2025-04-10,-0.15490558743476868
2025-04-11,-0.16392090916633606
2025-04-12,-0.15645374357700348
2025-04-13,-0.1421043574810028
2025-04-14,-0.13852719962596893
2025-04-15,-0.13938835263252258
2025-04-16,-0.15116581320762634
2025-04-17,-0.14645838737487793
2025-04-18,-0.14357368648052216
2025-04-19,-0.14220312237739563
2025-04-20,-0.14372237026691437
2025-04-21,-0.14125975966453552
2025-04-22,-0.14183957874774933
2025-04-23,-0.13133357465267181
2025-04-24,-0.13183912634849548
2025-04-25,-0.1423218995332718
2025-04-26,-0.14128772914409637
2025-04-27,-0.13442009687423706
2025-04-28,-0.11555634438991547
2025-04-29,-0.10736775398254395
2025-04-30,-0.1049221083521843
2025-05-01,-0.10832493007183075
2025-05-02,-0.10362391173839569
2025-05-03,-0.09478987753391266
2025-05-04,-0.07762422412633896
2025-05-05,-0.06877990812063217
2025-05-06,-0.07937819510698318
2025-05-07,-0.0630112737417221
2025-05-08,-0.048047661781311035
2025-05-09,-0.0324726477265358
2025-05-10,-0.03579304739832878
2025-05-11,-0.02938431315124035
2025-05-12,-0.01668085716664791
2025-05-13,-0.00818399153649807
2025-05-14,-0.019390275701880455
2025-05-15,-0.02723875269293785
2025-05-16,-0.02284262701869011
2025-05-17,-0.02568475715816021
2025-05-18,-0.04097617417573929
2025-05-19,-0.03991551324725151
2025-05-20,-0.05214470997452736
2025-05-21,-0.059874098747968674
2025-05-22,-0.06822948902845383
2025-05-23,-0.07627949863672256
2025-05-24,-0.08351664245128632
2025-05-25,-0.08636725693941116
2025-05-26,-0.08598662912845612
2025-05-27,-0.08057178556919098
2025-05-28,-0.07627742737531662
2025-05-29,-0.06995661556720734
2025-05-30,-0.0702197253704071
2025-05-31,-0.08308526128530502
2025-06-01,-0.06708206236362457
2025-06-02,-0.07461579144001007
2025-06-03,-0.07471094280481339
2025-06-04,-0.08670131117105484
2025-06-05,-0.0995241031050682
2025-06-06,-0.09989283978939056
2025-06-07,-0.08954518288373947
2025-06-08,-0.08281808346509933
2025-06-09,-0.0756756141781807
2025-06-10,-0.07853641360998154
2025-06-11,-0.0699373260140419
2025-06-12,-0.06885326653718948
2025-06-13,-0.0776420384645462
2025-06-14,-0.0748450979590416
2025-06-15,-0.0704534649848938
2025-06-16,-0.059530723839998245
2025-06-17,-0.058891963213682175
2025-06-18,-0.060953289270401
2025-06-19,-0.07417283952236176
2025-06-20,-0.07704263925552368
2025-06-21,-0.08328434079885483
2025-06-22,-0.06784695386886597
2025-06-23,-0.05340171977877617
2025-06-24,-0.05809533968567848
2025-06-25,-0.06626465171575546
2025-06-26,-0.07691030949354172
2025-06-27,-0.07495524734258652
2025-06-28,-0.09234803169965744
2025-06-29,-0.08295854926109314
2025-06-30,-0.08317805081605911
2025-07-01,-0.08638614416122437
2025-07-02,-0.08794894814491272
2025-07-03,-0.07857777178287506
2025-07-04,-0.07343658804893494
2025-07-05,-0.06291089206933975
2025-07-06,-0.04667343199253082
2025-07-07,-0.043140653520822525
2025-07-08,-0.03376973420381546
2025-07-09,-0.023216906934976578
2025-07-10,-0.01329687051475048
2025-07-11,-0.0243311058729887
2025-07-12,-0.024843676015734673
2025-07-13,-0.020930742844939232
2025-07-14,-0.018457550555467606
2025-07-15,-0.01204679999500513
2025-07-16,-0.021734410896897316
2025-07-17,-0.020852042362093925
2025-07-18,-0.025536738336086273
2025-07-19,-0.033158235251903534
2025-07-20,-0.01830926351249218
2025-07-21,-0.028210457414388657
2025-07-22,-0.030596747994422913
2025-07-23,-0.015936266630887985
2025-07-24,-0.008236163295805454
2025-07-25,0.0012510927626863122
2025-07-26,0.019467709586024284
2025-07-27,0.020395297557115555
2025-07-28,0.03873235359787941
2025-07-29,0.04432782530784607
2025-07-30,0.039866555482149124
2025-07-31,0.02811160497367382
2025-08-01,0.026785872876644135
2025-08-02,0.026093967258930206
2025-08-03,0.02492004819214344
2025-08-04,0.03882172703742981
2025-08-05,0.032438889145851135
2025-08-06,0.019926877692341805
2025-08-07,0.02252112701535225
2025-08-08,0.020715758204460144
2025-08-09,0.0009404990705661476
2025-08-10,-0.0011342817451804876
2025-08-11,0.024950560182332993
2025-08-12,0.03892924636602402
2025-08-13,0.04834865778684616
2025-08-14,0.0614287294447422
2025-08-15,0.07424513250589371
2025-08-16,0.07411877810955048
2025-08-17,0.08846121281385422
2025-08-18,0.0736069604754448
2025-08-19,0.05831960588693619
2025-08-20,0.06214752048254013
2025-08-21,0.057031430304050446
2025-08-22,0.049931153655052185
2025-08-23,0.048391539603471756
2025-08-24,0.07077281177043915
2025-08-25,0.06168432533740997
2025-08-26,0.04829367250204086
2025-08-27,0.03887981176376343
2025-08-28,0.017849650233983994
2025-08-29,0.012850738130509853
2025-08-30,-0.007216494530439377
2025-08-31,0.0031601623632013798
2025-09-01,-0.010595902800559998
2025-09-02,-0.002968567656353116
2025-09-03,-0.006523100659251213
2025-09-04,-0.023479454219341278
2025-09-05,-0.04113328829407692
2025-09-06,-0.041041240096092224
2025-09-07,-0.03602069616317749
2025-09-08,-0.041158899664878845
2025-09-09,-0.04004973918199539
2025-09-10,-0.03156861290335655
2025-09-11,-0.0480448342859745
2025-09-12,-0.05509861931204796
2025-09-13,-0.040177423506975174
2025-09-14,-0.029337812215089798
2025-09-15,-0.022500738501548767
2025-09-16,-0.029222693294286728
2025-09-17,-0.03799104318022728
2025-09-18,-0.04642610251903534
2025-09-19,-0.047727011144161224
2025-09-20,-0.05856705456972122
2025-09-21,-0.04673805832862854
2025-09-22,-0.030310308560729027
2025-09-23,-0.01657317951321602
2025-09-24,-0.01971343904733658
2025-09-25,-0.024455077946186066
2025-09-26,-0.033123232424259186
2025-09-27,-0.054034411907196045
2025-09-28,-0.040212903171777725
2025-09-29,-0.03984995186328888
2025-09-30,-0.07143274694681168
2025-10-01,-0.0785718485713005
2025-10-02,-0.08894240856170654
2025-10-03,-0.09928812831640244
2025-10-04,-0.11335338652133942
2025-10-05,-0.127348393201828
2025-10-06,-0.12471127510070801
2025-10-07,-0.11773941665887833
2025-10-08,-0.11159118264913559
2025-10-09,-0.10375146567821503
2025-10-10,-0.11934628337621689
2025-10-11,-0.1547977328300476
2025-10-12,-0.16585668921470642
2025-10-13,-0.1610035002231598
2025-10-14,-0.15290217101573944
2025-10-15,-0.15661679208278656
2025-10-16,-0.15653108060359955
2025-10-17,-0.15796495974063873
2025-10-18,-0.15177345275878906
2025-10-19,-0.13163024187088013
2025-10-20,-0.1427592784166336
2025-10-21,-0.1264873594045639
2025-10-22,-0.12887172400951385
2025-10-23,-0.14208722114562988
2025-10-24,-0.13733826577663422
2025-10-25,-0.12600789964199066
2025-10-26,-0.11041662842035294
2025-10-27,-0.08895327895879745
2025-10-28,-0.10042703151702881
2025-10-29,-0.09633995592594147
2025-10-30,-0.07418924570083618
2025-10-31,-0.07221736758947372
2025-11-01,-0.08027654141187668
2025-11-02,-0.08502203226089478
2025-11-03,-0.09508193284273148
2025-11-04,-0.0946093425154686
2025-11-05,-0.11378113180398941
2025-11-06,-0.1151810884475708
2025-11-07,-0.12665756046772003
2025-11-08,-0.12043585628271103
2025-11-09,-0.09307291358709335
2025-11-10,-0.07577428966760635
2025-11-11,-0.06783206760883331
2025-11-12,-0.09005752205848694
2025-11-13,-0.09331425279378891
2025-11-14,-0.08869343996047974
2025-11-15,-0.09532521665096283
2025-11-16,-0.0626784935593605
2025-11-17,-0.07714933902025223
2025-11-18,-0.06576704978942871
2025-11-19,-0.07532008737325668
2025-11-20,-0.07349493354558945
2025-11-21,-0.0967922955751419
2025-11-22,-0.08225543797016144
2025-11-23,-0.03835815191268921
2025-11-24,-0.05837532877922058
2025-11-25,-0.06197849661111832
2025-11-26,-0.07388676702976227
2025-11-27,-0.06191633641719818
2025-11-28,-0.05744373798370361
2025-11-29,-0.03012707084417343
2025-11-30,-0.02668769098818302
2025-12-01,-0.020492233335971832
2025-12-02,-0.008959784172475338
2025-12-03,-0.015670066699385643
2025-12-04,-0.026109928265213966
2025-12-05,-0.02890162728726864
2025-12-06,-0.020657116547226906
2025-12-07,0.0162960197776556
2025-12-08,0.02518211118876934
2025-12-09,0.032614149153232574
2025-12-10,0.03334479779005051
2025-12-11,0.011417894624173641
2025-12-12,0.005705105606466532
2025-12-13,-0.002326859161257744
2025-12-14,0.005087591242045164
2025-12-15,0.01701068878173828
2025-12-16,0.01964256539940834
2025-12-17,0.002748030936345458
2025-12-18,-0.012254481203854084
2025-12-19,-0.019155455753207207
2025-12-20,-0.03871922567486763
2025-12-21,-0.02982417866587639
2025-12-22,-0.016672911122441292
2025-12-23,0.006420448422431946
2025-12-24,0.021730026230216026
2025-12-25,-0.0026989057660102844
2025-12-26,0.002801347989588976
2025-12-27,0.030704865232110023
2025-12-28,0.04616154357790947
2025-12-29,0.05550018325448036
2025-12-30,0.050636161118745804
2025-12-31,0.05405260622501373
2026-01-01,0.0446891114115715
2026-01-02,0.042142268270254135
2026-01-03,0.052814941853284836
2026-01-04,0.07280680537223816
2026-01-05,0.07375361770391464
2026-01-06,0.05582709610462189
2026-01-07,0.03749362751841545
2026-01-08,0.026965171098709106
2026-01-09,0.03149689733982086
2026-01-10,0.041942745447158813
2026-01-11,0.025464795529842377
2026-01-12,0.01859995722770691
2026-01-13,0.013003421947360039
2026-01-14,0.008803073316812515
2026-01-15,0.020565306767821312
2026-01-16,0.025555690750479698
2026-01-17,0.01622512750327587
2026-01-18,0.013668455183506012
2026-01-19,0.008055313490331173
2026-01-20,-0.008497810922563076
2026-01-21,-0.010511619970202446
2026-01-22,-0.009617903269827366
2026-01-23,0.001256812596693635
2026-01-24,-0.0010190516477450728
2026-01-25,0.013700256124138832
2026-01-26,0.03150781989097595
2026-01-27,0.028784897178411484
2026-01-28,0.033322256058454514
2026-01-29,0.021634932607412338
2026-01-30,0.024777451530098915
2026-01-31,0.01158475037664175
2026-02-01,0.018784046173095703
2026-02-02,0.0204782672226429
2026-02-03,0.010222039185464382
2026-02-04,0.013517513871192932
2026-02-05,0.015955591574311256
2026-02-06,0.02938332036137581
2026-02-07,0.02875000424683094
2026-02-08,0.024600466713309288
2026-02-09,0.046858109533786774
2026-02-10,0.05089121311903
2026-02-11,0.052343472838401794
2026-02-12,0.04398779571056366
2026-02-13,0.05438492074608803
2026-02-14,0.0238125491887331
2026-02-15,0.027542032301425934
2026-02-16,0.03978210687637329
2026-02-17,0.027837593108415604
2026-02-18,0.05226488038897514
2026-02-19,0.05344589054584503
2026-02-20,0.04621465131640434
2026-02-21,0.036095764487981796
2026-02-22,0.060557421296834946
2026-02-23,0.06092255935072899
2026-02-24,0.051002390682697296
2026-02-25,0.030248383060097694
2026-02-26,0.039525724947452545
2026-02-27,0.03691460192203522
2026-02-28,0.024600567296147346
2026-03-01,0.020298559218645096
2026-03-02,0.010469118133187294
2026-03-03,-0.014388643205165863
2026-03-04,-0.034447744488716125
2026-03-05,-0.04476850852370262
2026-03-06,-0.0615103542804718
2026-03-07,-0.10143472254276276
2026-03-08,-0.10215424001216888
2026-03-09,-0.1278086155653
2026-03-10,-0.12962426245212555
2026-03-11,-0.13417522609233856
2026-03-12,-0.1553131639957428
2026-03-13,-0.16152313351631165
2026-03-14,-0.1923830211162567
2026-03-15,-0.1686062514781952
2026-03-16,-0.17127734422683716
2026-03-17,-0.18623264133930206
2026-03-18,-0.17458102107048035
2026-03-19,-0.20443320274353027
2026-03-20,-0.20565319061279297
2026-03-21,-0.20940247178077698
2026-03-22,-0.21171805262565613
2026-03-23,-0.21427229046821594
2026-03-24,-0.2110825926065445
2026-03-25,-0.20931008458137512
2026-03-26,-0.21916241943836212
2026-03-27,-0.21843938529491425
2026-03-28,-0.22270388901233673
2026-03-29,-0.20578055083751678
2026-03-30,-0.2045205533504486
2026-03-31,-0.19024910032749176
2026-04-01,-0.1889694482088089
2026-04-02,-0.18530504405498505
2026-04-03,-0.1909727305173874
2026-04-04,-0.1936122477054596
2026-04-05,-0.19481301307678223
2026-04-06,-0.18163417279720306
2026-04-07,-0.1912209540605545
2026-04-08,-0.20444759726524353
2026-04-09,-0.20062275230884552
2026-04-10,-0.20362837612628937
2026-04-11,-0.201432466506958
2026-04-12,-0.19849692285060883
2026-04-13,-0.20795224606990814
2026-04-14,-0.210331529378891
2026-04-15,-0.21689414978027344
2026-04-16,-0.2142684906721115
2026-04-17,-0.2020704299211502
2026-04-18,-0.19488584995269775
2026-04-19,-0.16447767615318298
2026-04-20,-0.1489487588405609
2026-04-21,-0.1255386620759964
2026-04-22,-0.12576937675476074
2026-04-23,-0.11819890886545181
2026-04-24,-0.11485611647367477
2026-04-25,-0.1352357119321823
2026-04-26,-0.12465674430131912
2026-04-27,-0.11137577891349792
2026-04-28,-0.10428232699632645
2026-04-29,-0.12379397451877594
2026-04-30,-0.11572221666574478
2026-05-01,-0.10902692377567291
2026-05-02,-0.12196947634220123
2026-05-03,-0.10694453120231628
2026-05-04,-0.09220971167087555
2026-05-05,-0.07234057039022446
2026-05-06,-0.072127565741539
2026-05-07,-0.06756856292486191
2026-05-08,-0.06869572401046753
2026-05-09,-0.05960160121321678
2026-05-10,-0.06425422430038452
2026-05-11,-0.06660965085029602
2026-05-12,-0.07753926515579224
2026-05-13,-0.08456890285015106
2026-05-14,-0.0841805711388588
2026-05-15,-0.08236639946699142
2026-05-16,-0.08096103370189667
2026-05-17,-0.07668217271566391
2026-05-18,-0.07577981054782867
2026-05-19,-0.09286212921142578
2026-05-20,-0.08786472678184509
2026-05-21,-0.10205050557851791
2026-05-22,-0.0973925068974495
2026-05-23,-0.0790899470448494
2026-05-24,-0.06048453971743584
2026-05-25,-0.03134375810623169
2026-05-26,-0.03497099131345749
2026-05-27,-0.02897888794541359
2026-05-28,-0.04476500675082207
2026-05-29,-0.035729844123125076
2026-05-30,-0.02462535724043846
2026-05-31,-0.013660195283591747
2026-06-01,-0.016500597819685936
2026-06-02,-0.015303866937756538
2026-06-03,-0.03004024177789688
2026-06-04,-0.041130393743515015
2026-06-05,-0.04986628144979477
2026-06-06,-0.05202125385403633
2026-06-07,-0.04562845453619957
2026-06-08,-0.048672355711460114
2026-06-09,-0.059671323746442795
2026-06-10,-0.04454287141561508
2026-06-11,-0.04114112630486488
2026-06-12,-0.03805477172136307
2026-06-13,-0.05396941304206848
2026-06-14,-0.06484143435955048
2026-06-15,-0.042062729597091675
2026-06-16,-0.028053266927599907
2026-06-17,-0.022312965244054794
2026-06-18,-0.035828597843647
2026-06-19,-0.016739405691623688
2026-06-20,0.008797040209174156
2026-06-21,0.01479823887348175
2026-06-22,0.013257777318358421
2026-06-23,0.009297155775129795
2026-06-24,0.0089968116953969
2026-06-25,0.0060158078558743
2026-06-26,0.012152927927672863
2026-06-27,0.024434931576251984
2026-06-28,0.030642537400126457
2026-06-29,0.04658021405339241
2026-06-30,0.05126539245247841
2026-07-01,0.05300195515155792
2026-07-02,0.061929188668727875
2026-07-03,0.06392724812030792
2026-07-04,0.0924491211771965
2026-07-05,0.09956717491149902
2026-07-06,0.10512084513902664
2026-07-07,0.1163395345211029
2026-07-08,0.10963990539312363
2026-07-09,0.1094924733042717
2026-07-10,0.10613102465867996
2026-07-11,0.10947442054748535
2026-07-12,0.11908257007598877
2026-07-13,0.1104314848780632
2026-07-14,0.10766691714525223
2026-07-15,0.09256347268819809
2026-07-16,0.07287737727165222
2026-07-17,0.05547798052430153
2026-07-18,0.04852011427283287
2026-07-19,0.0007937664049677551
2026-07-20,0.00607798807322979
2026-07-21,0.007400190457701683
2026-07-22,0.011089322157204151
2026-07-23,0.001670569647103548
2026-07-24,-0.006367115769535303
2026-07-25,0.008100560866296291
2026-07-26,0.008750387467443943
2026-07-27,0.012327992357313633
2026-07-28,0.018757624551653862
2026-07-29,0.010607861913740635
2026-07-30,0.009478702209889889
2026-07-31,0.011975625529885292
2026-08-01,-0.00859844870865345
2026-08-02,0.022955086082220078
2026-08-03,0.02029544860124588
2026-08-04,0.021908437833189964
2026-08-05,0.019848627969622612
2026-08-06,0.006948625668883324
2026-08-07,0.019099829718470573
2026-08-08,0.017030952498316765
2026-08-09,0.008867337368428707
2026-08-10,-0.005889901425689459
2026-08-11,-0.006934395059943199
2026-08-12,0.003814250696450472
2026-08-13,0.008489192463457584
2026-08-14,0.02248765528202057
2026-08-15,0.0018949296791106462
2026-08-16,0.015703175216913223
2026-08-17,0.0027906850446015596
2026-08-18,-0.015292967669665813
2026-08-19,-0.01700723171234131
2026-08-20,-0.00038603245047852397
2026-08-21,0.0008315203012898564
2026-08-22,-0.011672869324684143
2026-08-23,0.0001781269966159016
2026-08-24,-0.009968736208975315
2026-08-25,-0.009559343568980694
2026-08-26,-0.0046949125826358795
2026-08-27,-0.0048912945203483105
2026-08-28,-0.0010245010489597917
2026-08-29,0.007203590124845505
2026-08-30,-0.0027516258414834738
2026-08-31,-0.00255770911462605
2026-09-01,0.004105088766664267
2026-09-02,0.00018011310021393
2026-09-03,-0.01122513972222805
2026-09-04,-0.015169969759881496
2026-09-05,0.003989747259765863
2026-09-06,0.018481768667697906
2026-09-07,0.0250950139015913
2026-09-08,0.031389858573675156
2026-09-09,0.026572419330477715
2026-09-10,0.013995823450386524
2026-09-11,0.01416914351284504
2026-09-12,0.009489879943430424
2026-09-13,0.024825526401400566
